Trade number,Type,Date and time,Signal,Price USD,Size (qty),Size (value),Net PnL USD,Return %,Commission USD,Favorable excursion USD,Favorable excursion %,Adverse excursion USD,Adverse excursion %,Cumulative PnL USD,Cumulative PnL %,Duration (bars)
1,Exit short,2023-08-31 08:30,MR_Short_Exit,4533.5,10,226762.5,87.5,0.04,0,87.5,0.04,-337.5,-0.15,87.5,0.01,1
1,Entry short,2023-08-31 08:00,MR_Short,4535.25,10,226762.5,87.5,0.04,0,87.5,0.04,-337.5,-0.15,87.5,0.01,1
2,Exit long,2023-08-31 16:30,Session Flatten,4517.75,10,226912.5,-1025,-0.45,0,75,0.03,-1262.5,-0.56,-937.5,-0.09,12
2,Entry long,2023-08-31 10:30,Sq_Long,4538.25,10,226912.5,-1025,-0.45,0,75,0.03,-1262.5,-0.56,-937.5,-0.09,12
3,Exit long,2023-08-31 19:30,MR_Long_Exit,4518.25,10,225825,87.5,0.04,0,87.5,0.04,-62.5,-0.03,-850,-0.08,2
3,Entry long,2023-08-31 18:30,MR_Long,4516.5,10,225825,87.5,0.04,0,87.5,0.04,-62.5,-0.03,-850,-0.08,2
4,Exit short,2023-09-01 04:00,MR_Short_Exit,4524.75,10,226337.5,100,0.04,0,100,0.04,-25,-0.01,-750,-0.07,0
4,Entry short,2023-09-01 04:00,MR_Short,4526.75,10,226337.5,100,0.04,0,100,0.04,-25,-0.01,-750,-0.07,0
5,Exit short,2023-09-01 05:30,MR_Short_Exit,4528.25,10,226512.5,100,0.04,0,100,0.04,-12.5,-0.01,-650,-0.06,0
5,Entry short,2023-09-01 05:30,MR_Short,4530.25,10,226512.5,100,0.04,0,100,0.04,-12.5,-0.01,-650,-0.06,0
6,Exit short,2023-09-01 08:30,MR_Short_Exit,4528,10,226500,100,0.04,0,100,0.04,-225,-0.10,-550,-0.05,4
6,Entry short,2023-09-01 06:30,MR_Short,4530,10,226500,100,0.04,0,100,0.04,-225,-0.10,-550,-0.05,4
7,Exit long,2023-09-01 12:00,MR_Long_Exit,4511.25,10,225462.5,100,0.04,0,100,0.04,-87.5,-0.04,-450,-0.04,0
7,Entry long,2023-09-01 12:00,MR_Long,4509.25,10,225462.5,100,0.04,0,100,0.04,-87.5,-0.04,-450,-0.04,0
8,Exit long,2023-09-01 13:30,MR_Long_Exit,4516,10,225700,100,0.04,0,100,0.04,-87.5,-0.04,-350,-0.03,0
8,Entry long,2023-09-01 13:30,MR_Long,4514,10,225700,100,0.04,0,100,0.04,-87.5,-0.04,-350,-0.03,0
9,Exit long,2023-09-01 14:30,MR_Long_Exit,4514,10,225600,100,0.04,0,100,0.04,-137.5,-0.06,-250,-0.02,0
9,Entry long,2023-09-01 14:30,MR_Long,4512,10,225600,100,0.04,0,100,0.04,-137.5,-0.06,-250,-0.02,0
10,Exit short,2023-09-04 07:00,MR_Short_Exit,4526.25,10,226425,112.5,0.05,0,112.5,0.05,-137.5,-0.06,-137.5,-0.01,7
10,Entry short,2023-09-04 03:30,MR_Short,4528.5,10,226425,112.5,0.05,0,112.5,0.05,-137.5,-0.06,-137.5,-0.01,7
11,Exit long,2023-09-04 18:00,MR_Long_Exit,4521.25,10,225962.5,100,0.04,0,100,0.04,-200,-0.09,-37.5,0.00,5
11,Entry long,2023-09-04 10:30,MR_Long,4519.25,10,225962.5,100,0.04,0,100,0.04,-200,-0.09,-37.5,0.00,5
12,Exit long,2023-09-04 21:30,MR_Long_Exit,4516.75,10,225750,87.5,0.04,0,87.5,0.04,-125,-0.06,50,0.01,2
12,Entry long,2023-09-04 20:30,MR_Long,4515,10,225750,87.5,0.04,0,87.5,0.04,-125,-0.06,50,0.01,2
13,Exit long,2023-09-05 00:30,MR_Long_Exit,4516.5,10,225725,100,0.04,0,100,0.04,-87.5,-0.04,150,0.02,5
13,Entry long,2023-09-04 22:00,MR_Long,4514.5,10,225725,100,0.04,0,100,0.04,-87.5,-0.04,150,0.02,5
14,Exit long,2023-09-05 05:00,MR_Long_Exit,4512,10,225487.5,112.5,0.05,0,112.5,0.05,-487.5,-0.22,262.5,0.03,3
14,Entry long,2023-09-05 03:30,MR_Long,4509.75,10,225487.5,112.5,0.05,0,112.5,0.05,-487.5,-0.22,262.5,0.03,3
15,Exit long,2023-09-05 22:00,MR_Long_Exit,4499,10,224850,100,0.04,0,100,0.04,-12.5,-0.01,362.5,0.04,0
15,Entry long,2023-09-05 22:00,MR_Long,4497,10,224850,100,0.04,0,100,0.04,-12.5,-0.01,362.5,0.04,0
16,Exit long,2023-09-06 03:30,MR_Long_Exit,4493.5,10,224562.5,112.5,0.05,0,112.5,0.05,-112.5,-0.05,475,0.05,0
16,Entry long,2023-09-06 03:30,MR_Long,4491.25,10,224562.5,112.5,0.05,0,112.5,0.05,-112.5,-0.05,475,0.05,0
17,Exit short,2023-09-06 08:30,Sq_Short_Exit,4488.75,10,224500,62.5,0.03,0,112.5,0.05,-300,-0.13,537.5,0.05,8
17,Entry short,2023-09-06 04:30,Sq_Short,4490,10,224500,62.5,0.03,0,112.5,0.05,-300,-0.13,537.5,0.05,8
18,Exit long,2023-09-06 10:30,Sq_Short,4470,10,223500,0,0.00,0,0,0.00,0,0.00,537.5,0.05,0
18,Entry long,2023-09-06 10:30,MR_Long,4470,10,223500,0,0.00,0,0,0.00,0,0.00,537.5,0.05,0
19,Exit short,2023-09-06 10:30,Sq_Short_Exit,4465.5,10,223500,225,0.10,0,275,0.12,-237.5,-0.11,762.5,0.08,0
19,Entry short,2023-09-06 10:30,Sq_Short,4470,10,223500,225,0.10,0,275,0.12,-237.5,-0.11,762.5,0.08,0
20,Exit long,2023-09-07 05:30,MR_Long_Exit,4463.75,10,223087.5,100,0.04,0,100,0.04,-462.5,-0.21,862.5,0.09,8
20,Entry long,2023-09-07 01:30,MR_Long,4461.75,10,223087.5,100,0.04,0,100,0.04,-462.5,-0.21,862.5,0.09,8
21,Exit long,2023-09-07 07:30,MR_Long_Exit,4454,10,222587.5,112.5,0.05,0,112.5,0.05,-37.5,-0.02,975,0.10,0
21,Entry long,2023-09-07 07:30,MR_Long,4451.75,10,222587.5,112.5,0.05,0,112.5,0.05,-37.5,-0.02,975,0.10,0
22,Exit short,2023-09-08 02:30,MR_Short_Exit,4463.25,10,223250,87.5,0.04,0,87.5,0.04,-50,-0.02,1062.5,0.11,0
22,Entry short,2023-09-08 02:30,MR_Short,4465,10,223250,87.5,0.04,0,87.5,0.04,-50,-0.02,1062.5,0.11,0
23,Exit long,2023-09-08 06:00,MR_Long_Exit,4450.75,10,222437.5,100,0.04,0,100,0.04,-287.5,-0.13,1162.5,0.12,2
23,Entry long,2023-09-08 05:00,MR_Long,4448.75,10,222437.5,100,0.04,0,100,0.04,-287.5,-0.13,1162.5,0.12,2
24,Exit long,2023-09-08 07:30,MR_Long_Exit,4448.75,10,222337.5,100,0.04,0,100,0.04,-100,-0.04,1262.5,0.13,0
24,Entry long,2023-09-08 07:30,MR_Long,4446.75,10,222337.5,100,0.04,0,100,0.04,-100,-0.04,1262.5,0.13,0
25,Exit short,2023-09-08 12:30,MR_Short_Exit,4462.75,10,223225,87.5,0.04,0,87.5,0.04,-650,-0.29,1350,0.14,5
25,Entry short,2023-09-08 10:00,MR_Short,4464.5,10,223225,87.5,0.04,0,87.5,0.04,-650,-0.29,1350,0.14,5
26,Exit long,2023-09-11 01:30,MR_Short,4473,10,223650,0,0.00,0,0,0.00,0,0.00,1350,0.14,0
26,Entry long,2023-09-11 01:30,Sq_Long,4473,10,223650,0,0.00,0,0,0.00,0,0.00,1350,0.14,0
27,Exit long,2023-09-11 02:00,Sq_Long_Exit,4474.25,10,223650,62.5,0.03,0,112.5,0.05,-75,-0.03,1412.5,0.14,1
27,Entry long,2023-09-11 01:30,Sq_Long,4473,10,223650,62.5,0.03,0,112.5,0.05,-75,-0.03,1412.5,0.14,1
28,Exit short,2023-09-11 06:00,MR_Short_Exit,4476.5,10,223925,100,0.04,0,100,0.04,-87.5,-0.04,1512.5,0.15,1
28,Entry short,2023-09-11 05:30,MR_Short,4478.5,10,223925,100,0.04,0,100,0.04,-87.5,-0.04,1512.5,0.15,1
29,Exit short,2023-09-11 07:00,MR_Short_Exit,4478.5,10,224025,100,0.04,0,100,0.04,-87.5,-0.04,1612.5,0.16,0
29,Entry short,2023-09-11 07:00,MR_Short,4480.5,10,224025,100,0.04,0,100,0.04,-87.5,-0.04,1612.5,0.16,0
30,Exit short,2023-09-11 08:30,MR_Short_Exit,4482.25,10,224200,87.5,0.04,0,87.5,0.04,0,0.00,1700,0.17,0
30,Entry short,2023-09-11 08:30,MR_Short,4484,10,224200,87.5,0.04,0,87.5,0.04,0,0.00,1700,0.17,0
31,Exit short,2023-09-11 20:00,MR_Short_Exit,4534,10,226812.5,112.5,0.05,0,112.5,0.05,-25,-0.01,1812.5,0.18,3
31,Entry short,2023-09-11 18:30,MR_Short,4536.25,10,226812.5,112.5,0.05,0,112.5,0.05,-25,-0.01,1812.5,0.18,3
32,Exit long,2023-09-12 10:30,MR_Long_Exit,4522,10,226000,100,0.04,0,100,0.04,0,0.00,1912.5,0.19,0
32,Entry long,2023-09-12 10:30,MR_Long,4520,10,226000,100,0.04,0,100,0.04,0,0.00,1912.5,0.19,0
33,Exit short,2023-09-12 14:30,Sq_Short_Exit,4513.75,10,225800,112.5,0.05,0,162.5,0.07,-1175,-0.52,2025,0.20,7
33,Entry short,2023-09-12 11:00,Sq_Short,4516,10,225800,112.5,0.05,0,162.5,0.07,-1175,-0.52,2025,0.20,7
34,Exit long,2023-09-12 15:00,Sq_Short,4514.25,10,225712.5,0,0.00,0,0,0.00,0,0.00,2025,0.20,0
34,Entry long,2023-09-12 15:00,MR_Long,4514.25,10,225712.5,0,0.00,0,0,0.00,0,0.00,2025,0.20,0
35,Exit short,2023-09-12 15:00,Sq_Short_Exit,4508,10,225712.5,312.5,0.14,0,362.5,0.16,0,0.00,2337.5,0.23,0
35,Entry short,2023-09-12 15:00,Sq_Short,4514.25,10,225712.5,312.5,0.14,0,362.5,0.16,0,0.00,2337.5,0.23,0
36,Exit long,2023-09-12 22:00,MR_Long_Exit,4511.5,10,225487.5,87.5,0.04,0,87.5,0.04,0,0.00,2425,0.24,0
36,Entry long,2023-09-12 22:00,MR_Long,4509.75,10,225487.5,87.5,0.04,0,87.5,0.04,0,0.00,2425,0.24,0
37,Exit long,2023-09-13 11:30,MR_Short,4527.75,10,226387.5,0,0.00,0,0,0.00,0,0.00,2425,0.24,0
37,Entry long,2023-09-13 11:30,Sq_Long,4527.75,10,226387.5,0,0.00,0,0,0.00,0,0.00,2425,0.24,0
38,Exit long,2023-09-13 13:30,Sq_Long_Exit,4529.25,10,226387.5,75,0.03,0,125,0.06,-487.5,-0.22,2500,0.25,4
38,Entry long,2023-09-13 11:30,Sq_Long,4527.75,10,226387.5,75,0.03,0,125,0.06,-487.5,-0.22,2500,0.25,4
39,Exit short,2023-09-14 00:30,MR_Short_Exit,4529.75,10,226587.5,100,0.04,0,100,0.04,-25,-0.01,2600,0.26,1
39,Entry short,2023-09-14 00:00,MR_Short,4531.75,10,226587.5,100,0.04,0,100,0.04,-25,-0.01,2600,0.26,1
40,Exit short,2023-09-14 02:00,MR_Short_Exit,4529.25,10,226575,112.5,0.05,0,112.5,0.05,-125,-0.06,2712.5,0.27,1
40,Entry short,2023-09-14 01:30,MR_Short,4531.5,10,226575,112.5,0.05,0,112.5,0.05,-125,-0.06,2712.5,0.27,1
41,Exit short,2023-09-14 09:30,MR_Short_Exit,4540,10,227100,100,0.04,0,100,0.04,-137.5,-0.06,2812.5,0.28,0
41,Entry short,2023-09-14 09:30,MR_Short,4542,10,227100,100,0.04,0,100,0.04,-137.5,-0.06,2812.5,0.28,0
42,Exit long,2023-09-14 11:00,MR_Short,4546,10,227300,0,0.00,0,0,0.00,0,0.00,2812.5,0.28,0
42,Entry long,2023-09-14 11:00,Sq_Long,4546,10,227300,0,0.00,0,0,0.00,0,0.00,2812.5,0.28,0
43,Exit long,2023-09-14 11:00,Sq_Long_Exit,4550.75,10,227300,237.5,0.10,0,287.5,0.13,-12.5,-0.01,3050,0.31,0
43,Entry long,2023-09-14 11:00,Sq_Long,4546,10,227300,237.5,0.10,0,287.5,0.13,-12.5,-0.01,3050,0.31,0
44,Exit short,2023-09-14 15:00,MR_Short_Exit,4555.25,10,227862.5,100,0.04,0,100,0.04,0,0.00,3150,0.32,0
44,Entry short,2023-09-14 15:00,MR_Short,4557.25,10,227862.5,100,0.04,0,100,0.04,0,0.00,3150,0.32,0
45,Exit long,2023-09-15 09:00,Sq_Short,4547.75,10,227387.5,0,0.00,0,0,0.00,0,0.00,3150,0.32,0
45,Entry long,2023-09-15 09:00,MR_Long,4547.75,10,227387.5,0,0.00,0,0,0.00,0,0.00,3150,0.32,0
46,Exit short,2023-09-15 09:00,Sq_Short_Exit,4535,10,227387.5,637.5,0.28,0,687.5,0.30,-137.5,-0.06,3787.5,0.38,0
46,Entry short,2023-09-15 09:00,Sq_Short,4547.75,10,227387.5,637.5,0.28,0,687.5,0.30,-137.5,-0.06,3787.5,0.38,0
47,Exit long,2023-09-18 08:00,Sq_Short,4490,10,224500,0,0.00,0,0,0.00,0,0.00,3787.5,0.38,0
47,Entry long,2023-09-18 08:00,MR_Long,4490,10,224500,0,0.00,0,0,0.00,0,0.00,3787.5,0.38,0
48,Exit short,2023-09-18 16:30,Session Flatten,4503.75,10,224500,-687.5,-0.31,0,87.5,0.04,-1225,-0.55,3100,0.31,17
48,Entry short,2023-09-18 08:00,Sq_Short,4490,10,224500,-687.5,-0.31,0,87.5,0.04,-1225,-0.55,3100,0.31,17
49,Exit long,2023-09-19 02:30,MR_Long_Exit,4498.5,10,224825,100,0.04,0,100,0.04,-25,-0.01,3200,0.32,0
49,Entry long,2023-09-19 02:30,MR_Long,4496.5,10,224825,100,0.04,0,100,0.04,-25,-0.01,3200,0.32,0
50,Exit short,2023-09-19 05:30,MR_Short_Exit,4507.25,10,225462.5,100,0.04,0,100,0.04,0,0.00,3300,0.33,0
50,Entry short,2023-09-19 05:30,MR_Short,4509.25,10,225462.5,100,0.04,0,100,0.04,0,0.00,3300,0.33,0
51,Exit short,2023-09-19 07:30,MR_Short_Exit,4505.75,10,225387.5,100,0.04,0,100,0.04,0,0.00,3400,0.34,0
51,Entry short,2023-09-19 07:30,MR_Short,4507.75,10,225387.5,100,0.04,0,100,0.04,0,0.00,3400,0.34,0
52,Exit long,2023-09-19 16:30,Session Flatten,4491.5,10,224825,-250,-0.11,0,50,0.02,-1712.5,-0.76,3150,0.32,15
52,Entry long,2023-09-19 09:00,MR_Long,4496.5,10,224825,-250,-0.11,0,50,0.02,-1712.5,-0.76,3150,0.32,15
53,Exit short,2023-09-19 20:00,MR_Short_Exit,4489.75,10,224587.5,100,0.04,0,100,0.04,-62.5,-0.03,3250,0.33,1
53,Entry short,2023-09-19 19:30,MR_Short,4491.75,10,224587.5,100,0.04,0,100,0.04,-62.5,-0.03,3250,0.33,1
54,Exit long,2023-09-20 05:00,MR_Short,4497.25,10,224862.5,0,0.00,0,0,0.00,0,0.00,3250,0.33,0
54,Entry long,2023-09-20 05:00,Sq_Long,4497.25,10,224862.5,0,0.00,0,0,0.00,0,0.00,3250,0.33,0
55,Exit long,2023-09-20 06:00,Sq_Long_Exit,4498.75,10,224862.5,75,0.03,0,125,0.06,-112.5,-0.05,3325,0.33,2
55,Entry long,2023-09-20 05:00,Sq_Long,4497.25,10,224862.5,75,0.03,0,125,0.06,-112.5,-0.05,3325,0.33,2
56,Exit long,2023-09-20 14:30,MR_Long_Exit,4490.25,10,224425,87.5,0.04,0,87.5,0.04,-575,-0.26,3412.5,0.34,0
56,Entry long,2023-09-20 14:30,MR_Long,4488.5,10,224425,87.5,0.04,0,87.5,0.04,-575,-0.26,3412.5,0.34,0
57,Exit short,2023-09-20 15:00,Sq_Short_Exit,4465.75,10,224025,737.5,0.33,0,787.5,0.35,-225,-0.10,4150,0.42,0
57,Entry short,2023-09-20 15:00,Sq_Short,4480.5,10,224025,737.5,0.33,0,787.5,0.35,-225,-0.10,4150,0.42,0
58,Exit long,2023-09-21 15:00,MR_Long_Exit,4383.25,10,221212.5,-2050,-0.93,0,12.5,0.01,-2050,-0.93,2100,0.21,18
58,Entry long,2023-09-21 06:00,MR_Long,4424.25,10,221212.5,-2050,-0.93,0,12.5,0.01,-2050,-0.93,2100,0.21,18
59,Exit long,2023-09-21 15:30,MR_Long_Exit,4381.75,10,218987.5,100,0.05,0,100,0.05,0,0.00,2200,0.22,0
59,Entry long,2023-09-21 15:30,MR_Long,4379.75,10,218987.5,100,0.05,0,100,0.05,0,0.00,2200,0.22,0
60,Exit short,2023-09-22 02:30,MR_Short_Exit,4381,10,219137.5,87.5,0.04,0,87.5,0.04,-12.5,-0.01,2287.5,0.23,0
60,Entry short,2023-09-22 02:30,MR_Short,4382.75,10,219137.5,87.5,0.04,0,87.5,0.04,-12.5,-0.01,2287.5,0.23,0
61,Exit short,2023-09-22 08:30,MR_Short_Exit,4387.5,10,219475,100,0.05,0,100,0.05,-50,-0.02,2387.5,0.24,0
61,Entry short,2023-09-22 08:30,MR_Short,4389.5,10,219475,100,0.05,0,100,0.05,-50,-0.02,2387.5,0.24,0
62,Exit short,2023-09-22 11:00,MR_Short_Exit,4392.25,10,219712.5,100,0.05,0,100,0.05,-137.5,-0.06,2487.5,0.25,0
62,Entry short,2023-09-22 11:00,MR_Short,4394.25,10,219712.5,100,0.05,0,100,0.05,-137.5,-0.06,2487.5,0.25,0
63,Exit long,2023-09-22 11:30,Sq_Long_Exit,4398,10,219837.5,62.5,0.03,0,112.5,0.05,0,0.00,2550,0.26,0
63,Entry long,2023-09-22 11:30,Sq_Long,4396.75,10,219837.5,62.5,0.03,0,112.5,0.05,0,0.00,2550,0.26,0
64,Exit long,2023-09-22 14:30,MR_Long_Exit,4369.25,10,218362.5,100,0.05,0,100,0.05,0,0.00,2650,0.27,0
64,Entry long,2023-09-22 14:30,MR_Long,4367.25,10,218362.5,100,0.05,0,100,0.05,0,0.00,2650,0.27,0
65,Exit long,2023-09-22 16:00,MR_Long_Exit,4363.25,10,218075,87.5,0.04,0,87.5,0.04,-37.5,-0.02,2737.5,0.27,0
65,Entry long,2023-09-22 16:00,MR_Long,4361.5,10,218075,87.5,0.04,0,87.5,0.04,-37.5,-0.02,2737.5,0.27,0
66,Exit long,2023-09-24 20:30,MR_Long_Exit,4365,10,218150,100,0.05,0,100,0.05,-25,-0.01,2837.5,0.28,0
66,Entry long,2023-09-24 20:30,MR_Long,4363,10,218150,100,0.05,0,100,0.05,-25,-0.01,2837.5,0.28,0
67,Exit short,2023-09-25 03:30,MR_Short_Exit,4376,10,218887.5,87.5,0.04,0,87.5,0.04,-87.5,-0.04,2925,0.29,0
67,Entry short,2023-09-25 03:30,MR_Short,4377.75,10,218887.5,87.5,0.04,0,87.5,0.04,-87.5,-0.04,2925,0.29,0
68,Exit long,2023-09-25 05:00,Sq_Short,4354,10,217700,0,0.00,0,0,0.00,0,0.00,2925,0.29,0
68,Entry long,2023-09-25 05:00,MR_Long,4354,10,217700,0,0.00,0,0,0.00,0,0.00,2925,0.29,0
69,Exit short,2023-09-25 07:30,Sq_Short_Exit,4348.5,10,217700,275,0.13,0,325,0.15,-437.5,-0.20,3200,0.32,5
69,Entry short,2023-09-25 05:00,Sq_Short,4354,10,217700,275,0.13,0,325,0.15,-437.5,-0.20,3200,0.32,5
70,Exit long,2023-09-25 08:00,MR_Long_Exit,4351,10,217450,100,0.05,0,100,0.05,0,0.00,3300,0.33,0
70,Entry long,2023-09-25 08:00,MR_Long,4349,10,217450,100,0.05,0,100,0.05,0,0.00,3300,0.33,0
71,Exit short,2023-09-25 12:30,MR_Short_Exit,4373.75,10,218800,112.5,0.05,0,112.5,0.05,-25,-0.01,3412.5,0.34,0
71,Entry short,2023-09-25 12:30,MR_Short,4376,10,218800,112.5,0.05,0,112.5,0.05,-25,-0.01,3412.5,0.34,0
72,Exit short,2023-09-25 16:30,Session Flatten,4381.75,10,218975,-112.5,-0.05,0,37.5,0.02,-150,-0.07,3300,0.33,1
72,Entry short,2023-09-25 16:00,MR_Short,4379.5,10,218975,-112.5,-0.05,0,37.5,0.02,-150,-0.07,3300,0.33,1
73,Exit long,2023-09-25 23:00,MR_Long_Exit,4363,10,218050,100,0.05,0,100,0.05,-150,-0.07,3400,0.34,2
73,Entry long,2023-09-25 22:00,MR_Long,4361,10,218050,100,0.05,0,100,0.05,-150,-0.07,3400,0.34,2
74,Exit long,2023-09-26 04:00,MR_Long_Exit,4358,10,217787.5,112.5,0.05,0,112.5,0.05,-600,-0.28,3512.5,0.35,3
74,Entry long,2023-09-26 02:30,MR_Long,4355.75,10,217787.5,112.5,0.05,0,112.5,0.05,-600,-0.28,3512.5,0.35,3
75,Exit long,2023-09-26 09:30,Sq_Short,4346.5,10,217325,0,0.00,0,0,0.00,0,0.00,3512.5,0.35,0
75,Entry long,2023-09-26 09:30,MR_Long,4346.5,10,217325,0,0.00,0,0,0.00,0,0.00,3512.5,0.35,0
76,Exit short,2023-09-26 09:30,Sq_Short_Exit,4342,10,217325,225,0.10,0,275,0.13,0,0.00,3737.5,0.37,0
76,Entry short,2023-09-26 09:30,Sq_Short,4346.5,10,217325,225,0.10,0,275,0.13,0,0.00,3737.5,0.37,0
77,Exit short,2023-09-27 02:00,MR_Short_Exit,4327.25,10,216475,112.5,0.05,0,112.5,0.05,-12.5,-0.01,3850,0.39,0
77,Entry short,2023-09-27 02:00,MR_Short,4329.5,10,216475,112.5,0.05,0,112.5,0.05,-12.5,-0.01,3850,0.39,0
78,Exit short,2023-09-27 03:30,MR_Short_Exit,4330.5,10,216612.5,87.5,0.04,0,87.5,0.04,0,0.00,3937.5,0.39,0
78,Entry short,2023-09-27 03:30,MR_Short,4332.25,10,216612.5,87.5,0.04,0,87.5,0.04,0,0.00,3937.5,0.39,0
79,Exit long,2023-09-27 12:00,Sq_Long_Exit,4294.25,10,216762.5,-2050,-0.95,0,62.5,0.03,-2050,-0.95,1887.5,0.19,16
79,Entry long,2023-09-27 04:00,Sq_Long,4335.25,10,216762.5,-2050,-0.95,0,62.5,0.03,-2050,-0.95,1887.5,0.19,16
80,Exit long,2023-09-27 12:30,MR_Long_Exit,4298.75,10,214837.5,100,0.05,0,100,0.05,-125,-0.06,1987.5,0.20,0
80,Entry long,2023-09-27 12:30,MR_Long,4296.75,10,214837.5,100,0.05,0,100,0.05,-125,-0.06,1987.5,0.20,0
81,Exit short,2023-09-27 21:30,MR_Short_Exit,4322.75,10,216237.5,100,0.05,0,100,0.05,-37.5,-0.02,2087.5,0.21,1
81,Entry short,2023-09-27 21:00,MR_Short,4324.75,10,216237.5,100,0.05,0,100,0.05,-37.5,-0.02,2087.5,0.21,1
82,Exit long,2023-09-28 05:30,MR_Long_Exit,4307.5,10,215262.5,112.5,0.05,0,112.5,0.05,-87.5,-0.04,2200,0.22,0
82,Entry long,2023-09-28 05:30,MR_Long,4305.25,10,215262.5,112.5,0.05,0,112.5,0.05,-87.5,-0.04,2200,0.22,0
83,Exit short,2023-09-28 13:30,MR_Short_Exit,4333.75,10,216787.5,100,0.05,0,100,0.05,-987.5,-0.46,2300,0.23,4
83,Entry short,2023-09-28 11:30,MR_Short,4335.75,10,216787.5,100,0.05,0,100,0.05,-987.5,-0.46,2300,0.23,4
84,Exit short,2023-09-28 14:30,MR_Short_Exit,4339.75,10,217087.5,100,0.05,0,100,0.05,-25,-0.01,2400,0.24,0
84,Entry short,2023-09-28 14:30,MR_Short,4341.75,10,217087.5,100,0.05,0,100,0.05,-25,-0.01,2400,0.24,0
85,Exit short,2023-09-28 15:30,MR_Short_Exit,4348.25,10,217512.5,100,0.05,0,100,0.05,-25,-0.01,2500,0.25,0
85,Entry short,2023-09-28 15:30,MR_Short,4350.25,10,217512.5,100,0.05,0,100,0.05,-25,-0.01,2500,0.25,0
86,Exit long,2023-09-29 03:30,MR_Short,4353,10,217650,0,0.00,0,0,0.00,0,0.00,2500,0.25,0
86,Entry long,2023-09-29 03:30,Sq_Long,4353,10,217650,0,0.00,0,0,0.00,0,0.00,2500,0.25,0
87,Exit long,2023-09-29 03:30,Sq_Long_Exit,4356,10,217650,150,0.07,0,200,0.09,-62.5,-0.03,2650,0.27,0
87,Entry long,2023-09-29 03:30,Sq_Long,4353,10,217650,150,0.07,0,200,0.09,-62.5,-0.03,2650,0.27,0
88,Exit short,2023-09-29 08:30,MR_Short_Exit,4358.5,10,217962.5,37.5,0.02,0,37.5,0.02,0,0.00,2687.5,0.27,0
88,Entry short,2023-09-29 08:30,MR_Short,4359.25,10,217962.5,37.5,0.02,0,37.5,0.02,0,0.00,2687.5,0.27,0
89,Exit long,2023-09-29 13:00,Sq_Short,4334.25,10,216712.5,0,0.00,0,0,0.00,0,0.00,2687.5,0.27,0
89,Entry long,2023-09-29 13:00,MR_Long,4334.25,10,216712.5,0,0.00,0,0,0.00,0,0.00,2687.5,0.27,0
90,Exit short,2023-09-29 13:00,Sq_Short_Exit,4317.5,10,216712.5,837.5,0.39,0,887.5,0.41,0,0.00,3525,0.35,0
90,Entry short,2023-09-29 13:00,Sq_Short,4334.25,10,216712.5,837.5,0.39,0,887.5,0.41,0,0.00,3525,0.35,0
91,Exit long,2023-09-29 15:30,MR_Long_Exit,4330,10,216400,100,0.05,0,100,0.05,-425,-0.20,3625,0.36,0
91,Entry long,2023-09-29 15:30,MR_Long,4328,10,216400,100,0.05,0,100,0.05,-425,-0.20,3625,0.36,0
92,Exit short,2023-10-01 23:30,MR_Short_Exit,4349.25,10,217575,112.5,0.05,0,112.5,0.05,-87.5,-0.04,3737.5,0.37,2
92,Entry short,2023-10-01 22:30,MR_Short,4351.5,10,217575,112.5,0.05,0,112.5,0.05,-87.5,-0.04,3737.5,0.37,2
93,Exit long,2023-10-02 10:00,MR_Long_Exit,4330.5,10,216425,100,0.05,0,100,0.05,-962.5,-0.44,3837.5,0.38,8
93,Entry long,2023-10-02 06:00,MR_Long,4328.5,10,216425,100,0.05,0,100,0.05,-962.5,-0.44,3837.5,0.38,8
94,Exit long,2023-10-02 12:00,MR_Long_Exit,4311,10,215450,100,0.05,0,100,0.05,0,0.00,3937.5,0.39,0
94,Entry long,2023-10-02 12:00,MR_Long,4309,10,215450,100,0.05,0,100,0.05,0,0.00,3937.5,0.39,0
95,Exit long,2023-10-02 14:30,MR_Long_Exit,4302,10,215012.5,87.5,0.04,0,87.5,0.04,-200,-0.09,4025,0.40,0
95,Entry long,2023-10-02 14:30,MR_Long,4300.25,10,215012.5,87.5,0.04,0,87.5,0.04,-200,-0.09,4025,0.40,0
96,Exit short,2023-10-03 04:30,MR_Short_Exit,4331.5,10,216675,100,0.05,0,100,0.05,-75,-0.03,4125,0.41,0
96,Entry short,2023-10-03 04:30,MR_Short,4333.5,10,216675,100,0.05,0,100,0.05,-75,-0.03,4125,0.41,0
97,Exit long,2023-10-03 07:30,Sq_Short,4309,10,215450,0,0.00,0,0,0.00,0,0.00,4125,0.41,0
97,Entry long,2023-10-03 07:30,MR_Long,4309,10,215450,0,0.00,0,0,0.00,0,0.00,4125,0.41,0
98,Exit short,2023-10-03 07:30,Sq_Short_Exit,4302,10,215450,350,0.16,0,400,0.19,-125,-0.06,4475,0.45,0
98,Entry short,2023-10-03 07:30,Sq_Short,4309,10,215450,350,0.16,0,400,0.19,-125,-0.06,4475,0.45,0
99,Exit long,2023-10-03 10:30,MR_Long_Exit,4277,10,213762.5,87.5,0.04,0,87.5,0.04,0,0.00,4562.5,0.46,0
99,Entry long,2023-10-03 10:30,MR_Long,4275.25,10,213762.5,87.5,0.04,0,87.5,0.04,0,0.00,4562.5,0.46,0
100,Exit long,2023-10-04 02:30,MR_Long_Exit,4242,10,212000,100,0.05,0,100,0.05,0,0.00,4662.5,0.47,0
100,Entry long,2023-10-04 02:30,MR_Long,4240,10,212000,100,0.05,0,100,0.05,0,0.00,4662.5,0.47,0
101,Exit short,2023-10-04 06:30,MR_Short_Exit,4264,10,213287.5,87.5,0.04,0,87.5,0.04,-37.5,-0.02,4750,0.48,0
101,Entry short,2023-10-04 06:30,MR_Short,4265.75,10,213287.5,87.5,0.04,0,87.5,0.04,-37.5,-0.02,4750,0.48,0
102,Exit short,2023-10-04 10:00,MR_Short_Exit,4267,10,213437.5,87.5,0.04,0,87.5,0.04,-712.5,-0.33,4837.5,0.48,5
102,Entry short,2023-10-04 07:30,MR_Short,4268.75,10,213437.5,87.5,0.04,0,87.5,0.04,-712.5,-0.33,4837.5,0.48,5
103,Exit short,2023-10-04 12:00,MR_Short_Exit,4286.75,10,214425,87.5,0.04,0,87.5,0.04,-137.5,-0.06,4925,0.49,0
103,Entry short,2023-10-04 12:00,MR_Short,4288.5,10,214425,87.5,0.04,0,87.5,0.04,-137.5,-0.06,4925,0.49,0
104,Exit short,2023-10-04 15:30,MR_Short_Exit,4291.75,10,214687.5,100,0.05,0,100,0.05,0,0.00,5025,0.50,0
104,Entry short,2023-10-04 15:30,MR_Short,4293.75,10,214687.5,100,0.05,0,100,0.05,0,0.00,5025,0.50,0
105,Exit long,2023-10-05 03:30,MR_Long_Exit,4286,10,214187.5,112.5,0.05,0,112.5,0.05,-75,-0.04,5137.5,0.51,0
105,Entry long,2023-10-05 03:30,MR_Long,4283.75,10,214187.5,112.5,0.05,0,112.5,0.05,-75,-0.04,5137.5,0.51,0
106,Exit long,2023-10-05 06:00,MR_Long_Exit,4285,10,214137.5,112.5,0.05,0,112.5,0.05,-287.5,-0.13,5250,0.53,2
106,Entry long,2023-10-05 05:00,MR_Long,4282.75,10,214137.5,112.5,0.05,0,112.5,0.05,-287.5,-0.13,5250,0.53,2
107,Exit long,2023-10-05 11:00,Sq_Short,4266,10,213300,0,0.00,0,0,0.00,0,0.00,5250,0.53,0
107,Entry long,2023-10-05 11:00,MR_Long,4266,10,213300,0,0.00,0,0,0.00,0,0.00,5250,0.53,0
108,Exit short,2023-10-05 11:00,Sq_Short_Exit,4258.75,10,213300,362.5,0.17,0,412.5,0.19,-225,-0.11,5612.5,0.56,0
108,Entry short,2023-10-05 11:00,Sq_Short,4266,10,213300,362.5,0.17,0,412.5,0.19,-225,-0.11,5612.5,0.56,0
109,Exit long,2023-10-06 06:30,MR_Short,4303.5,10,215175,0,0.00,0,0,0.00,0,0.00,5612.5,0.56,0
109,Entry long,2023-10-06 06:30,Sq_Long,4303.5,10,215175,0,0.00,0,0,0.00,0,0.00,5612.5,0.56,0
110,Exit long,2023-10-06 08:30,Sq_Long_Exit,4262.25,10,215175,-2062.5,-0.96,0,87.5,0.04,-2062.5,-0.96,3550,0.36,4
110,Entry long,2023-10-06 06:30,Sq_Long,4303.5,10,215175,-2062.5,-0.96,0,87.5,0.04,-2062.5,-0.96,3550,0.36,4
111,Exit long,2023-10-06 09:00,MR_Long_Exit,4252.5,10,212512.5,112.5,0.05,0,112.5,0.05,-162.5,-0.08,3662.5,0.37,0
111,Entry long,2023-10-06 09:00,MR_Long,4250.25,10,212512.5,112.5,0.05,0,112.5,0.05,-162.5,-0.08,3662.5,0.37,0
112,Exit short,2023-10-06 12:00,MR_Short_Exit,4333.5,10,216775,100,0.05,0,100,0.05,-200,-0.09,3762.5,0.38,0
112,Entry short,2023-10-06 12:00,MR_Short,4335.5,10,216775,100,0.05,0,100,0.05,-200,-0.09,3762.5,0.38,0
113,Exit long,2023-10-08 22:00,MR_Long_Exit,4311.75,10,215475,112.5,0.05,0,112.5,0.05,-150,-0.07,3875,0.39,1
113,Entry long,2023-10-08 21:30,MR_Long,4309.5,10,215475,112.5,0.05,0,112.5,0.05,-150,-0.07,3875,0.39,1
114,Exit long,2023-10-09 10:00,MR_Short,4334.75,10,216737.5,0,0.00,0,0,0.00,0,0.00,3875,0.39,0
114,Entry long,2023-10-09 10:00,Sq_Long,4334.75,10,216737.5,0,0.00,0,0,0.00,0,0.00,3875,0.39,0
115,Exit long,2023-10-09 10:00,Sq_Long_Exit,4336.75,10,216737.5,100,0.05,0,150,0.07,0,0.00,3975,0.40,0
115,Entry long,2023-10-09 10:00,Sq_Long,4334.75,10,216737.5,100,0.05,0,150,0.07,0,0.00,3975,0.40,0
116,Exit short,2023-10-09 11:30,MR_Short_Exit,4331,10,216650,100,0.05,0,100,0.05,0,0.00,4075,0.41,0
116,Entry short,2023-10-09 11:30,MR_Short,4333,10,216650,100,0.05,0,100,0.05,0,0.00,4075,0.41,0
117,Exit long,2023-10-10 10:30,MR_Short,4396.75,10,219837.5,0,0.00,0,0,0.00,0,0.00,4075,0.41,0
117,Entry long,2023-10-10 10:30,Sq_Long,4396.75,10,219837.5,0,0.00,0,0,0.00,0,0.00,4075,0.41,0
118,Exit long,2023-10-10 10:30,Sq_Long_Exit,4402.75,10,219837.5,300,0.14,0,350,0.16,-75,-0.03,4375,0.44,0
118,Entry long,2023-10-10 10:30,Sq_Long,4396.75,10,219837.5,300,0.14,0,350,0.16,-75,-0.03,4375,0.44,0
119,Exit short,2023-10-11 08:30,MR_Short_Exit,4400,10,220100,100,0.05,0,100,0.05,-650,-0.30,4475,0.45,3
119,Entry short,2023-10-11 07:00,MR_Short,4402,10,220100,100,0.05,0,100,0.05,-650,-0.30,4475,0.45,3
120,Exit long,2023-10-11 12:30,Sq_Short,4384.5,10,219225,0,0.00,0,0,0.00,0,0.00,4475,0.45,0
120,Entry long,2023-10-11 12:30,MR_Long,4384.5,10,219225,0,0.00,0,0,0.00,0,0.00,4475,0.45,0
121,Exit short,2023-10-11 12:30,Sq_Short_Exit,4382,10,219225,125,0.06,0,175,0.08,0,0.00,4600,0.46,0
121,Entry short,2023-10-11 12:30,Sq_Short,4384.5,10,219225,125,0.06,0,175,0.08,0,0.00,4600,0.46,0
122,Exit long,2023-10-11 13:30,MR_Long_Exit,4384.5,10,219137.5,87.5,0.04,0,87.5,0.04,0,0.00,4687.5,0.47,0
122,Entry long,2023-10-11 13:30,MR_Long,4382.75,10,219137.5,87.5,0.04,0,87.5,0.04,0,0.00,4687.5,0.47,0
123,Exit short,2023-10-12 08:30,MR_Short_Exit,4414.25,10,220812.5,100,0.05,0,100,0.05,-712.5,-0.32,4787.5,0.48,28
123,Entry short,2023-10-11 18:30,MR_Short,4416.25,10,220812.5,100,0.05,0,100,0.05,-712.5,-0.32,4787.5,0.48,28
124,Exit long,2023-10-12 12:00,MR_Long_Exit,4416.5,10,220725,100,0.05,0,100,0.05,-1062.5,-0.48,4887.5,0.49,6
124,Entry long,2023-10-12 09:00,MR_Long,4414.5,10,220725,100,0.05,0,100,0.05,-1062.5,-0.48,4887.5,0.49,6
125,Exit long,2023-10-12 13:30,MR_Long_Exit,4379.75,10,218875,112.5,0.05,0,112.5,0.05,0,0.00,5000,0.50,0
125,Entry long,2023-10-12 13:30,MR_Long,4377.5,10,218875,112.5,0.05,0,112.5,0.05,0,0.00,5000,0.50,0
126,Exit long,2023-10-13 07:00,MR_Long_Exit,4377.5,10,218775,100,0.05,0,100,0.05,-525,-0.24,5100,0.51,3
126,Entry long,2023-10-13 05:30,MR_Long,4375.5,10,218775,100,0.05,0,100,0.05,-525,-0.24,5100,0.51,3
127,Exit short,2023-10-13 10:00,MR_Short_Exit,4392.25,10,219725,112.5,0.05,0,112.5,0.05,-662.5,-0.30,5212.5,0.52,2
127,Entry short,2023-10-13 09:00,MR_Short,4394.5,10,219725,112.5,0.05,0,112.5,0.05,-662.5,-0.30,5212.5,0.52,2
128,Exit long,2023-10-13 11:30,MR_Long_Exit,4366,10,218200,100,0.05,0,100,0.05,0,0.00,5312.5,0.53,0
128,Entry long,2023-10-13 11:30,MR_Long,4364,10,218200,100,0.05,0,100,0.05,0,0.00,5312.5,0.53,0
129,Exit long,2023-10-13 13:30,MR_Long_Exit,4346,10,217212.5,87.5,0.04,0,87.5,0.04,-162.5,-0.07,5400,0.54,0
129,Entry long,2023-10-13 13:30,MR_Long,4344.25,10,217212.5,87.5,0.04,0,87.5,0.04,-162.5,-0.07,5400,0.54,0
130,Exit short,2023-10-16 09:00,MR_Short_Exit,4378.5,10,219037.5,112.5,0.05,0,112.5,0.05,0,0.00,5512.5,0.55,0
130,Entry short,2023-10-16 09:00,MR_Short,4380.75,10,219037.5,112.5,0.05,0,112.5,0.05,0,0.00,5512.5,0.55,0
131,Exit long,2023-10-16 10:30,Sq_Long_Exit,4411.5,10,219262.5,1312.5,0.60,0,1362.5,0.62,-262.5,-0.12,6825,0.68,1
131,Entry long,2023-10-16 10:00,Sq_Long,4385.25,10,219262.5,1312.5,0.60,0,1362.5,0.62,-262.5,-0.12,6825,0.68,1
132,Exit long,2023-10-17 09:00,Sq_Short,4377.5,10,218875,0,0.00,0,0,0.00,0,0.00,6825,0.68,0
132,Entry long,2023-10-17 09:00,MR_Long,4377.5,10,218875,0,0.00,0,0,0.00,0,0.00,6825,0.68,0
133,Exit short,2023-10-17 09:30,Sq_Short_Exit,4369.5,10,218875,400,0.18,0,450,0.21,-50,-0.02,7225,0.72,1
133,Entry short,2023-10-17 09:00,Sq_Short,4377.5,10,218875,400,0.18,0,450,0.21,-50,-0.02,7225,0.72,1
134,Exit short,2023-10-17 12:30,MR_Short_Exit,4412.5,10,220725,100,0.05,0,100,0.05,-437.5,-0.20,7325,0.73,1
134,Entry short,2023-10-17 12:00,MR_Short,4414.5,10,220725,100,0.05,0,100,0.05,-437.5,-0.20,7325,0.73,1
135,Exit long,2023-10-18 07:00,MR_Long_Exit,4384.25,10,219100,112.5,0.05,0,112.5,0.05,-175,-0.08,7437.5,0.74,1
135,Entry long,2023-10-18 06:30,MR_Long,4382,10,219100,112.5,0.05,0,112.5,0.05,-175,-0.08,7437.5,0.74,1
136,Exit long,2023-10-18 09:00,MR_Long_Exit,4380.75,10,218937.5,100,0.05,0,100,0.05,-62.5,-0.03,7537.5,0.75,0
136,Entry long,2023-10-18 09:00,MR_Long,4378.75,10,218937.5,100,0.05,0,100,0.05,-62.5,-0.03,7537.5,0.75,0
137,Exit long,2023-10-18 11:00,MR_Long_Exit,4367.75,10,218300,87.5,0.04,0,87.5,0.04,-162.5,-0.07,7625,0.76,0
137,Entry long,2023-10-18 11:00,MR_Long,4366,10,218300,87.5,0.04,0,87.5,0.04,-162.5,-0.07,7625,0.76,0
138,Exit long,2023-10-18 16:30,Session Flatten,4348.75,10,217600,-162.5,-0.07,0,12.5,0.01,-1050,-0.48,7462.5,0.75,3
138,Entry long,2023-10-18 15:00,MR_Long,4352,10,217600,-162.5,-0.07,0,12.5,0.01,-1050,-0.48,7462.5,0.75,3
139,Exit long,2023-10-19 01:00,MR_Long_Exit,4337,10,216737.5,112.5,0.05,0,112.5,0.05,-275,-0.13,7575,0.76,4
139,Entry long,2023-10-18 23:00,MR_Long,4334.75,10,216737.5,112.5,0.05,0,112.5,0.05,-275,-0.13,7575,0.76,4
140,Exit short,2023-10-19 07:00,MR_Short_Exit,4344.5,10,217337.5,112.5,0.05,0,112.5,0.05,-37.5,-0.02,7687.5,0.77,0
140,Entry short,2023-10-19 07:00,MR_Short,4346.75,10,217337.5,112.5,0.05,0,112.5,0.05,-37.5,-0.02,7687.5,0.77,0
141,Exit short,2023-10-19 09:00,MR_Short_Exit,4347.5,10,217475,100,0.05,0,100,0.05,-150,-0.07,7787.5,0.78,0
141,Entry short,2023-10-19 09:00,MR_Short,4349.5,10,217475,100,0.05,0,100,0.05,-150,-0.07,7787.5,0.78,0
142,Exit long,2023-10-19 15:00,MR_Long_Exit,4308.75,10,215337.5,100,0.05,0,100,0.05,-312.5,-0.15,7887.5,0.79,0
142,Entry long,2023-10-19 15:00,MR_Long,4306.75,10,215337.5,100,0.05,0,100,0.05,-312.5,-0.15,7887.5,0.79,0
143,Exit short,2023-10-19 15:30,Sq_Short_Exit,4295.75,10,215262.5,475,0.22,0,525,0.24,-312.5,-0.15,8362.5,0.84,0
143,Entry short,2023-10-19 15:30,Sq_Short,4305.25,10,215262.5,475,0.22,0,525,0.24,-312.5,-0.15,8362.5,0.84,0
144,Exit long,2023-10-20 10:30,MR_Long_Exit,4272,10,213500,100,0.05,0,100,0.05,0,0.00,8462.5,0.85,0
144,Entry long,2023-10-20 10:30,MR_Long,4270,10,213500,100,0.05,0,100,0.05,0,0.00,8462.5,0.85,0
145,Exit short,2023-10-20 11:00,Sq_Short_Exit,4258,10,213025,125,0.06,0,175,0.08,0,0.00,8587.5,0.86,0
145,Entry short,2023-10-20 11:00,Sq_Short,4260.5,10,213025,125,0.06,0,175,0.08,0,0.00,8587.5,0.86,0
146,Exit long,2023-10-20 14:30,MR_Long_Exit,4264.5,10,213112.5,112.5,0.05,0,112.5,0.05,-187.5,-0.09,8700,0.87,0
146,Entry long,2023-10-20 14:30,MR_Long,4262.25,10,213112.5,112.5,0.05,0,112.5,0.05,-187.5,-0.09,8700,0.87,0
147,Exit long,2023-10-20 16:30,Session Flatten,4247.5,10,212425,-50,-0.02,0,75,0.04,-262.5,-0.12,8650,0.87,1
147,Entry long,2023-10-20 16:00,MR_Long,4248.5,10,212425,-50,-0.02,0,75,0.04,-262.5,-0.12,8650,0.87,1
148,Exit long,2023-10-23 04:00,MR_Long_Exit,4241,10,211962.5,87.5,0.04,0,87.5,0.04,-137.5,-0.06,8737.5,0.87,0
148,Entry long,2023-10-23 04:00,MR_Long,4239.25,10,211962.5,87.5,0.04,0,87.5,0.04,-137.5,-0.06,8737.5,0.87,0
149,Exit short,2023-10-23 05:30,Sq_Short_Exit,4228.5,10,212050,625,0.29,0,675,0.32,0,0.00,9362.5,0.94,1
149,Entry short,2023-10-23 05:00,Sq_Short,4241,10,212050,625,0.29,0,675,0.32,0,0.00,9362.5,0.94,1
150,Exit long,2023-10-23 09:00,MR_Long_Exit,4232.75,10,211550,87.5,0.04,0,87.5,0.04,0,0.00,9450,0.95,0
150,Entry long,2023-10-23 09:00,MR_Long,4231,10,211550,87.5,0.04,0,87.5,0.04,0,0.00,9450,0.95,0
151,Exit short,2023-10-23 11:30,MR_Short_Exit,4257.5,10,212975,100,0.05,0,100,0.05,0,0.00,9550,0.96,0
151,Entry short,2023-10-23 11:30,MR_Short,4259.5,10,212975,100,0.05,0,100,0.05,0,0.00,9550,0.96,0
152,Exit short,2023-10-23 15:00,MR_Short_Exit,4261.5,10,213175,100,0.05,0,100,0.05,-187.5,-0.09,9650,0.97,0
152,Entry short,2023-10-23 15:00,MR_Short,4263.5,10,213175,100,0.05,0,100,0.05,-187.5,-0.09,9650,0.97,0
153,Exit long,2023-10-24 07:30,MR_Short,4267,10,213350,0,0.00,0,0,0.00,0,0.00,9650,0.97,0
153,Entry long,2023-10-24 07:30,Sq_Long,4267,10,213350,0,0.00,0,0,0.00,0,0.00,9650,0.97,0
154,Exit long,2023-10-24 10:00,Sq_Long_Exit,4278.75,10,213350,587.5,0.28,0,637.5,0.30,-412.5,-0.19,10237.5,1.02,5
154,Entry long,2023-10-24 07:30,Sq_Long,4267,10,213350,587.5,0.28,0,637.5,0.30,-412.5,-0.19,10237.5,1.02,5
155,Exit short,2023-10-24 10:30,MR_Short_Exit,4277.75,10,213975,87.5,0.04,0,87.5,0.04,-200,-0.09,10325,1.03,0
155,Entry short,2023-10-24 10:30,MR_Short,4279.5,10,213975,87.5,0.04,0,87.5,0.04,-200,-0.09,10325,1.03,0
156,Exit long,2023-10-24 13:00,MR_Long_Exit,4249.5,10,212375,100,0.05,0,100,0.05,-125,-0.06,10425,1.04,0
156,Entry long,2023-10-24 13:00,MR_Long,4247.5,10,212375,100,0.05,0,100,0.05,-125,-0.06,10425,1.04,0
157,Exit long,2023-10-25 04:00,MR_Long_Exit,4256.25,10,212712.5,100,0.05,0,100,0.05,-425,-0.20,10525,1.05,2
157,Entry long,2023-10-25 03:00,MR_Long,4254.25,10,212712.5,100,0.05,0,100,0.05,-425,-0.20,10525,1.05,2
158,Exit long,2023-10-25 10:00,Sq_Short,4236,10,211800,0,0.00,0,0,0.00,0,0.00,10525,1.05,0
158,Entry long,2023-10-25 10:00,MR_Long,4236,10,211800,0,0.00,0,0,0.00,0,0.00,10525,1.05,0
159,Exit short,2023-10-25 10:00,Sq_Short_Exit,4224.75,10,211800,562.5,0.27,0,612.5,0.29,0,0.00,11087.5,1.11,0
159,Entry short,2023-10-25 10:00,Sq_Short,4236,10,211800,562.5,0.27,0,612.5,0.29,0,0.00,11087.5,1.11,0
160,Exit long,2023-10-25 12:30,MR_Long_Exit,4231.5,10,211462.5,112.5,0.05,0,112.5,0.05,-350,-0.17,11200,1.12,1
160,Entry long,2023-10-25 12:00,MR_Long,4229.25,10,211462.5,112.5,0.05,0,112.5,0.05,-350,-0.17,11200,1.12,1
161,Exit long,2023-10-26 03:30,MR_Long_Exit,4175.5,10,208675,100,0.05,0,100,0.05,-137.5,-0.07,11300,1.13,0
161,Entry long,2023-10-26 03:30,MR_Long,4173.5,10,208675,100,0.05,0,100,0.05,-137.5,-0.07,11300,1.13,0
162,Exit short,2023-10-26 09:30,MR_Short_Exit,4195.75,10,209900,112.5,0.05,0,112.5,0.05,-350,-0.17,11412.5,1.14,1
162,Entry short,2023-10-26 09:00,MR_Short,4198,10,209900,112.5,0.05,0,112.5,0.05,-350,-0.17,11412.5,1.14,1
163,Exit long,2023-10-26 13:00,MR_Long_Exit,4163.5,10,208075,100,0.05,0,100,0.05,-550,-0.26,11512.5,1.15,1
163,Entry long,2023-10-26 12:30,MR_Long,4161.5,10,208075,100,0.05,0,100,0.05,-550,-0.26,11512.5,1.15,1
164,Exit long,2023-10-27 08:00,MR_Long_Exit,4168.25,10,208312.5,100,0.05,0,100,0.05,-275,-0.13,11612.5,1.16,1
164,Entry long,2023-10-27 07:30,MR_Long,4166.25,10,208312.5,100,0.05,0,100,0.05,-275,-0.13,11612.5,1.16,1
165,Exit long,2023-10-27 10:00,MR_Long_Exit,4165.5,10,208150,125,0.06,0,125,0.06,-450,-0.22,11737.5,1.17,0
165,Entry long,2023-10-27 10:00,MR_Long,4163,10,208150,125,0.06,0,125,0.06,-450,-0.22,11737.5,1.17,0
166,Exit long,2023-10-27 13:00,Sq_Short,4148.5,10,207425,0,0.00,0,0,0.00,0,0.00,11737.5,1.17,0
166,Entry long,2023-10-27 13:00,MR_Long,4148.5,10,207425,0,0.00,0,0,0.00,0,0.00,11737.5,1.17,0
167,Exit short,2023-10-27 13:00,Sq_Short_Exit,4134.5,10,207425,700,0.34,0,750,0.36,-112.5,-0.05,12437.5,1.24,0
167,Entry short,2023-10-27 13:00,Sq_Short,4148.5,10,207425,700,0.34,0,750,0.36,-112.5,-0.05,12437.5,1.24,0
168,Exit short,2023-10-30 04:30,MR_Short_Exit,4160,10,208100,100,0.05,0,100,0.05,-12.5,-0.01,12537.5,1.25,0
168,Entry short,2023-10-30 04:30,MR_Short,4162,10,208100,100,0.05,0,100,0.05,-12.5,-0.01,12537.5,1.25,0
169,Exit short,2023-10-30 05:30,MR_Short_Exit,4162,10,208212.5,112.5,0.05,0,112.5,0.05,-62.5,-0.03,12650,1.26,0
169,Entry short,2023-10-30 05:30,MR_Short,4164.25,10,208212.5,112.5,0.05,0,112.5,0.05,-62.5,-0.03,12650,1.26,0
170,Exit short,2023-10-30 08:00,MR_Short_Exit,4164,10,208300,100,0.05,0,100,0.05,-37.5,-0.02,12750,1.27,0
170,Entry short,2023-10-30 08:00,MR_Short,4166,10,208300,100,0.05,0,100,0.05,-37.5,-0.02,12750,1.27,0
171,Exit short,2023-10-30 10:00,MR_Short_Exit,4177.5,10,208975,100,0.05,0,100,0.05,-62.5,-0.03,12850,1.29,0
171,Entry short,2023-10-30 10:00,MR_Short,4179.5,10,208975,100,0.05,0,100,0.05,-62.5,-0.03,12850,1.29,0
172,Exit short,2023-10-30 13:30,MR_Short_Exit,4179,10,209037.5,87.5,0.04,0,87.5,0.04,0,0.00,12937.5,1.29,0
172,Entry short,2023-10-30 13:30,MR_Short,4180.75,10,209037.5,87.5,0.04,0,87.5,0.04,0,0.00,12937.5,1.29,0
173,Exit long,2023-10-30 14:30,Sq_Long_Exit,4192.75,10,209350,287.5,0.14,0,337.5,0.16,-325,-0.16,13225,1.32,1
173,Entry long,2023-10-30 14:00,Sq_Long,4187,10,209350,287.5,0.14,0,337.5,0.16,-325,-0.16,13225,1.32,1
174,Exit long,2023-10-31 00:00,MR_Long_Exit,4174,10,208575,125,0.06,0,125,0.06,-12.5,-0.01,13350,1.34,0
174,Entry long,2023-10-31 00:00,MR_Long,4171.5,10,208575,125,0.06,0,125,0.06,-12.5,-0.01,13350,1.34,0
175,Exit long,2023-10-31 01:30,MR_Long_Exit,4170.5,10,208425,100,0.05,0,100,0.05,-12.5,-0.01,13450,1.35,0
175,Entry long,2023-10-31 01:30,MR_Long,4168.5,10,208425,100,0.05,0,100,0.05,-12.5,-0.01,13450,1.35,0
176,Exit long,2023-10-31 05:00,MR_Short,4191.75,10,209587.5,0,0.00,0,0,0.00,0,0.00,13450,1.35,0
176,Entry long,2023-10-31 05:00,Sq_Long,4191.75,10,209587.5,0,0.00,0,0,0.00,0,0.00,13450,1.35,0
177,Exit long,2023-10-31 05:30,Sq_Long_Exit,4193.75,10,209587.5,100,0.05,0,150,0.07,-375,-0.18,13550,1.36,1
177,Entry long,2023-10-31 05:00,Sq_Long,4191.75,10,209587.5,100,0.05,0,150,0.07,-375,-0.18,13550,1.36,1
178,Exit short,2023-10-31 08:30,MR_Short_Exit,4191.5,10,209687.5,112.5,0.05,0,112.5,0.05,-287.5,-0.14,13662.5,1.37,5
178,Entry short,2023-10-31 06:00,MR_Short,4193.75,10,209687.5,112.5,0.05,0,112.5,0.05,-287.5,-0.14,13662.5,1.37,5
179,Exit short,2023-10-31 14:00,MR_Short_Exit,4206.75,10,210437.5,100,0.05,0,100,0.05,-125,-0.06,13762.5,1.38,0
179,Entry short,2023-10-31 14:00,MR_Short,4208.75,10,210437.5,100,0.05,0,100,0.05,-125,-0.06,13762.5,1.38,0
180,Exit long,2023-10-31 15:00,MR_Short,4211.25,10,210562.5,0,0.00,0,0,0.00,0,0.00,13762.5,1.38,0
180,Entry long,2023-10-31 15:00,Sq_Long,4211.25,10,210562.5,0,0.00,0,0,0.00,0,0.00,13762.5,1.38,0
181,Exit long,2023-10-31 15:00,Sq_Long_Exit,4214,10,210562.5,137.5,0.07,0,187.5,0.09,-100,-0.05,13900,1.39,0
181,Entry long,2023-10-31 15:00,Sq_Long,4211.25,10,210562.5,137.5,0.07,0,187.5,0.09,-100,-0.05,13900,1.39,0
182,Exit short,2023-11-01 09:00,MR_Short_Exit,4212,10,210687.5,87.5,0.04,0,87.5,0.04,0,0.00,13987.5,1.40,0
182,Entry short,2023-11-01 09:00,MR_Short,4213.75,10,210687.5,87.5,0.04,0,87.5,0.04,0,0.00,13987.5,1.40,0
183,Exit short,2023-11-02 04:30,MR_Short_Exit,4273,10,213737.5,87.5,0.04,0,87.5,0.04,0,0.00,14075,1.41,0
183,Entry short,2023-11-02 04:30,MR_Short,4274.75,10,213737.5,87.5,0.04,0,87.5,0.04,0,0.00,14075,1.41,0
184,Exit long,2023-11-02 07:30,Sq_Long_Exit,4278.75,10,213875,62.5,0.03,0,112.5,0.05,-162.5,-0.08,14137.5,1.41,3
184,Entry long,2023-11-02 06:00,Sq_Long,4277.5,10,213875,62.5,0.03,0,112.5,0.05,-162.5,-0.08,14137.5,1.41,3
185,Exit short,2023-11-02 10:30,MR_Short_Exit,4320.75,10,213987.5,-2050,-0.96,0,87.5,0.04,-2050,-0.96,12087.5,1.21,5
185,Entry short,2023-11-02 08:00,MR_Short,4279.75,10,213987.5,-2050,-0.96,0,87.5,0.04,-2050,-0.96,12087.5,1.21,5
186,Exit long,2023-11-03 09:00,MR_Short,4356,10,217800,0,0.00,0,0,0.00,0,0.00,12087.5,1.21,0
186,Entry long,2023-11-03 09:00,Sq_Long,4356,10,217800,0,0.00,0,0,0.00,0,0.00,12087.5,1.21,0
187,Exit long,2023-11-03 09:00,Sq_Long_Exit,4362.5,10,217800,325,0.15,0,375,0.17,-175,-0.08,12412.5,1.24,0
187,Entry long,2023-11-03 09:00,Sq_Long,4356,10,217800,325,0.15,0,375,0.17,-175,-0.08,12412.5,1.24,0
188,Exit long,2023-11-06 13:30,MR_Long_Exit,4372,10,218500,100,0.05,0,100,0.05,-137.5,-0.06,12512.5,1.25,0
188,Entry long,2023-11-06 13:30,MR_Long,4370,10,218500,100,0.05,0,100,0.05,-137.5,-0.06,12512.5,1.25,0
189,Exit short,2023-11-06 16:30,Session Flatten,4380.25,10,218525,-487.5,-0.22,0,50,0.02,-737.5,-0.34,12025,1.20,4
189,Entry short,2023-11-06 14:30,Sq_Short,4370.5,10,218525,-487.5,-0.22,0,50,0.02,-737.5,-0.34,12025,1.20,4
190,Exit short,2023-11-07 09:00,MR_Short_Exit,4378.75,10,219025,87.5,0.04,0,87.5,0.04,0,0.00,12112.5,1.21,0
190,Entry short,2023-11-07 09:00,MR_Short,4380.5,10,219025,87.5,0.04,0,87.5,0.04,0,0.00,12112.5,1.21,0
191,Exit long,2023-11-07 10:30,MR_Short,4391.75,10,219587.5,0,0.00,0,0,0.00,0,0.00,12112.5,1.21,0
191,Entry long,2023-11-07 10:30,Sq_Long,4391.75,10,219587.5,0,0.00,0,0,0.00,0,0.00,12112.5,1.21,0
192,Exit long,2023-11-07 10:30,Sq_Long_Exit,4400.75,10,219587.5,450,0.20,0,500,0.23,-62.5,-0.03,12562.5,1.26,0
192,Entry long,2023-11-07 10:30,Sq_Long,4391.75,10,219587.5,450,0.20,0,500,0.23,-62.5,-0.03,12562.5,1.26,0
193,Exit short,2023-11-08 10:00,MR_Short_Exit,4397,10,219937.5,87.5,0.04,0,87.5,0.04,-450,-0.20,12650,1.26,2
193,Entry short,2023-11-08 09:00,MR_Short,4398.75,10,219937.5,87.5,0.04,0,87.5,0.04,-450,-0.20,12650,1.26,2
194,Exit long,2023-11-08 12:30,MR_Long_Exit,4383.5,10,219075,100,0.05,0,100,0.05,-137.5,-0.06,12750,1.27,0
194,Entry long,2023-11-08 12:30,MR_Long,4381.5,10,219075,100,0.05,0,100,0.05,-137.5,-0.06,12750,1.27,0
195,Exit short,2023-11-09 06:30,MR_Short_Exit,4401.75,10,220187.5,100,0.05,0,100,0.05,-337.5,-0.15,12850,1.29,2
195,Entry short,2023-11-09 05:30,MR_Short,4403.75,10,220187.5,100,0.05,0,100,0.05,-337.5,-0.15,12850,1.29,2
196,Exit short,2023-11-09 08:30,MR_Short_Exit,4406.25,10,220412.5,100,0.05,0,100,0.05,0,0.00,12950,1.30,0
196,Entry short,2023-11-09 08:30,MR_Short,4408.25,10,220412.5,100,0.05,0,100,0.05,0,0.00,12950,1.30,0
197,Exit long,2023-11-09 10:30,MR_Long_Exit,4391.5,10,219475,100,0.05,0,100,0.05,-212.5,-0.10,13050,1.31,0
197,Entry long,2023-11-09 10:30,MR_Long,4389.5,10,219475,100,0.05,0,100,0.05,-212.5,-0.10,13050,1.31,0
198,Exit long,2023-11-09 13:30,MR_Long_Exit,4390.5,10,219425,100,0.05,0,100,0.05,0,0.00,13150,1.32,0
198,Entry long,2023-11-09 13:30,MR_Long,4388.5,10,219425,100,0.05,0,100,0.05,0,0.00,13150,1.32,0
199,Exit short,2023-11-10 03:30,MR_Short_Exit,4369.5,10,218587.5,112.5,0.05,0,112.5,0.05,-100,-0.05,13262.5,1.33,1
199,Entry short,2023-11-10 03:00,MR_Short,4371.75,10,218587.5,112.5,0.05,0,112.5,0.05,-100,-0.05,13262.5,1.33,1
200,Exit long,2023-11-10 09:00,MR_Short,4381.5,10,219075,0,0.00,0,0,0.00,0,0.00,13262.5,1.33,0
200,Entry long,2023-11-10 09:00,Sq_Long,4381.5,10,219075,0,0.00,0,0,0.00,0,0.00,13262.5,1.33,0
201,Exit long,2023-11-10 09:00,Sq_Long_Exit,4384.75,10,219075,162.5,0.07,0,212.5,0.10,-162.5,-0.07,13425,1.34,0
201,Entry long,2023-11-10 09:00,Sq_Long,4381.5,10,219075,162.5,0.07,0,212.5,0.10,-162.5,-0.07,13425,1.34,0
202,Exit short,2023-11-10 11:30,MR_Short_Exit,4388.5,10,219525,100,0.05,0,100,0.05,-75,-0.03,13525,1.35,0
202,Entry short,2023-11-10 11:30,MR_Short,4390.5,10,219525,100,0.05,0,100,0.05,-75,-0.03,13525,1.35,0
203,Exit long,2023-11-13 00:00,MR_Long_Exit,4412.25,10,220512.5,100,0.05,0,100,0.05,-87.5,-0.04,13625,1.36,1
203,Entry long,2023-11-12 23:30,MR_Long,4410.25,10,220512.5,100,0.05,0,100,0.05,-87.5,-0.04,13625,1.36,1
204,Exit short,2023-11-13 06:00,MR_Short_Exit,4422.75,10,221237.5,100,0.05,0,100,0.05,-25,-0.01,13725,1.37,0
204,Entry short,2023-11-13 06:00,MR_Short,4424.75,10,221237.5,100,0.05,0,100,0.05,-25,-0.01,13725,1.37,0
205,Exit short,2023-11-13 08:30,MR_Short_Exit,4422.5,10,221225,100,0.05,0,100,0.05,-62.5,-0.03,13825,1.38,0
205,Entry short,2023-11-13 08:30,MR_Short,4424.5,10,221225,100,0.05,0,100,0.05,-62.5,-0.03,13825,1.38,0
206,Exit long,2023-11-13 12:00,MR_Short,4433.5,10,221675,0,0.00,0,0,0.00,0,0.00,13825,1.38,0
206,Entry long,2023-11-13 12:00,Sq_Long,4433.5,10,221675,0,0.00,0,0,0.00,0,0.00,13825,1.38,0
207,Exit long,2023-11-13 16:30,Session Flatten,4427.5,10,221675,-300,-0.14,0,75,0.03,-562.5,-0.25,13525,1.35,9
207,Entry long,2023-11-13 12:00,Sq_Long,4433.5,10,221675,-300,-0.14,0,75,0.03,-562.5,-0.25,13525,1.35,9
208,Exit short,2023-11-14 04:30,MR_Short_Exit,4432.75,10,221737.5,100,0.05,0,100,0.05,-37.5,-0.02,13625,1.36,0
208,Entry short,2023-11-14 04:30,MR_Short,4434.75,10,221737.5,100,0.05,0,100,0.05,-37.5,-0.02,13625,1.36,0
209,Exit long,2023-11-14 08:30,Sq_Long_Exit,4489.25,10,221812.5,2650,1.19,0,2700,1.22,-800,-0.36,16275,1.63,6
209,Entry long,2023-11-14 05:30,Sq_Long,4436.25,10,221812.5,2650,1.19,0,2700,1.22,-800,-0.36,16275,1.63,6
210,Exit long,2023-11-14 09:00,MR_Short,4488,10,224400,0,0.00,0,0,0.00,0,0.00,16275,1.63,0
210,Entry long,2023-11-14 09:00,Sq_Long,4488,10,224400,0,0.00,0,0,0.00,0,0.00,16275,1.63,0
211,Exit long,2023-11-14 09:30,Sq_Long_Exit,4502.75,10,224400,737.5,0.33,0,787.5,0.35,-300,-0.13,17012.5,1.70,1
211,Entry long,2023-11-14 09:00,Sq_Long,4488,10,224400,737.5,0.33,0,787.5,0.35,-300,-0.13,17012.5,1.70,1
212,Exit short,2023-11-15 04:00,MR_Short_Exit,4526.5,10,226425,100,0.04,0,100,0.04,-37.5,-0.02,17112.5,1.71,0
212,Entry short,2023-11-15 04:00,MR_Short,4528.5,10,226425,100,0.04,0,100,0.04,-37.5,-0.02,17112.5,1.71,0
213,Exit short,2023-11-15 08:00,MR_Short_Exit,4530.75,10,226637.5,100,0.04,0,100,0.04,-50,-0.02,17212.5,1.72,0
213,Entry short,2023-11-15 08:00,MR_Short,4532.75,10,226637.5,100,0.04,0,100,0.04,-50,-0.02,17212.5,1.72,0
214,Exit long,2023-11-15 21:00,MR_Long_Exit,4511.75,10,225487.5,100,0.04,0,100,0.04,0,0.00,17312.5,1.73,0
214,Entry long,2023-11-15 21:00,MR_Long,4509.75,10,225487.5,100,0.04,0,100,0.04,0,0.00,17312.5,1.73,0
215,Exit long,2023-11-16 11:30,MR_Long_Exit,4505.75,10,225200,87.5,0.04,0,87.5,0.04,-112.5,-0.05,17400,1.74,0
215,Entry long,2023-11-16 11:30,MR_Long,4504,10,225200,87.5,0.04,0,87.5,0.04,-112.5,-0.05,17400,1.74,0
216,Exit short,2023-11-17 00:30,MR_Short_Exit,4525,10,226350,100,0.04,0,100,0.04,-200,-0.09,17500,1.75,7
216,Entry short,2023-11-16 21:00,MR_Short,4527,10,226350,100,0.04,0,100,0.04,-200,-0.09,17500,1.75,7
217,Exit short,2023-11-17 06:00,MR_Short_Exit,4533,10,226762.5,112.5,0.05,0,112.5,0.05,-50,-0.02,17612.5,1.76,1
217,Entry short,2023-11-17 05:30,MR_Short,4535.25,10,226762.5,112.5,0.05,0,112.5,0.05,-50,-0.02,17612.5,1.76,1
218,Exit long,2023-11-17 08:30,MR_Short,4539,10,226950,0,0.00,0,0,0.00,0,0.00,17612.5,1.76,0
218,Entry long,2023-11-17 08:30,Sq_Long,4539,10,226950,0,0.00,0,0,0.00,0,0.00,17612.5,1.76,0
219,Exit long,2023-11-17 16:30,Session Flatten,4526,10,226950,-650,-0.29,0,25,0.01,-1325,-0.58,16962.5,1.70,16
219,Entry long,2023-11-17 08:30,Sq_Long,4539,10,226950,-650,-0.29,0,25,0.01,-1325,-0.58,16962.5,1.70,16
220,Exit short,2023-11-20 05:30,MR_Short_Exit,4528.25,10,226512.5,100,0.04,0,100,0.04,-200,-0.09,17062.5,1.71,2
220,Entry short,2023-11-20 04:30,MR_Short,4530.25,10,226512.5,100,0.04,0,100,0.04,-200,-0.09,17062.5,1.71,2
221,Exit short,2023-11-20 10:00,MR_Short_Exit,4539,10,227050,100,0.04,0,100,0.04,-100,-0.04,17162.5,1.72,0
221,Entry short,2023-11-20 10:00,MR_Short,4541,10,227050,100,0.04,0,100,0.04,-100,-0.04,17162.5,1.72,0
222,Exit long,2023-11-21 05:00,Sq_Short,4555.5,10,227775,0,0.00,0,0,0.00,0,0.00,17162.5,1.72,0
222,Entry long,2023-11-21 05:00,MR_Long,4555.5,10,227775,0,0.00,0,0,0.00,0,0.00,17162.5,1.72,0
223,Exit short,2023-11-21 08:00,Sq_Short_Exit,4552.5,10,227775,150,0.07,0,200,0.09,-250,-0.11,17312.5,1.73,6
223,Entry short,2023-11-21 05:00,Sq_Short,4555.5,10,227775,150,0.07,0,200,0.09,-250,-0.11,17312.5,1.73,6
224,Exit long,2023-11-21 15:00,MR_Long_Exit,4554.75,10,227625,112.5,0.05,0,112.5,0.05,-737.5,-0.32,17425,1.74,13
224,Entry long,2023-11-21 08:30,MR_Long,4552.5,10,227625,112.5,0.05,0,112.5,0.05,-737.5,-0.32,17425,1.74,13
225,Exit short,2023-11-22 06:00,MR_Short_Exit,4557.25,10,227950,87.5,0.04,0,87.5,0.04,-87.5,-0.04,17512.5,1.75,0
225,Entry short,2023-11-22 06:00,MR_Short,4559,10,227950,87.5,0.04,0,87.5,0.04,-87.5,-0.04,17512.5,1.75,0
226,Exit long,2023-11-22 07:00,Sq_Long_Exit,4561.25,10,228000,62.5,0.03,0,112.5,0.05,-187.5,-0.08,17575,1.76,1
226,Entry long,2023-11-22 06:30,Sq_Long,4560,10,228000,62.5,0.03,0,112.5,0.05,-187.5,-0.08,17575,1.76,1
227,Exit short,2023-11-22 12:00,MR_Short_Exit,4569.25,10,228575,112.5,0.05,0,112.5,0.05,0,0.00,17687.5,1.77,0
227,Entry short,2023-11-22 12:00,MR_Short,4571.5,10,228575,112.5,0.05,0,112.5,0.05,0,0.00,17687.5,1.77,0
228,Exit short,2023-11-23 03:00,MR_Short_Exit,4569.5,10,228562.5,87.5,0.04,0,87.5,0.04,-50,-0.02,17775,1.78,1
228,Entry short,2023-11-23 02:30,MR_Short,4571.25,10,228562.5,87.5,0.04,0,87.5,0.04,-50,-0.02,17775,1.78,1
229,Exit long,2023-11-24 03:00,MR_Long_Exit,4569,10,228362.5,87.5,0.04,0,87.5,0.04,-37.5,-0.02,17862.5,1.79,1
229,Entry long,2023-11-24 02:30,MR_Long,4567.25,10,228362.5,87.5,0.04,0,87.5,0.04,-37.5,-0.02,17862.5,1.79,1
230,Exit long,2023-11-27 05:30,MR_Long_Exit,4564,10,228087.5,112.5,0.05,0,112.5,0.05,-487.5,-0.21,17975,1.80,21
230,Entry long,2023-11-26 19:00,MR_Long,4561.75,10,228087.5,112.5,0.05,0,112.5,0.05,-487.5,-0.21,17975,1.80,21
231,Exit short,2023-11-27 06:00,MR_Short_Exit,4562.75,10,228237.5,100,0.04,0,100,0.04,-25,-0.01,18075,1.81,0
231,Entry short,2023-11-27 06:00,MR_Short,4564.75,10,228237.5,100,0.04,0,100,0.04,-25,-0.01,18075,1.81,0
232,Exit short,2023-11-27 08:30,MR_Short_Exit,4562.25,10,228225,112.5,0.05,0,112.5,0.05,0,0.00,18187.5,1.82,0
232,Entry short,2023-11-27 08:30,MR_Short,4564.5,10,228225,112.5,0.05,0,112.5,0.05,0,0.00,18187.5,1.82,0
233,Exit long,2023-11-28 04:00,MR_Long_Exit,4557.5,10,227775,100,0.04,0,100,0.04,-250,-0.11,18287.5,1.83,3
233,Entry long,2023-11-28 02:30,MR_Long,4555.5,10,227775,100,0.04,0,100,0.04,-250,-0.11,18287.5,1.83,3
234,Exit long,2023-11-28 08:30,MR_Long_Exit,4554,10,227600,100,0.04,0,100,0.04,-250,-0.11,18387.5,1.84,1
234,Entry long,2023-11-28 08:00,MR_Long,4552,10,227600,100,0.04,0,100,0.04,-250,-0.11,18387.5,1.84,1
235,Exit long,2023-11-28 10:00,MR_Long_Exit,4552.25,10,227512.5,100,0.04,0,100,0.04,-25,-0.01,18487.5,1.85,0
235,Entry long,2023-11-28 10:00,MR_Long,4550.25,10,227512.5,100,0.04,0,100,0.04,-25,-0.01,18487.5,1.85,0
236,Exit short,2023-11-28 11:00,MR_Short_Exit,4564,10,228312.5,112.5,0.05,0,112.5,0.05,0,0.00,18600,1.86,0
236,Entry short,2023-11-28 11:00,MR_Short,4566.25,10,228312.5,112.5,0.05,0,112.5,0.05,0,0.00,18600,1.86,0
237,Exit short,2023-11-29 00:00,MR_Short_Exit,4568.75,10,228537.5,100,0.04,0,100,0.04,-12.5,-0.01,18700,1.87,1
237,Entry short,2023-11-28 23:30,MR_Short,4570.75,10,228537.5,100,0.04,0,100,0.04,-12.5,-0.01,18700,1.87,1
238,Exit short,2023-11-29 04:30,MR_Short_Exit,4576,10,228900,100,0.04,0,100,0.04,-75,-0.03,18800,1.88,0
238,Entry short,2023-11-29 04:30,MR_Short,4578,10,228900,100,0.04,0,100,0.04,-75,-0.03,18800,1.88,0
239,Exit long,2023-11-29 06:30,Sq_Long_Exit,4581.5,10,228912.5,162.5,0.07,0,212.5,0.09,-87.5,-0.04,18962.5,1.90,3
239,Entry long,2023-11-29 05:00,Sq_Long,4578.25,10,228912.5,162.5,0.07,0,212.5,0.09,-87.5,-0.04,18962.5,1.90,3
240,Exit long,2023-11-29 11:30,MR_Long_Exit,4566.75,10,228250,87.5,0.04,0,87.5,0.04,-100,-0.04,19050,1.91,0
240,Entry long,2023-11-29 11:30,MR_Long,4565,10,228250,87.5,0.04,0,87.5,0.04,-100,-0.04,19050,1.91,0
241,Exit long,2023-11-29 15:30,MR_Long_Exit,4559.75,10,227900,87.5,0.04,0,87.5,0.04,0,0.00,19137.5,1.91,0
241,Entry long,2023-11-29 15:30,MR_Long,4558,10,227900,87.5,0.04,0,87.5,0.04,0,0.00,19137.5,1.91,0
242,Exit short,2023-11-30 08:30,MR_Short_Exit,4570.25,10,228612.5,100,0.04,0,100,0.04,-300,-0.13,19237.5,1.92,1
242,Entry short,2023-11-30 08:00,MR_Short,4572.25,10,228612.5,100,0.04,0,100,0.04,-300,-0.13,19237.5,1.92,1
243,Exit long,2023-11-30 11:30,Sq_Short,4555.25,10,227762.5,0,0.00,0,0,0.00,0,0.00,19237.5,1.92,0
243,Entry long,2023-11-30 11:30,MR_Long,4555.25,10,227762.5,0,0.00,0,0,0.00,0,0.00,19237.5,1.92,0
244,Exit short,2023-11-30 12:00,Sq_Short_Exit,4547.5,10,227762.5,387.5,0.17,0,437.5,0.19,-62.5,-0.03,19625,1.96,1
244,Entry short,2023-11-30 11:30,Sq_Short,4555.25,10,227762.5,387.5,0.17,0,437.5,0.19,-62.5,-0.03,19625,1.96,1
245,Exit short,2023-11-30 16:30,Session Flatten,4574.25,10,228737.5,25,0.01,0,87.5,0.04,-100,-0.04,19650,1.97,1
245,Entry short,2023-11-30 16:00,MR_Short,4574.75,10,228737.5,25,0.01,0,87.5,0.04,-100,-0.04,19650,1.97,1
246,Exit short,2023-12-01 07:00,MR_Short_Exit,4571,10,228650,100,0.04,0,100,0.04,-575,-0.25,19750,1.98,23
246,Entry short,2023-11-30 19:30,MR_Short,4573,10,228650,100,0.04,0,100,0.04,-575,-0.25,19750,1.98,23
247,Exit long,2023-12-01 08:00,MR_Long_Exit,4568.25,10,228312.5,100,0.04,0,100,0.04,-37.5,-0.02,19850,1.99,0
247,Entry long,2023-12-01 08:00,MR_Long,4566.25,10,228312.5,100,0.04,0,100,0.04,-37.5,-0.02,19850,1.99,0
248,Exit short,2023-12-01 11:30,MR_Short_Exit,4583.5,10,229275,100,0.04,0,100,0.04,0,0.00,19950,2.00,0
248,Entry short,2023-12-01 11:30,MR_Short,4585.5,10,229275,100,0.04,0,100,0.04,0,0.00,19950,2.00,0
249,Exit long,2023-12-04 03:00,MR_Long_Exit,4588.75,10,229350,87.5,0.04,0,87.5,0.04,-87.5,-0.04,20037.5,2.00,0
249,Entry long,2023-12-04 03:00,MR_Long,4587,10,229350,87.5,0.04,0,87.5,0.04,-87.5,-0.04,20037.5,2.00,0
250,Exit long,2023-12-04 07:30,MR_Long_Exit,4586.5,10,229225,100,0.04,0,100,0.04,-37.5,-0.02,20137.5,2.01,0
250,Entry long,2023-12-04 07:30,MR_Long,4584.5,10,229225,100,0.04,0,100,0.04,-37.5,-0.02,20137.5,2.01,0
251,Exit long,2023-12-04 09:00,Sq_Short,4574.25,10,228712.5,0,0.00,0,0,0.00,0,0.00,20137.5,2.01,0
251,Entry long,2023-12-04 09:00,MR_Long,4574.25,10,228712.5,0,0.00,0,0,0.00,0,0.00,20137.5,2.01,0
252,Exit short,2023-12-04 09:00,Sq_Short_Exit,4564,10,228712.5,512.5,0.22,0,562.5,0.25,-25,-0.01,20650,2.07,0
252,Entry short,2023-12-04 09:00,Sq_Short,4574.25,10,228712.5,512.5,0.22,0,562.5,0.25,-25,-0.01,20650,2.07,0
253,Exit long,2023-12-05 03:00,MR_Long_Exit,4563.75,10,228100,87.5,0.04,0,87.5,0.04,-287.5,-0.13,20737.5,2.07,2
253,Entry long,2023-12-05 02:00,MR_Long,4562,10,228100,87.5,0.04,0,87.5,0.04,-287.5,-0.13,20737.5,2.07,2
254,Exit long,2023-12-05 07:00,MR_Long_Exit,4558.5,10,227825,100,0.04,0,100,0.04,-37.5,-0.02,20837.5,2.08,0
254,Entry long,2023-12-05 07:00,MR_Long,4556.5,10,227825,100,0.04,0,100,0.04,-37.5,-0.02,20837.5,2.08,0
255,Exit short,2023-12-05 10:30,MR_Short_Exit,4571.5,10,228662.5,87.5,0.04,0,87.5,0.04,0,0.00,20925,2.09,0
255,Entry short,2023-12-05 10:30,MR_Short,4573.25,10,228662.5,87.5,0.04,0,87.5,0.04,0,0.00,20925,2.09,0
256,Exit long,2023-12-05 11:00,Sq_Long_Exit,4584.5,10,229175,50,0.02,0,100,0.04,0,0.00,20975,2.10,0
256,Entry long,2023-12-05 11:00,Sq_Long,4583.5,10,229175,50,0.02,0,100,0.04,0,0.00,20975,2.10,0
257,Exit short,2023-12-06 04:30,MR_Short_Exit,4581,10,229137.5,87.5,0.04,0,87.5,0.04,-387.5,-0.17,21062.5,2.11,18
257,Entry short,2023-12-05 19:30,MR_Short,4582.75,10,229137.5,87.5,0.04,0,87.5,0.04,-387.5,-0.17,21062.5,2.11,18
258,Exit short,2023-12-06 09:30,MR_Short_Exit,4592.5,10,229725,100,0.04,0,100,0.04,-200,-0.09,21162.5,2.12,1
258,Entry short,2023-12-06 09:00,MR_Short,4594.5,10,229725,100,0.04,0,100,0.04,-200,-0.09,21162.5,2.12,1
259,Exit long,2023-12-06 12:30,MR_Long_Exit,4573.25,10,228562.5,100,0.04,0,100,0.04,-237.5,-0.10,21262.5,2.13,0
259,Entry long,2023-12-06 12:30,MR_Long,4571.25,10,228562.5,100,0.04,0,100,0.04,-237.5,-0.10,21262.5,2.13,0
260,Exit long,2023-12-06 14:30,MR_Long_Exit,4569.75,10,228387.5,100,0.04,0,100,0.04,-50,-0.02,21362.5,2.14,0
260,Entry long,2023-12-06 14:30,MR_Long,4567.75,10,228387.5,100,0.04,0,100,0.04,-50,-0.02,21362.5,2.14,0
261,Exit short,2023-12-07 08:30,MR_Short_Exit,4558,10,227987.5,87.5,0.04,0,87.5,0.04,-162.5,-0.07,21450,2.15,1
261,Entry short,2023-12-07 08:00,MR_Short,4559.75,10,227987.5,87.5,0.04,0,87.5,0.04,-162.5,-0.07,21450,2.15,1
262,Exit long,2023-12-07 09:30,Sq_Long_Exit,4578.25,10,228475,437.5,0.19,0,487.5,0.21,-62.5,-0.03,21887.5,2.19,1
262,Entry long,2023-12-07 09:00,Sq_Long,4569.5,10,228475,437.5,0.19,0,487.5,0.21,-62.5,-0.03,21887.5,2.19,1
263,Exit short,2023-12-08 06:00,MR_Short_Exit,4590.75,10,229637.5,100,0.04,0,100,0.04,-37.5,-0.02,21987.5,2.20,1
263,Entry short,2023-12-08 05:30,MR_Short,4592.75,10,229637.5,100,0.04,0,100,0.04,-37.5,-0.02,21987.5,2.20,1
264,Exit long,2023-12-08 08:30,Sq_Short,4580.25,10,229012.5,0,0.00,0,0,0.00,0,0.00,21987.5,2.20,0
264,Entry long,2023-12-08 08:30,MR_Long,4580.25,10,229012.5,0,0.00,0,0,0.00,0,0.00,21987.5,2.20,0
265,Exit short,2023-12-08 08:30,Sq_Short_Exit,4564.25,10,229012.5,800,0.35,0,850,0.37,-450,-0.20,22787.5,2.28,0
265,Entry short,2023-12-08 08:30,Sq_Short,4580.25,10,229012.5,800,0.35,0,850,0.37,-450,-0.20,22787.5,2.28,0
266,Exit long,2023-12-08 10:30,MR_Short,4604.75,10,230237.5,0,0.00,0,0,0.00,0,0.00,22787.5,2.28,0
266,Entry long,2023-12-08 10:30,Sq_Long,4604.75,10,230237.5,0,0.00,0,0,0.00,0,0.00,22787.5,2.28,0
267,Exit long,2023-12-08 10:30,Sq_Long_Exit,4605.75,10,230237.5,50,0.02,0,100,0.04,0,0.00,22837.5,2.28,0
267,Entry long,2023-12-08 10:30,Sq_Long,4604.75,10,230237.5,50,0.02,0,100,0.04,0,0.00,22837.5,2.28,0
268,Exit short,2023-12-08 16:30,Session Flatten,4607.75,10,230275,-112.5,-0.05,0,62.5,0.03,-412.5,-0.18,22725,2.27,4
268,Entry short,2023-12-08 14:30,MR_Short,4605.5,10,230275,-112.5,-0.05,0,62.5,0.03,-412.5,-0.18,22725,2.27,4
269,Exit short,2023-12-10 18:30,MR_Short_Exit,4610.25,10,230600,87.5,0.04,0,87.5,0.04,-25,-0.01,22812.5,2.28,0
269,Entry short,2023-12-10 18:30,MR_Short,4612,10,230600,87.5,0.04,0,87.5,0.04,-25,-0.01,22812.5,2.28,0
270,Exit short,2023-12-11 11:00,MR_Short_Exit,4611.25,10,230662.5,100,0.04,0,100,0.04,-137.5,-0.06,22912.5,2.29,0
270,Entry short,2023-12-11 11:00,MR_Short,4613.25,10,230662.5,100,0.04,0,100,0.04,-137.5,-0.06,22912.5,2.29,0
271,Exit long,2023-12-11 13:30,MR_Short,4620,10,231000,0,0.00,0,0,0.00,0,0.00,22912.5,2.29,0
271,Entry long,2023-12-11 13:30,Sq_Long,4620,10,231000,0,0.00,0,0,0.00,0,0.00,22912.5,2.29,0
272,Exit long,2023-12-11 13:30,Sq_Long_Exit,4621.75,10,231000,87.5,0.04,0,137.5,0.06,-25,-0.01,23000,2.30,0
272,Entry long,2023-12-11 13:30,Sq_Long,4620,10,231000,87.5,0.04,0,137.5,0.06,-25,-0.01,23000,2.30,0
273,Exit short,2023-12-12 08:30,MR_Short_Exit,4691.5,10,234675,100,0.04,0,100,0.04,-137.5,-0.06,23100,2.31,0
273,Entry short,2023-12-12 08:30,MR_Short,4693.5,10,234675,100,0.04,0,100,0.04,-137.5,-0.06,23100,2.31,0
274,Exit short,2023-12-12 10:00,Sq_Short_Exit,4670.25,10,233562.5,50,0.02,0,100,0.04,0,0.00,23150,2.32,0
274,Entry short,2023-12-12 10:00,Sq_Short,4671.25,10,233562.5,50,0.02,0,100,0.04,0,0.00,23150,2.32,0
275,Exit short,2023-12-12 16:30,Session Flatten,4701,10,234600,-450,-0.19,0,50,0.02,-462.5,-0.20,22700,2.27,3
275,Entry short,2023-12-12 15:00,MR_Short,4692,10,234600,-450,-0.19,0,50,0.02,-462.5,-0.20,22700,2.27,3
276,Exit short,2023-12-13 09:00,MR_Short_Exit,4706.25,10,235412.5,100,0.04,0,100,0.04,-25,-0.01,22800,2.28,0
276,Entry short,2023-12-13 09:00,MR_Short,4708.25,10,235412.5,100,0.04,0,100,0.04,-25,-0.01,22800,2.28,0
277,Exit long,2023-12-13 14:30,MR_Short,4731,10,236550,0,0.00,0,0,0.00,0,0.00,22800,2.28,0
277,Entry long,2023-12-13 14:30,Sq_Long,4731,10,236550,0,0.00,0,0,0.00,0,0.00,22800,2.28,0
278,Exit long,2023-12-13 14:30,Sq_Long_Exit,4756.5,10,236550,1275,0.54,0,1325,0.56,-212.5,-0.09,24075,2.41,0
278,Entry long,2023-12-13 14:30,Sq_Long,4731,10,236550,1275,0.54,0,1325,0.56,-212.5,-0.09,24075,2.41,0
279,Exit short,2023-12-14 09:00,MR_Short_Exit,4785.75,10,239387.5,100,0.04,0,100,0.04,-112.5,-0.05,24175,2.42,0
279,Entry short,2023-12-14 09:00,MR_Short,4787.75,10,239387.5,100,0.04,0,100,0.04,-112.5,-0.05,24175,2.42,0
280,Exit long,2023-12-14 14:00,Sq_Short,4755.75,10,237787.5,0,0.00,0,0,0.00,0,0.00,24175,2.42,0
280,Entry long,2023-12-14 14:00,MR_Long,4755.75,10,237787.5,0,0.00,0,0,0.00,0,0.00,24175,2.42,0
281,Exit short,2023-12-14 16:30,Session Flatten,4768.25,10,237787.5,-625,-0.26,0,12.5,0.01,-1012.5,-0.43,23550,2.36,5
281,Entry short,2023-12-14 14:00,Sq_Short,4755.75,10,237787.5,-625,-0.26,0,12.5,0.01,-1012.5,-0.43,23550,2.36,5
282,Exit short,2023-12-15 07:30,MR_Short_Exit,4780.5,10,239137.5,112.5,0.05,0,112.5,0.05,-312.5,-0.13,23662.5,2.37,10
282,Entry short,2023-12-15 02:30,MR_Short,4782.75,10,239137.5,112.5,0.05,0,112.5,0.05,-312.5,-0.13,23662.5,2.37,10
283,Exit long,2023-12-15 09:00,MR_Long_Exit,4774.75,10,238650,87.5,0.04,0,87.5,0.04,-325,-0.14,23750,2.38,0
283,Entry long,2023-12-15 09:00,MR_Long,4773,10,238650,87.5,0.04,0,87.5,0.04,-325,-0.14,23750,2.38,0
284,Exit long,2023-12-15 13:00,MR_Long_Exit,4768.75,10,238337.5,100,0.04,0,100,0.04,-37.5,-0.02,23850,2.38,0
284,Entry long,2023-12-15 13:00,MR_Long,4766.75,10,238337.5,100,0.04,0,100,0.04,-37.5,-0.02,23850,2.38,0
285,Exit long,2023-12-15 14:00,MR_Long_Exit,4762,10,237987.5,112.5,0.05,0,112.5,0.05,-100,-0.04,23962.5,2.40,0
285,Entry long,2023-12-15 14:00,MR_Long,4759.75,10,237987.5,112.5,0.05,0,112.5,0.05,-100,-0.04,23962.5,2.40,0
286,Exit short,2023-12-18 02:30,MR_Short_Exit,4778,10,238987.5,87.5,0.04,0,87.5,0.04,-137.5,-0.06,24050,2.40,6
286,Entry short,2023-12-17 23:30,MR_Short,4779.75,10,238987.5,87.5,0.04,0,87.5,0.04,-137.5,-0.06,24050,2.40,6
287,Exit long,2023-12-18 10:30,MR_Short,4790.5,10,239525,0,0.00,0,0,0.00,0,0.00,24050,2.40,0
287,Entry long,2023-12-18 10:30,Sq_Long,4790.5,10,239525,0,0.00,0,0,0.00,0,0.00,24050,2.40,0
288,Exit long,2023-12-18 11:00,Sq_Long_Exit,4792.5,10,239525,100,0.04,0,150,0.06,-375,-0.16,24150,2.42,1
288,Entry long,2023-12-18 10:30,Sq_Long,4790.5,10,239525,100,0.04,0,150,0.06,-375,-0.16,24150,2.42,1
289,Exit short,2023-12-18 16:00,MR_Short_Exit,4790.5,10,239625,100,0.04,0,100,0.04,-487.5,-0.20,24250,2.43,9
289,Entry short,2023-12-18 11:30,MR_Short,4792.5,10,239625,100,0.04,0,100,0.04,-487.5,-0.20,24250,2.43,9
290,Exit short,2023-12-19 09:00,MR_Short_Exit,4798,10,240000,100,0.04,0,100,0.04,-212.5,-0.09,24350,2.44,3
290,Entry short,2023-12-19 07:30,MR_Short,4800,10,240000,100,0.04,0,100,0.04,-212.5,-0.09,24350,2.44,3
291,Exit short,2023-12-19 10:00,MR_Short_Exit,4805,10,240362.5,112.5,0.05,0,112.5,0.05,0,0.00,24462.5,2.45,0
291,Entry short,2023-12-19 10:00,MR_Short,4807.25,10,240362.5,112.5,0.05,0,112.5,0.05,0,0.00,24462.5,2.45,0
292,Exit short,2023-12-19 16:00,MR_Short_Exit,4818.25,10,241012.5,100,0.04,0,100,0.04,-62.5,-0.03,24562.5,2.46,0
292,Entry short,2023-12-19 16:00,MR_Short,4820.25,10,241012.5,100,0.04,0,100,0.04,-62.5,-0.03,24562.5,2.46,0
293,Exit short,2023-12-19 23:00,MR_Short_Exit,4821.25,10,241175,112.5,0.05,0,112.5,0.05,0,0.00,24675,2.47,1
293,Entry short,2023-12-19 22:30,MR_Short,4823.5,10,241175,112.5,0.05,0,112.5,0.05,0,0.00,24675,2.47,1
294,Exit short,2023-12-20 00:30,MR_Short_Exit,4822,10,241200,100,0.04,0,100,0.04,0,0.00,24775,2.48,0
294,Entry short,2023-12-20 00:30,MR_Short,4824,10,241200,100,0.04,0,100,0.04,0,0.00,24775,2.48,0
295,Exit long,2023-12-20 10:00,MR_Long_Exit,4818,10,240800,100,0.04,0,100,0.04,-437.5,-0.18,24875,2.49,12
295,Entry long,2023-12-20 04:00,MR_Long,4816,10,240800,100,0.04,0,100,0.04,-437.5,-0.18,24875,2.49,12
296,Exit short,2023-12-20 14:00,MR_Short_Exit,4820.75,10,241137.5,100,0.04,0,100,0.04,-400,-0.17,24975,2.50,7
296,Entry short,2023-12-20 10:30,MR_Short,4822.75,10,241137.5,100,0.04,0,100,0.04,-400,-0.17,24975,2.50,7
297,Exit long,2023-12-20 15:00,MR_Long_Exit,4778,10,238800,100,0.04,0,100,0.04,0,0.00,25075,2.51,0
297,Entry long,2023-12-20 15:00,MR_Long,4776,10,238800,100,0.04,0,100,0.04,0,0.00,25075,2.51,0
298,Exit short,2023-12-21 01:30,MR_Short_Exit,4767,10,238450,100,0.04,0,100,0.04,-12.5,-0.01,25175,2.52,0
298,Entry short,2023-12-21 01:30,MR_Short,4769,10,238450,100,0.04,0,100,0.04,-12.5,-0.01,25175,2.52,0
299,Exit short,2023-12-21 09:00,MR_Short_Exit,4784,10,239300,100,0.04,0,100,0.04,-25,-0.01,25275,2.53,0
299,Entry short,2023-12-21 09:00,MR_Short,4786,10,239300,100,0.04,0,100,0.04,-25,-0.01,25275,2.53,0
300,Exit long,2023-12-21 12:30,MR_Long_Exit,4765,10,238137.5,112.5,0.05,0,112.5,0.05,-150,-0.06,25387.5,2.54,0
300,Entry long,2023-12-21 12:30,MR_Long,4762.75,10,238137.5,112.5,0.05,0,112.5,0.05,-150,-0.06,25387.5,2.54,0
301,Exit short,2023-12-21 13:00,Sq_Short_Exit,4756.5,10,238100,275,0.12,0,325,0.14,0,0.00,25662.5,2.57,0
301,Entry short,2023-12-21 13:00,Sq_Short,4762,10,238100,275,0.12,0,325,0.14,0,0.00,25662.5,2.57,0
302,Exit short,2023-12-21 16:30,Session Flatten,4797,10,239762.5,-87.5,-0.04,0,87.5,0.04,-125,-0.05,25575,2.56,1
302,Entry short,2023-12-21 16:00,MR_Short,4795.25,10,239762.5,-87.5,-0.04,0,87.5,0.04,-125,-0.05,25575,2.56,1
303,Exit short,2023-12-22 08:30,MR_Short_Exit,4795,10,239900,150,0.06,0,150,0.06,0,0.00,25725,2.57,0
303,Entry short,2023-12-22 08:30,MR_Short,4798,10,239900,150,0.06,0,150,0.06,0,0.00,25725,2.57,0
304,Exit long,2023-12-22 09:30,Sq_Long_Exit,4820.75,10,240362.5,675,0.28,0,725,0.30,-112.5,-0.05,26400,2.64,1
304,Entry long,2023-12-22 09:00,Sq_Long,4807.25,10,240362.5,675,0.28,0,725,0.30,-112.5,-0.05,26400,2.64,1
305,Exit short,2023-12-22 13:00,MR_Short_Exit,4811.75,10,240687.5,100,0.04,0,100,0.04,-87.5,-0.04,26500,2.65,0
305,Entry short,2023-12-22 13:00,MR_Short,4813.75,10,240687.5,100,0.04,0,100,0.04,-87.5,-0.04,26500,2.65,0
306,Exit long,2023-12-22 14:30,MR_Long_Exit,4790.5,10,239437.5,87.5,0.04,0,87.5,0.04,-200,-0.08,26587.5,2.66,0
306,Entry long,2023-12-22 14:30,MR_Long,4788.75,10,239437.5,87.5,0.04,0,87.5,0.04,-200,-0.08,26587.5,2.66,0
307,Exit short,2023-12-26 13:30,MR_Short_Exit,4819.75,10,241087.5,100,0.04,0,100,0.04,-50,-0.02,26687.5,2.67,0
307,Entry short,2023-12-26 13:30,MR_Short,4821.75,10,241087.5,100,0.04,0,100,0.04,-50,-0.02,26687.5,2.67,0
308,Exit short,2023-12-26 16:30,Session Flatten,4825,10,241187.5,-62.5,-0.03,0,87.5,0.04,-537.5,-0.22,26625,2.66,4
308,Entry short,2023-12-26 14:30,MR_Short,4823.75,10,241187.5,-62.5,-0.03,0,87.5,0.04,-537.5,-0.22,26625,2.66,4
309,Exit short,2023-12-28 04:00,MR_Short_Exit,4834,10,241800,100,0.04,0,100,0.04,-275,-0.11,26725,2.67,17
309,Entry short,2023-12-27 19:30,MR_Short,4836,10,241800,100,0.04,0,100,0.04,-275,-0.11,26725,2.67,17
310,Exit long,2023-12-28 05:00,MR_Long_Exit,4836,10,241700,100,0.04,0,100,0.04,-12.5,-0.01,26825,2.68,0
310,Entry long,2023-12-28 05:00,MR_Long,4834,10,241700,100,0.04,0,100,0.04,-12.5,-0.01,26825,2.68,0
311,Exit long,2023-12-28 06:00,Sq_Short,4832.25,10,241612.5,0,0.00,0,0,0.00,0,0.00,26825,2.68,0
311,Entry long,2023-12-28 06:00,MR_Long,4832.25,10,241612.5,0,0.00,0,0,0.00,0,0.00,26825,2.68,0
312,Exit short,2023-12-28 09:00,Sq_Short_Exit,4830,10,241612.5,112.5,0.05,0,162.5,0.07,-187.5,-0.08,26937.5,2.69,6
312,Entry short,2023-12-28 06:00,Sq_Short,4832.25,10,241612.5,112.5,0.05,0,162.5,0.07,-187.5,-0.08,26937.5,2.69,6
313,Exit short,2023-12-29 03:30,MR_Short_Exit,4839,10,242037.5,87.5,0.04,0,87.5,0.04,0,0.00,27025,2.70,0
313,Entry short,2023-12-29 03:30,MR_Short,4840.75,10,242037.5,87.5,0.04,0,87.5,0.04,0,0.00,27025,2.70,0
314,Exit long,2023-12-29 09:30,MR_Long_Exit,4833.5,10,241587.5,87.5,0.04,0,87.5,0.04,-237.5,-0.10,27112.5,2.71,4
314,Entry long,2023-12-29 07:30,MR_Long,4831.75,10,241587.5,87.5,0.04,0,87.5,0.04,-237.5,-0.10,27112.5,2.71,4
315,Exit long,2023-12-29 11:00,MR_Long_Exit,4820.75,10,240950,87.5,0.04,0,87.5,0.04,0,0.00,27200,2.72,0
315,Entry long,2023-12-29 11:00,MR_Long,4819,10,240950,87.5,0.04,0,87.5,0.04,0,0.00,27200,2.72,0
316,Exit short,2024-01-02 04:00,MR_Short_Exit,4824.25,10,241312.5,100,0.04,0,100,0.04,-87.5,-0.04,27300,2.73,1
316,Entry short,2024-01-02 03:30,MR_Short,4826.25,10,241312.5,100,0.04,0,100,0.04,-87.5,-0.04,27300,2.73,1
317,Exit long,2024-01-02 05:30,MR_Long_Exit,4816,10,240700,100,0.04,0,100,0.04,-50,-0.02,27400,2.74,0
317,Entry long,2024-01-02 05:30,MR_Long,4814,10,240700,100,0.04,0,100,0.04,-50,-0.02,27400,2.74,0
318,Exit short,2024-01-02 06:30,Sq_Short_Exit,4787.25,10,240662.5,1300,0.54,0,1350,0.56,-12.5,-0.01,28700,2.87,1
318,Entry short,2024-01-02 06:00,Sq_Short,4813.25,10,240662.5,1300,0.54,0,1350,0.56,-12.5,-0.01,28700,2.87,1
319,Exit long,2024-01-02 15:30,MR_Long_Exit,4771.75,10,238500,87.5,0.04,0,87.5,0.04,-225,-0.09,28787.5,2.88,1
319,Entry long,2024-01-02 15:00,MR_Long,4770,10,238500,87.5,0.04,0,87.5,0.04,-225,-0.09,28787.5,2.88,1
320,Exit long,2024-01-03 05:00,MR_Long_Exit,4777.5,10,238787.5,87.5,0.04,0,87.5,0.04,-62.5,-0.03,28875,2.89,0
320,Entry long,2024-01-03 05:00,MR_Long,4775.75,10,238787.5,87.5,0.04,0,87.5,0.04,-62.5,-0.03,28875,2.89,0
321,Exit long,2024-01-03 16:30,Session Flatten,4746.25,10,237350,-37.5,-0.02,0,50,0.02,-137.5,-0.06,28837.5,2.88,1
321,Entry long,2024-01-03 16:00,MR_Long,4747,10,237350,-37.5,-0.02,0,50,0.02,-137.5,-0.06,28837.5,2.88,1
322,Exit long,2024-01-04 09:00,MR_Long_Exit,4745.25,10,237150,112.5,0.05,0,112.5,0.05,0,0.00,28950,2.90,0
322,Entry long,2024-01-04 09:00,MR_Long,4743,10,237150,112.5,0.05,0,112.5,0.05,0,0.00,28950,2.90,0
323,Exit long,2024-01-04 11:30,MR_Short,4763.25,10,238162.5,0,0.00,0,0,0.00,0,0.00,28950,2.90,0
323,Entry long,2024-01-04 11:30,Sq_Long,4763.25,10,238162.5,0,0.00,0,0,0.00,0,0.00,28950,2.90,0
324,Exit long,2024-01-04 16:30,Session Flatten,4731.75,10,238162.5,-1575,-0.66,0,87.5,0.04,-1812.5,-0.76,27375,2.74,10
324,Entry long,2024-01-04 11:30,Sq_Long,4763.25,10,238162.5,-1575,-0.66,0,87.5,0.04,-1812.5,-0.76,27375,2.74,10
325,Exit long,2024-01-05 02:00,MR_Long_Exit,4727.5,10,236287.5,87.5,0.04,0,87.5,0.04,-62.5,-0.03,27462.5,2.75,0
325,Entry long,2024-01-05 02:00,MR_Long,4725.75,10,236287.5,87.5,0.04,0,87.5,0.04,-62.5,-0.03,27462.5,2.75,0
326,Exit long,2024-01-05 03:00,MR_Long_Exit,4725,10,236150,100,0.04,0,100,0.04,-12.5,-0.01,27562.5,2.76,0
326,Entry long,2024-01-05 03:00,MR_Long,4723,10,236150,100,0.04,0,100,0.04,-12.5,-0.01,27562.5,2.76,0
327,Exit long,2024-01-05 09:00,MR_Long_Exit,4725.5,10,236162.5,112.5,0.05,0,112.5,0.05,-1062.5,-0.45,27675,2.77,10
327,Entry long,2024-01-05 04:00,MR_Long,4723.25,10,236162.5,112.5,0.05,0,112.5,0.05,-1062.5,-0.45,27675,2.77,10
328,Exit short,2024-01-05 12:00,MR_Short_Exit,4735,10,236850,100,0.04,0,100,0.04,-1187.5,-0.50,27775,2.78,4
328,Entry short,2024-01-05 10:00,MR_Short,4737,10,236850,100,0.04,0,100,0.04,-1187.5,-0.50,27775,2.78,4
329,Exit long,2024-01-08 04:30,Sq_Short,4721.75,10,236087.5,0,0.00,0,0,0.00,0,0.00,27775,2.78,0
329,Entry long,2024-01-08 04:30,MR_Long,4721.75,10,236087.5,0,0.00,0,0,0.00,0,0.00,27775,2.78,0
330,Exit short,2024-01-08 04:30,Sq_Short_Exit,4716.25,10,236087.5,275,0.12,0,325,0.14,-212.5,-0.09,28050,2.81,0
330,Entry short,2024-01-08 04:30,Sq_Short,4721.75,10,236087.5,275,0.12,0,325,0.14,-212.5,-0.09,28050,2.81,0
331,Exit long,2024-01-08 10:00,MR_Short,4752.25,10,237612.5,0,0.00,0,0,0.00,0,0.00,28050,2.81,0
331,Entry long,2024-01-08 10:00,Sq_Long,4752.25,10,237612.5,0,0.00,0,0,0.00,0,0.00,28050,2.81,0
332,Exit long,2024-01-08 10:00,Sq_Long_Exit,4754,10,237612.5,87.5,0.04,0,137.5,0.06,0,0.00,28137.5,2.81,0
332,Entry long,2024-01-08 10:00,Sq_Long,4752.25,10,237612.5,87.5,0.04,0,137.5,0.06,0,0.00,28137.5,2.81,0
333,Exit long,2024-01-09 11:30,MR_Long_Exit,4790.5,10,239425,100,0.04,0,100,0.04,-1050,-0.44,28237.5,2.82,16
333,Entry long,2024-01-09 03:30,MR_Long,4788.5,10,239425,100,0.04,0,100,0.04,-1050,-0.44,28237.5,2.82,16
334,Exit short,2024-01-09 12:00,MR_Short_Exit,4794.75,10,239837.5,100,0.04,0,100,0.04,-75,-0.03,28337.5,2.83,0
334,Entry short,2024-01-09 12:00,MR_Short,4796.75,10,239837.5,100,0.04,0,100,0.04,-75,-0.03,28337.5,2.83,0
335,Exit short,2024-01-09 14:00,MR_Short_Exit,4795.5,10,239875,100,0.04,0,100,0.04,-137.5,-0.06,28437.5,2.84,0
335,Entry short,2024-01-09 14:00,MR_Short,4797.5,10,239875,100,0.04,0,100,0.04,-137.5,-0.06,28437.5,2.84,0
336,Exit short,2024-01-10 04:30,MR_Short_Exit,4800,10,240112.5,112.5,0.05,0,112.5,0.05,-112.5,-0.05,28550,2.86,0
336,Entry short,2024-01-10 04:30,MR_Short,4802.25,10,240112.5,112.5,0.05,0,112.5,0.05,-112.5,-0.05,28550,2.86,0
337,Exit long,2024-01-10 09:30,Sq_Long_Exit,4806.25,10,240037.5,275,0.11,0,325,0.14,-650,-0.27,28825,2.88,9
337,Entry long,2024-01-10 05:00,Sq_Long,4800.75,10,240037.5,275,0.11,0,325,0.14,-650,-0.27,28825,2.88,9
338,Exit short,2024-01-10 11:00,MR_Short_Exit,4804,10,240300,100,0.04,0,100,0.04,-25,-0.01,28925,2.89,0
338,Entry short,2024-01-10 11:00,MR_Short,4806,10,240300,100,0.04,0,100,0.04,-25,-0.01,28925,2.89,0
339,Exit short,2024-01-10 13:00,MR_Short_Exit,4805.75,10,240387.5,100,0.04,0,100,0.04,-275,-0.11,29025,2.90,0
339,Entry short,2024-01-10 13:00,MR_Short,4807.75,10,240387.5,100,0.04,0,100,0.04,-275,-0.11,29025,2.90,0
340,Exit short,2024-01-10 15:30,MR_Short_Exit,4809.5,10,240562.5,87.5,0.04,0,87.5,0.04,-862.5,-0.36,29112.5,2.91,3
340,Entry short,2024-01-10 14:00,MR_Short,4811.25,10,240562.5,87.5,0.04,0,87.5,0.04,-862.5,-0.36,29112.5,2.91,3
341,Exit short,2024-01-11 04:30,MR_Short_Exit,4829.25,10,241562.5,100,0.04,0,100,0.04,-337.5,-0.14,29212.5,2.92,5
341,Entry short,2024-01-11 02:00,MR_Short,4831.25,10,241562.5,100,0.04,0,100,0.04,-337.5,-0.14,29212.5,2.92,5
342,Exit long,2024-01-11 09:00,Sq_Short,4807.75,10,240387.5,0,0.00,0,0,0.00,0,0.00,29212.5,2.92,0
342,Entry long,2024-01-11 09:00,MR_Long,4807.75,10,240387.5,0,0.00,0,0,0.00,0,0.00,29212.5,2.92,0
343,Exit short,2024-01-11 10:00,Sq_Short_Exit,4787.25,10,240387.5,1025,0.43,0,1075,0.45,-1262.5,-0.53,30237.5,3.02,2
343,Entry short,2024-01-11 09:00,Sq_Short,4807.75,10,240387.5,1025,0.43,0,1075,0.45,-1262.5,-0.53,30237.5,3.02,2
344,Exit long,2024-01-11 10:30,MR_Long_Exit,4802.5,10,240025,100,0.04,0,100,0.04,0,0.00,30337.5,3.03,0
344,Entry long,2024-01-11 10:30,MR_Long,4800.5,10,240025,100,0.04,0,100,0.04,0,0.00,30337.5,3.03,0
345,Exit long,2024-01-12 09:30,MR_Short,4829.25,10,241462.5,0,0.00,0,0,0.00,0,0.00,30337.5,3.03,0
345,Entry long,2024-01-12 09:30,Sq_Long,4829.25,10,241462.5,0,0.00,0,0,0.00,0,0.00,30337.5,3.03,0
346,Exit long,2024-01-12 09:30,Sq_Long_Exit,4835.5,10,241462.5,312.5,0.13,0,362.5,0.15,0,0.00,30650,3.07,0
346,Entry long,2024-01-12 09:30,Sq_Long,4829.25,10,241462.5,312.5,0.13,0,362.5,0.15,0,0.00,30650,3.07,0
347,Exit long,2024-01-16 10:00,MR_Long_Exit,4806.5,10,240225,100,0.04,0,100,0.04,-1050,-0.44,30750,3.08,29
347,Entry long,2024-01-15 19:30,MR_Long,4804.5,10,240225,100,0.04,0,100,0.04,-1050,-0.44,30750,3.08,29
348,Exit short,2024-01-16 10:30,MR_Short_Exit,4806.25,10,240425,112.5,0.05,0,112.5,0.05,0,0.00,30862.5,3.09,0
348,Entry short,2024-01-16 10:30,MR_Short,4808.5,10,240425,112.5,0.05,0,112.5,0.05,0,0.00,30862.5,3.09,0
349,Exit long,2024-01-16 11:00,Sq_Long_Exit,4814.5,10,240562.5,162.5,0.07,0,212.5,0.09,0,0.00,31025,3.10,0
349,Entry long,2024-01-16 11:00,Sq_Long,4811.25,10,240562.5,162.5,0.07,0,212.5,0.09,0,0.00,31025,3.10,0
350,Exit long,2024-01-17 16:30,Session Flatten,4769,10,239225,-775,-0.32,0,37.5,0.02,-1912.5,-0.80,30250,3.03,31
350,Entry long,2024-01-17 01:00,MR_Long,4784.5,10,239225,-775,-0.32,0,37.5,0.02,-1912.5,-0.80,30250,3.03,31
351,Exit short,2024-01-18 12:00,MR_Short_Exit,4778,10,239012.5,112.5,0.05,0,112.5,0.05,-875,-0.37,30362.5,3.04,12
351,Entry short,2024-01-18 06:00,MR_Short,4780.25,10,239012.5,112.5,0.05,0,112.5,0.05,-875,-0.37,30362.5,3.04,12
352,Exit short,2024-01-18 14:30,MR_Short_Exit,4800.5,10,240125,100,0.04,0,100,0.04,-162.5,-0.07,30462.5,3.05,0
352,Entry short,2024-01-18 14:30,MR_Short,4802.5,10,240125,100,0.04,0,100,0.04,-162.5,-0.07,30462.5,3.05,0
353,Exit short,2024-01-19 09:00,MR_Short_Exit,4822.25,10,241212.5,100,0.04,0,100,0.04,-850,-0.35,30562.5,3.06,10
353,Entry short,2024-01-19 04:00,MR_Short,4824.25,10,241212.5,100,0.04,0,100,0.04,-850,-0.35,30562.5,3.06,10
354,Exit long,2024-01-19 13:00,MR_Short,4848.5,10,242425,0,0.00,0,0,0.00,0,0.00,30562.5,3.06,0
354,Entry long,2024-01-19 13:00,Sq_Long,4848.5,10,242425,0,0.00,0,0,0.00,0,0.00,30562.5,3.06,0
355,Exit long,2024-01-19 14:00,Sq_Long_Exit,4863,10,242425,725,0.30,0,775,0.32,-250,-0.10,31287.5,3.13,2
355,Entry long,2024-01-19 13:00,Sq_Long,4848.5,10,242425,725,0.30,0,775,0.32,-250,-0.10,31287.5,3.13,2
356,Exit short,2024-01-22 08:00,MR_Short_Exit,4887,10,244450,100,0.04,0,100,0.04,-75,-0.03,31387.5,3.14,1
356,Entry short,2024-01-22 07:30,MR_Short,4889,10,244450,100,0.04,0,100,0.04,-75,-0.03,31387.5,3.14,1
357,Exit long,2024-01-22 10:00,MR_Short,4896.25,10,244812.5,0,0.00,0,0,0.00,0,0.00,31387.5,3.14,0
357,Entry long,2024-01-22 10:00,Sq_Long,4896.25,10,244812.5,0,0.00,0,0,0.00,0,0.00,31387.5,3.14,0
358,Exit long,2024-01-22 10:00,Sq_Long_Exit,4897.5,10,244812.5,62.5,0.03,0,112.5,0.05,0,0.00,31450,3.15,0
358,Entry long,2024-01-22 10:00,Sq_Long,4896.25,10,244812.5,62.5,0.03,0,112.5,0.05,0,0.00,31450,3.15,0
359,Exit long,2024-01-22 13:30,MR_Long_Exit,4876.5,10,243737.5,87.5,0.04,0,87.5,0.04,-25,-0.01,31537.5,3.15,0
359,Entry long,2024-01-22 13:30,MR_Long,4874.75,10,243737.5,87.5,0.04,0,87.5,0.04,-25,-0.01,31537.5,3.15,0
360,Exit short,2024-01-23 08:30,MR_Short_Exit,4886.5,10,244425,100,0.04,0,100,0.04,0,0.00,31637.5,3.16,0
360,Entry short,2024-01-23 08:30,MR_Short,4888.5,10,244425,100,0.04,0,100,0.04,0,0.00,31637.5,3.16,0
361,Exit long,2024-01-23 15:30,MR_Short,4892.5,10,244625,0,0.00,0,0,0.00,0,0.00,31637.5,3.16,0
361,Entry long,2024-01-23 15:30,Sq_Long,4892.5,10,244625,0,0.00,0,0,0.00,0,0.00,31637.5,3.16,0
362,Exit long,2024-01-23 15:30,Sq_Long_Exit,4896.25,10,244625,187.5,0.08,0,237.5,0.10,-175,-0.07,31825,3.18,0
362,Entry long,2024-01-23 15:30,Sq_Long,4892.5,10,244625,187.5,0.08,0,237.5,0.10,-175,-0.07,31825,3.18,0
363,Exit short,2024-01-24 14:00,MR_Short_Exit,4908.25,10,245525,112.5,0.05,0,112.5,0.05,-1137.5,-0.46,31937.5,3.19,23
363,Entry short,2024-01-24 02:30,MR_Short,4910.5,10,245525,112.5,0.05,0,112.5,0.05,-1137.5,-0.46,31937.5,3.19,23
364,Exit long,2024-01-24 14:30,MR_Long_Exit,4909.5,10,245362.5,112.5,0.05,0,112.5,0.05,-112.5,-0.05,32050,3.21,0
364,Entry long,2024-01-24 14:30,MR_Long,4907.25,10,245362.5,112.5,0.05,0,112.5,0.05,-112.5,-0.05,32050,3.21,0
365,Exit long,2024-01-24 15:30,MR_Long_Exit,4902,10,245012.5,87.5,0.04,0,87.5,0.04,-250,-0.10,32137.5,3.21,0
365,Entry long,2024-01-24 15:30,MR_Long,4900.25,10,245012.5,87.5,0.04,0,87.5,0.04,-250,-0.10,32137.5,3.21,0
366,Exit short,2024-01-25 09:30,MR_Short_Exit,4913.75,10,245787.5,100,0.04,0,100,0.04,-237.5,-0.10,32237.5,3.22,1
366,Entry short,2024-01-25 09:00,MR_Short,4915.75,10,245787.5,100,0.04,0,100,0.04,-237.5,-0.10,32237.5,3.22,1
367,Exit short,2024-01-25 11:30,MR_Short_Exit,4918.75,10,246037.5,100,0.04,0,100,0.04,-175,-0.07,32337.5,3.23,0
367,Entry short,2024-01-25 11:30,MR_Short,4920.75,10,246037.5,100,0.04,0,100,0.04,-175,-0.07,32337.5,3.23,0
368,Exit short,2024-01-25 16:00,MR_Short_Exit,4922,10,246200,100,0.04,0,100,0.04,-62.5,-0.03,32437.5,3.24,0
368,Entry short,2024-01-25 16:00,MR_Short,4924,10,246200,100,0.04,0,100,0.04,-62.5,-0.03,32437.5,3.24,0
369,Exit long,2024-01-26 00:00,MR_Long_Exit,4904.5,10,245137.5,87.5,0.04,0,87.5,0.04,-12.5,-0.01,32525,3.25,0
369,Entry long,2024-01-26 00:00,MR_Long,4902.75,10,245137.5,87.5,0.04,0,87.5,0.04,-12.5,-0.01,32525,3.25,0
370,Exit long,2024-01-26 01:30,MR_Long_Exit,4902.75,10,245025,112.5,0.05,0,112.5,0.05,-50,-0.02,32637.5,3.26,0
370,Entry long,2024-01-26 01:30,MR_Long,4900.5,10,245025,112.5,0.05,0,112.5,0.05,-50,-0.02,32637.5,3.26,0
371,Exit long,2024-01-26 03:00,MR_Long_Exit,4901.5,10,244975,100,0.04,0,100,0.04,-25,-0.01,32737.5,3.27,0
371,Entry long,2024-01-26 03:00,MR_Long,4899.5,10,244975,100,0.04,0,100,0.04,-25,-0.01,32737.5,3.27,0
372,Exit short,2024-01-26 06:30,MR_Short_Exit,4914.75,10,245837.5,100,0.04,0,100,0.04,-75,-0.03,32837.5,3.28,0
372,Entry short,2024-01-26 06:30,MR_Short,4916.75,10,245837.5,100,0.04,0,100,0.04,-75,-0.03,32837.5,3.28,0
373,Exit short,2024-01-26 12:30,MR_Short_Exit,4922.25,10,246200,87.5,0.04,0,87.5,0.04,-537.5,-0.22,32925,3.29,4
373,Entry short,2024-01-26 10:30,MR_Short,4924,10,246200,87.5,0.04,0,87.5,0.04,-537.5,-0.22,32925,3.29,4
374,Exit long,2024-01-28 20:00,MR_Long_Exit,4907.75,10,245275,112.5,0.05,0,112.5,0.05,-100,-0.04,33037.5,3.30,3
374,Entry long,2024-01-28 18:30,MR_Long,4905.5,10,245275,112.5,0.05,0,112.5,0.05,-100,-0.04,33037.5,3.30,3
375,Exit short,2024-01-29 03:00,MR_Short_Exit,4915.75,10,245900,112.5,0.05,0,112.5,0.05,-12.5,-0.01,33150,3.32,0
375,Entry short,2024-01-29 03:00,MR_Short,4918,10,245900,112.5,0.05,0,112.5,0.05,-12.5,-0.01,33150,3.32,0
376,Exit short,2024-01-29 07:30,MR_Short_Exit,4919.25,10,246062.5,100,0.04,0,100,0.04,-12.5,-0.01,33250,3.33,0
376,Entry short,2024-01-29 07:30,MR_Short,4921.25,10,246062.5,100,0.04,0,100,0.04,-12.5,-0.01,33250,3.33,0
377,Exit short,2024-01-29 16:30,Session Flatten,4952.75,10,246475,-1162.5,-0.47,0,50,0.02,-1325,-0.54,32087.5,3.21,4
377,Entry short,2024-01-29 14:30,MR_Short,4929.5,10,246475,-1162.5,-0.47,0,50,0.02,-1325,-0.54,32087.5,3.21,4
378,Exit long,2024-01-30 09:00,MR_Long_Exit,4946,10,247187.5,112.5,0.05,0,112.5,0.05,-87.5,-0.04,32200,3.22,1
378,Entry long,2024-01-30 08:30,MR_Long,4943.75,10,247187.5,112.5,0.05,0,112.5,0.05,-87.5,-0.04,32200,3.22,1
379,Exit long,2024-01-30 18:30,MR_Long_Exit,4930.5,10,246425,100,0.04,0,100,0.04,-12.5,-0.01,32300,3.23,0
379,Entry long,2024-01-30 18:30,MR_Long,4928.5,10,246425,100,0.04,0,100,0.04,-12.5,-0.01,32300,3.23,0
380,Exit long,2024-01-31 06:00,MR_Long_Exit,4926.25,10,246200,112.5,0.05,0,112.5,0.05,-50,-0.02,32412.5,3.24,0
380,Entry long,2024-01-31 06:00,MR_Long,4924,10,246200,112.5,0.05,0,112.5,0.05,-50,-0.02,32412.5,3.24,0
381,Exit long,2024-01-31 10:00,Sq_Short,4917,10,245850,0,0.00,0,0,0.00,0,0.00,32412.5,3.24,0
381,Entry long,2024-01-31 10:00,MR_Long,4917,10,245850,0,0.00,0,0,0.00,0,0.00,32412.5,3.24,0
382,Exit short,2024-01-31 10:00,Sq_Short_Exit,4912,10,245850,250,0.10,0,300,0.12,-37.5,-0.02,32662.5,3.27,0
382,Entry short,2024-01-31 10:00,Sq_Short,4917,10,245850,250,0.10,0,300,0.12,-37.5,-0.02,32662.5,3.27,0
383,Exit long,2024-01-31 14:30,MR_Long_Exit,4902.75,10,245050,87.5,0.04,0,87.5,0.04,-162.5,-0.07,32750,3.28,0
383,Entry long,2024-01-31 14:30,MR_Long,4901,10,245050,87.5,0.04,0,87.5,0.04,-162.5,-0.07,32750,3.28,0
384,Exit long,2024-01-31 16:30,Session Flatten,4869.5,10,244312.5,-837.5,-0.34,0,62.5,0.03,-1012.5,-0.41,31912.5,3.19,2
384,Entry long,2024-01-31 15:30,MR_Long,4886.25,10,244312.5,-837.5,-0.34,0,62.5,0.03,-1012.5,-0.41,31912.5,3.19,2
385,Exit short,2024-02-01 08:00,MR_Short_Exit,4889.75,10,244587.5,100,0.04,0,100,0.04,-212.5,-0.09,32012.5,3.20,1
385,Entry short,2024-02-01 07:30,MR_Short,4891.75,10,244587.5,100,0.04,0,100,0.04,-212.5,-0.09,32012.5,3.20,1
386,Exit short,2024-02-01 10:30,MR_Short_Exit,4897,10,244950,100,0.04,0,100,0.04,-12.5,-0.01,32112.5,3.21,0
386,Entry short,2024-02-01 10:30,MR_Short,4899,10,244950,100,0.04,0,100,0.04,-12.5,-0.01,32112.5,3.21,0
387,Exit long,2024-02-01 13:00,MR_Short,4911,10,245550,0,0.00,0,0,0.00,0,0.00,32112.5,3.21,0
387,Entry long,2024-02-01 13:00,Sq_Long,4911,10,245550,0,0.00,0,0,0.00,0,0.00,32112.5,3.21,0
388,Exit long,2024-02-01 13:30,Sq_Long_Exit,4912,10,245550,50,0.02,0,100,0.04,-600,-0.24,32162.5,3.22,1
388,Entry long,2024-02-01 13:00,Sq_Long,4911,10,245550,50,0.02,0,100,0.04,-600,-0.24,32162.5,3.22,1
389,Exit long,2024-02-02 09:00,Sq_Short,4929.5,10,246475,0,0.00,0,0,0.00,0,0.00,32162.5,3.22,0
389,Entry long,2024-02-02 09:00,MR_Long,4929.5,10,246475,0,0.00,0,0,0.00,0,0.00,32162.5,3.22,0
390,Exit short,2024-02-02 09:00,Sq_Short_Exit,4926.75,10,246475,137.5,0.06,0,187.5,0.08,0,0.00,32300,3.23,0
390,Entry short,2024-02-02 09:00,Sq_Short,4929.5,10,246475,137.5,0.06,0,187.5,0.08,0,0.00,32300,3.23,0
391,Exit short,2024-02-02 12:00,MR_Short_Exit,4970.5,10,248637.5,112.5,0.05,0,112.5,0.05,0,0.00,32412.5,3.24,0
391,Entry short,2024-02-02 12:00,MR_Short,4972.75,10,248637.5,112.5,0.05,0,112.5,0.05,0,0.00,32412.5,3.24,0
392,Exit long,2024-02-05 11:00,MR_Long_Exit,4951.25,10,247475,87.5,0.04,0,87.5,0.04,-600,-0.24,32500,3.25,1
392,Entry long,2024-02-05 10:30,MR_Long,4949.5,10,247475,87.5,0.04,0,87.5,0.04,-600,-0.24,32500,3.25,1
393,Exit short,2024-02-06 03:00,MR_Short_Exit,4968.25,10,248525,112.5,0.05,0,112.5,0.05,-50,-0.02,32612.5,3.26,1
393,Entry short,2024-02-06 02:30,MR_Short,4970.5,10,248525,112.5,0.05,0,112.5,0.05,-50,-0.02,32612.5,3.26,1
394,Exit long,2024-02-06 07:30,MR_Long_Exit,4958,10,247787.5,112.5,0.05,0,112.5,0.05,-12.5,-0.01,32725,3.27,0
394,Entry long,2024-02-06 07:30,MR_Long,4955.75,10,247787.5,112.5,0.05,0,112.5,0.05,-12.5,-0.01,32725,3.27,0
395,Exit short,2024-02-06 20:30,MR_Short_Exit,4979.25,10,249062.5,100,0.04,0,100,0.04,-87.5,-0.04,32825,3.28,0
395,Entry short,2024-02-06 20:30,MR_Short,4981.25,10,249062.5,100,0.04,0,100,0.04,-87.5,-0.04,32825,3.28,0
396,Exit short,2024-02-07 16:30,Session Flatten,5014,10,249150,-1550,-0.62,0,37.5,0.02,-1850,-0.74,31275,3.13,17
396,Entry short,2024-02-07 08:00,MR_Short,4983,10,249150,-1550,-0.62,0,37.5,0.02,-1850,-0.74,31275,3.13,17
397,Exit long,2024-02-08 06:30,MR_Long_Exit,5006.25,10,250212.5,100,0.04,0,100,0.04,-12.5,0.00,31375,3.14,0
397,Entry long,2024-02-08 06:30,MR_Long,5004.25,10,250212.5,100,0.04,0,100,0.04,-12.5,0.00,31375,3.14,0
398,Exit long,2024-02-08 08:00,MR_Long_Exit,5008.25,10,250312.5,100,0.04,0,100,0.04,-87.5,-0.03,31475,3.15,0
398,Entry long,2024-02-08 08:00,MR_Long,5006.25,10,250312.5,100,0.04,0,100,0.04,-87.5,-0.03,31475,3.15,0
399,Exit short,2024-02-09 03:30,MR_Short_Exit,5020.5,10,251125,100,0.04,0,100,0.04,-50,-0.02,31575,3.16,0
399,Entry short,2024-02-09 03:30,MR_Short,5022.5,10,251125,100,0.04,0,100,0.04,-50,-0.02,31575,3.16,0
400,Exit long,2024-02-09 05:30,Sq_Long_Exit,5023,10,251100,50,0.02,0,100,0.04,-237.5,-0.09,31625,3.16,3
400,Entry long,2024-02-09 04:00,Sq_Long,5022,10,251100,50,0.02,0,100,0.04,-237.5,-0.09,31625,3.16,3
401,Exit short,2024-02-09 06:00,MR_Short_Exit,5020.75,10,251150,112.5,0.04,0,112.5,0.04,-25,-0.01,31737.5,3.17,0
401,Entry short,2024-02-09 06:00,MR_Short,5023,10,251150,112.5,0.04,0,112.5,0.04,-25,-0.01,31737.5,3.17,0
402,Exit short,2024-02-09 11:00,MR_Short_Exit,5029.25,10,251575,112.5,0.04,0,112.5,0.04,-125,-0.05,31850,3.19,0
402,Entry short,2024-02-09 11:00,MR_Short,5031.5,10,251575,112.5,0.04,0,112.5,0.04,-125,-0.05,31850,3.19,0
403,Exit short,2024-02-09 12:30,MR_Short_Exit,5031.25,10,251650,87.5,0.03,0,87.5,0.03,0,0.00,31937.5,3.19,0
403,Entry short,2024-02-09 12:30,MR_Short,5033,10,251650,87.5,0.03,0,87.5,0.03,0,0.00,31937.5,3.19,0
404,Exit short,2024-02-12 11:00,MR_Short_Exit,5050,10,252612.5,112.5,0.04,0,112.5,0.04,0,0.00,32050,3.21,0
404,Entry short,2024-02-12 11:00,MR_Short,5052.25,10,252612.5,112.5,0.04,0,112.5,0.04,0,0.00,32050,3.21,0
405,Exit long,2024-02-12 11:30,Sq_Long_Exit,5065.5,10,253025,250,0.10,0,300,0.12,-25,-0.01,32300,3.23,0
405,Entry long,2024-02-12 11:30,Sq_Long,5060.5,10,253025,250,0.10,0,300,0.12,-25,-0.01,32300,3.23,0
406,Exit long,2024-02-12 15:00,MR_Long_Exit,5039.25,10,251850,112.5,0.04,0,112.5,0.04,-37.5,-0.01,32412.5,3.24,0
406,Entry long,2024-02-12 15:00,MR_Long,5037,10,251850,112.5,0.04,0,112.5,0.04,-37.5,-0.01,32412.5,3.24,0
407,Exit long,2024-02-12 18:30,MR_Long_Exit,5036.75,10,251750,87.5,0.03,0,87.5,0.03,-37.5,-0.01,32500,3.25,0
407,Entry long,2024-02-12 18:30,MR_Long,5035,10,251750,87.5,0.03,0,87.5,0.03,-37.5,-0.01,32500,3.25,0
408,Exit long,2024-02-13 04:00,MR_Long_Exit,5027,10,251262.5,87.5,0.03,0,87.5,0.03,-75,-0.03,32587.5,3.26,0
408,Entry long,2024-02-13 04:00,MR_Long,5025.25,10,251262.5,87.5,0.03,0,87.5,0.03,-75,-0.03,32587.5,3.26,0
409,Exit short,2024-02-13 04:30,Sq_Short_Exit,5023.25,10,251275,112.5,0.04,0,162.5,0.06,-50,-0.02,32700,3.27,0
409,Entry short,2024-02-13 04:30,Sq_Short,5025.5,10,251275,112.5,0.04,0,162.5,0.06,-50,-0.02,32700,3.27,0
410,Exit long,2024-02-13 09:30,MR_Long_Exit,4979.75,10,248887.5,100,0.04,0,100,0.04,-512.5,-0.21,32800,3.28,1
410,Entry long,2024-02-13 09:00,MR_Long,4977.75,10,248887.5,100,0.04,0,100,0.04,-512.5,-0.21,32800,3.28,1
411,Exit short,2024-02-14 12:00,MR_Short_Exit,4978.25,10,249025,112.5,0.05,0,112.5,0.05,-1437.5,-0.58,32912.5,3.29,19
411,Entry short,2024-02-14 02:30,MR_Short,4980.5,10,249025,112.5,0.05,0,112.5,0.05,-1437.5,-0.58,32912.5,3.29,19
412,Exit short,2024-02-14 15:30,MR_Short_Exit,5007.25,10,250462.5,100,0.04,0,100,0.04,0,0.00,33012.5,3.30,0
412,Entry short,2024-02-14 15:30,MR_Short,5009.25,10,250462.5,100,0.04,0,100,0.04,0,0.00,33012.5,3.30,0
413,Exit long,2024-02-14 16:30,Session Flatten,5021.25,10,250762.5,300,0.12,0,325,0.13,-112.5,-0.04,33312.5,3.33,1
413,Entry long,2024-02-14 16:00,Sq_Long,5015.25,10,250762.5,300,0.12,0,325,0.13,-112.5,-0.04,33312.5,3.33,1
414,Exit short,2024-02-15 11:00,MR_Short_Exit,5014.75,10,250837.5,100,0.04,0,100,0.04,-775,-0.31,33412.5,3.34,26
414,Entry short,2024-02-14 22:00,MR_Short,5016.75,10,250837.5,100,0.04,0,100,0.04,-775,-0.31,33412.5,3.34,26
415,Exit short,2024-02-15 13:30,MR_Short_Exit,5039,10,252050,100,0.04,0,100,0.04,-112.5,-0.04,33512.5,3.35,0
415,Entry short,2024-02-15 13:30,MR_Short,5041,10,252050,100,0.04,0,100,0.04,-112.5,-0.04,33512.5,3.35,0
416,Exit long,2024-02-15 14:00,Sq_Long_Exit,5043.25,10,252012.5,150,0.06,0,200,0.08,-200,-0.08,33662.5,3.37,0
416,Entry long,2024-02-15 14:00,Sq_Long,5040.25,10,252012.5,150,0.06,0,200,0.08,-200,-0.08,33662.5,3.37,0
417,Exit short,2024-02-16 08:30,MR_Short_Exit,5050.25,10,252600,87.5,0.03,0,87.5,0.03,-375,-0.15,33750,3.38,10
417,Entry short,2024-02-16 03:30,MR_Short,5052,10,252600,87.5,0.03,0,87.5,0.03,-375,-0.15,33750,3.38,10
418,Exit long,2024-02-16 09:00,MR_Long_Exit,5043.25,10,252062.5,100,0.04,0,100,0.04,-125,-0.05,33850,3.39,0
418,Entry long,2024-02-16 09:00,MR_Long,5041.25,10,252062.5,100,0.04,0,100,0.04,-125,-0.05,33850,3.39,0
419,Exit long,2024-02-16 10:00,MR_Long_Exit,5023.75,10,251087.5,100,0.04,0,100,0.04,0,0.00,33950,3.40,0
419,Entry long,2024-02-16 10:00,MR_Long,5021.75,10,251087.5,100,0.04,0,100,0.04,0,0.00,33950,3.40,0
420,Exit long,2024-02-16 15:00,MR_Long_Exit,5033.25,10,251575,87.5,0.03,0,87.5,0.03,0,0.00,34037.5,3.40,0
420,Entry long,2024-02-16 15:00,MR_Long,5031.5,10,251575,87.5,0.03,0,87.5,0.03,0,0.00,34037.5,3.40,0
421,Exit long,2024-02-16 16:30,Session Flatten,5015.75,10,251025,-237.5,-0.09,0,37.5,0.01,-325,-0.13,33800,3.38,1
421,Entry long,2024-02-16 16:00,MR_Long,5020.5,10,251025,-237.5,-0.09,0,37.5,0.01,-325,-0.13,33800,3.38,1
422,Exit long,2024-02-20 12:00,MR_Long_Exit,4977,10,250900,-2050,-0.82,0,25,0.01,-2050,-0.82,31750,3.18,35
422,Entry long,2024-02-19 18:30,MR_Long,5018,10,250900,-2050,-0.82,0,25,0.01,-2050,-0.82,31750,3.18,35
423,Exit long,2024-02-20 12:30,MR_Long_Exit,4977,10,248750,100,0.04,0,100,0.04,0,0.00,31850,3.19,0
423,Entry long,2024-02-20 12:30,MR_Long,4975,10,248750,100,0.04,0,100,0.04,0,0.00,31850,3.19,0
424,Exit long,2024-02-21 03:30,MR_Long_Exit,4980.25,10,248912.5,100,0.04,0,100,0.04,-112.5,-0.05,31950,3.20,0
424,Entry long,2024-02-21 03:30,MR_Long,4978.25,10,248912.5,100,0.04,0,100,0.04,-112.5,-0.05,31950,3.20,0
425,Exit long,2024-02-21 08:30,MR_Long_Exit,4976.25,10,248725,87.5,0.04,0,87.5,0.04,-100,-0.04,32037.5,3.20,0
425,Entry long,2024-02-21 08:30,MR_Long,4974.5,10,248725,87.5,0.04,0,87.5,0.04,-100,-0.04,32037.5,3.20,0
426,Exit short,2024-02-21 16:00,MR_Short_Exit,4993.75,10,249787.5,100,0.04,0,100,0.04,-1037.5,-0.42,32137.5,3.21,0
426,Entry short,2024-02-21 16:00,MR_Short,4995.75,10,249787.5,100,0.04,0,100,0.04,-1037.5,-0.42,32137.5,3.21,0
427,Exit short,2024-02-22 19:00,MR_Short_Exit,5096.25,10,254912.5,100,0.04,0,100,0.04,-112.5,-0.04,32237.5,3.22,1
427,Entry short,2024-02-22 18:30,MR_Short,5098.25,10,254912.5,100,0.04,0,100,0.04,-112.5,-0.04,32237.5,3.22,1
428,Exit short,2024-02-23 11:00,MR_Short_Exit,5105,10,255350,100,0.04,0,100,0.04,-800,-0.31,32337.5,3.23,4
428,Entry short,2024-02-23 09:00,MR_Short,5107,10,255350,100,0.04,0,100,0.04,-800,-0.31,32337.5,3.23,4
429,Exit long,2024-02-25 20:00,MR_Long_Exit,5091.5,10,254475,100,0.04,0,100,0.04,-112.5,-0.04,32437.5,3.24,0
429,Entry long,2024-02-25 20:00,MR_Long,5089.5,10,254475,100,0.04,0,100,0.04,-112.5,-0.04,32437.5,3.24,0
430,Exit short,2024-02-26 05:30,MR_Short_Exit,5098,10,255000,100,0.04,0,100,0.04,-37.5,-0.01,32537.5,3.25,0
430,Entry short,2024-02-26 05:30,MR_Short,5100,10,255000,100,0.04,0,100,0.04,-37.5,-0.01,32537.5,3.25,0
431,Exit long,2024-02-26 08:30,Sq_Long_Exit,5106.25,10,255087.5,225,0.09,0,275,0.11,-325,-0.13,32762.5,3.28,4
431,Entry long,2024-02-26 06:30,Sq_Long,5101.75,10,255087.5,225,0.09,0,275,0.11,-325,-0.13,32762.5,3.28,4
432,Exit short,2024-02-26 09:00,MR_Short_Exit,5103,10,255250,100,0.04,0,100,0.04,-12.5,0.00,32862.5,3.29,0
432,Entry short,2024-02-26 09:00,MR_Short,5105,10,255250,100,0.04,0,100,0.04,-12.5,0.00,32862.5,3.29,0
433,Exit long,2024-02-26 13:30,MR_Long_Exit,5088.5,10,254337.5,87.5,0.03,0,87.5,0.03,0,0.00,32950,3.30,0
433,Entry long,2024-02-26 13:30,MR_Long,5086.75,10,254337.5,87.5,0.03,0,87.5,0.03,0,0.00,32950,3.30,0
434,Exit long,2024-02-26 16:30,Session Flatten,5079,10,254000,-50,-0.02,0,25,0.01,-112.5,-0.04,32900,3.29,1
434,Entry long,2024-02-26 16:00,MR_Long,5080,10,254000,-50,-0.02,0,25,0.01,-112.5,-0.04,32900,3.29,1
435,Exit short,2024-02-27 05:00,MR_Short_Exit,5084,10,254312.5,112.5,0.04,0,112.5,0.04,-25,-0.01,33012.5,3.30,1
435,Entry short,2024-02-27 04:30,MR_Short,5086.25,10,254312.5,112.5,0.04,0,112.5,0.04,-25,-0.01,33012.5,3.30,1
436,Exit short,2024-02-27 08:00,MR_Short_Exit,5085.5,10,254375,100,0.04,0,100,0.04,-125,-0.05,33112.5,3.31,1
436,Entry short,2024-02-27 07:30,MR_Short,5087.5,10,254375,100,0.04,0,100,0.04,-125,-0.05,33112.5,3.31,1
437,Exit long,2024-02-27 13:00,Sq_Short,5070,10,253500,0,0.00,0,0,0.00,0,0.00,33112.5,3.31,0
437,Entry long,2024-02-27 13:00,MR_Long,5070,10,253500,0,0.00,0,0,0.00,0,0.00,33112.5,3.31,0
438,Exit short,2024-02-27 13:00,Sq_Short_Exit,5068,10,253500,100,0.04,0,150,0.06,0,0.00,33212.5,3.32,0
438,Entry short,2024-02-27 13:00,Sq_Short,5070,10,253500,100,0.04,0,150,0.06,0,0.00,33212.5,3.32,0
439,Exit long,2024-02-28 10:30,MR_Long_Exit,5081.75,10,253975,112.5,0.04,0,112.5,0.04,-825,-0.32,33325,3.33,14
439,Entry long,2024-02-28 03:30,MR_Long,5079.5,10,253975,112.5,0.04,0,112.5,0.04,-825,-0.32,33325,3.33,14
440,Exit short,2024-02-28 11:30,MR_Short_Exit,5082.5,10,254225,100,0.04,0,100,0.04,-137.5,-0.05,33425,3.34,0
440,Entry short,2024-02-28 11:30,MR_Short,5084.5,10,254225,100,0.04,0,100,0.04,-137.5,-0.05,33425,3.34,0
441,Exit short,2024-02-28 14:00,MR_Short_Exit,5083.75,10,254287.5,100,0.04,0,100,0.04,-25,-0.01,33525,3.35,0
441,Entry short,2024-02-28 14:00,MR_Short,5085.75,10,254287.5,100,0.04,0,100,0.04,-25,-0.01,33525,3.35,0
442,Exit long,2024-02-29 03:30,MR_Long_Exit,5070,10,253400,100,0.04,0,100,0.04,-112.5,-0.04,33625,3.36,0
442,Entry long,2024-02-29 03:30,MR_Long,5068,10,253400,100,0.04,0,100,0.04,-112.5,-0.04,33625,3.36,0
443,Exit short,2024-02-29 10:00,MR_Short_Exit,5093.25,10,254775,112.5,0.04,0,112.5,0.04,-500,-0.20,33737.5,3.37,2
443,Entry short,2024-02-29 09:00,MR_Short,5095.5,10,254775,112.5,0.04,0,112.5,0.04,-500,-0.20,33737.5,3.37,2
444,Exit short,2024-02-29 13:30,MR_Short_Exit,5092.75,10,254737.5,100,0.04,0,100,0.04,-100,-0.04,33837.5,3.38,0
444,Entry short,2024-02-29 13:30,MR_Short,5094.75,10,254737.5,100,0.04,0,100,0.04,-100,-0.04,33837.5,3.38,0
445,Exit short,2024-02-29 15:30,MR_Short_Exit,5096.25,10,254925,112.5,0.04,0,112.5,0.04,0,0.00,33950,3.40,0
445,Entry short,2024-02-29 15:30,MR_Short,5098.5,10,254925,112.5,0.04,0,112.5,0.04,0,0.00,33950,3.40,0
446,Exit short,2024-03-01 03:30,MR_Short_Exit,5108.75,10,255537.5,100,0.04,0,100,0.04,-275,-0.11,34050,3.41,13
446,Entry short,2024-02-29 21:00,MR_Short,5110.75,10,255537.5,100,0.04,0,100,0.04,-275,-0.11,34050,3.41,13
447,Exit long,2024-03-01 05:30,MR_Long_Exit,5091.75,10,254487.5,100,0.04,0,100,0.04,-12.5,0.00,34150,3.42,0
447,Entry long,2024-03-01 05:30,MR_Long,5089.75,10,254487.5,100,0.04,0,100,0.04,-12.5,0.00,34150,3.42,0
448,Exit long,2024-03-01 07:30,MR_Long_Exit,5100.25,10,254912.5,100,0.04,0,100,0.04,-50,-0.02,34250,3.43,0
448,Entry long,2024-03-01 07:30,MR_Long,5098.25,10,254912.5,100,0.04,0,100,0.04,-50,-0.02,34250,3.43,0
449,Exit short,2024-03-01 10:30,MR_Short_Exit,5118,10,256000,100,0.04,0,100,0.04,-225,-0.09,34350,3.44,0
449,Entry short,2024-03-01 10:30,MR_Short,5120,10,256000,100,0.04,0,100,0.04,-225,-0.09,34350,3.44,0
450,Exit long,2024-03-04 09:00,MR_Long_Exit,5136,10,256700,100,0.04,0,100,0.04,-100,-0.04,34450,3.45,0
450,Entry long,2024-03-04 09:00,MR_Long,5134,10,256700,100,0.04,0,100,0.04,-100,-0.04,34450,3.45,0
451,Exit long,2024-03-04 15:00,MR_Short,5153.75,10,257687.5,0,0.00,0,0,0.00,0,0.00,34450,3.45,0
451,Entry long,2024-03-04 15:00,Sq_Long,5153.75,10,257687.5,0,0.00,0,0,0.00,0,0.00,34450,3.45,0
452,Exit long,2024-03-04 15:00,Sq_Long_Exit,5156.5,10,257687.5,137.5,0.05,0,187.5,0.07,0,0.00,34587.5,3.46,0
452,Entry long,2024-03-04 15:00,Sq_Long,5153.75,10,257687.5,137.5,0.05,0,187.5,0.07,0,0.00,34587.5,3.46,0
453,Exit long,2024-03-04 19:00,MR_Long_Exit,5132.75,10,256550,87.5,0.03,0,87.5,0.03,-62.5,-0.02,34675,3.47,0
453,Entry long,2024-03-04 19:00,MR_Long,5131,10,256550,87.5,0.03,0,87.5,0.03,-62.5,-0.02,34675,3.47,0
454,Exit long,2024-03-05 11:30,MR_Long_Exit,5087,10,256400,-2050,-0.80,0,62.5,0.02,-2050,-0.80,32625,3.26,22
454,Entry long,2024-03-05 00:30,MR_Long,5128,10,256400,-2050,-0.80,0,62.5,0.02,-2050,-0.80,32625,3.26,22
455,Exit long,2024-03-05 12:00,MR_Long_Exit,5092.75,10,254537.5,100,0.04,0,100,0.04,-75,-0.03,32725,3.27,0
455,Entry long,2024-03-05 12:00,MR_Long,5090.75,10,254537.5,100,0.04,0,100,0.04,-75,-0.03,32725,3.27,0
456,Exit short,2024-03-06 16:30,Session Flatten,5113.25,10,254912.5,-750,-0.29,0,50,0.02,-1812.5,-0.71,31975,3.20,26
456,Entry short,2024-03-06 03:30,MR_Short,5098.25,10,254912.5,-750,-0.29,0,50,0.02,-1812.5,-0.71,31975,3.20,26
457,Exit long,2024-03-06 21:00,MR_Long_Exit,5097.25,10,254775,87.5,0.03,0,87.5,0.03,0,0.00,32062.5,3.21,0
457,Entry long,2024-03-06 21:00,MR_Long,5095.5,10,254775,87.5,0.03,0,87.5,0.03,0,0.00,32062.5,3.21,0
458,Exit short,2024-03-07 10:00,MR_Short_Exit,5151.75,10,255525,-2062.5,-0.81,0,75,0.03,-2062.5,-0.81,30000,3.00,11
458,Entry short,2024-03-07 04:30,MR_Short,5110.5,10,255525,-2062.5,-0.81,0,75,0.03,-2062.5,-0.81,30000,3.00,11
459,Exit long,2024-03-08 08:00,MR_Long_Exit,5155.5,10,257687.5,87.5,0.03,0,87.5,0.03,-175,-0.07,30087.5,3.01,1
459,Entry long,2024-03-08 07:30,MR_Long,5153.75,10,257687.5,87.5,0.03,0,87.5,0.03,-175,-0.07,30087.5,3.01,1
460,Exit long,2024-03-08 10:00,MR_Short,5188.25,10,259412.5,0,0.00,0,0,0.00,0,0.00,30087.5,3.01,0
460,Entry long,2024-03-08 10:00,Sq_Long,5188.25,10,259412.5,0,0.00,0,0,0.00,0,0.00,30087.5,3.01,0
461,Exit long,2024-03-08 10:00,Sq_Long_Exit,5192,10,259412.5,187.5,0.07,0,237.5,0.09,-125,-0.05,30275,3.03,0
461,Entry long,2024-03-08 10:00,Sq_Long,5188.25,10,259412.5,187.5,0.07,0,237.5,0.09,-125,-0.05,30275,3.03,0
462,Exit long,2024-03-08 13:00,MR_Long_Exit,5137.75,10,256800,87.5,0.03,0,87.5,0.03,-250,-0.10,30362.5,3.04,0
462,Entry long,2024-03-08 13:00,MR_Long,5136,10,256800,87.5,0.03,0,87.5,0.03,-250,-0.10,30362.5,3.04,0
463,Exit long,2024-03-08 15:30,MR_Long_Exit,5132,10,256500,100,0.04,0,100,0.04,-112.5,-0.04,30462.5,3.05,0
463,Entry long,2024-03-08 15:30,MR_Long,5130,10,256500,100,0.04,0,100,0.04,-112.5,-0.04,30462.5,3.05,0
464,Exit long,2024-03-10 21:00,MR_Long_Exit,5128,10,256300,100,0.04,0,100,0.04,-125,-0.05,30562.5,3.06,1
464,Entry long,2024-03-10 20:30,MR_Long,5126,10,256300,100,0.04,0,100,0.04,-125,-0.05,30562.5,3.06,1
465,Exit long,2024-03-11 08:30,MR_Long_Exit,5108.25,10,255300,112.5,0.04,0,112.5,0.04,-150,-0.06,30675,3.07,0
465,Entry long,2024-03-11 08:30,MR_Long,5106,10,255300,112.5,0.04,0,112.5,0.04,-150,-0.06,30675,3.07,0
466,Exit long,2024-03-11 10:00,MR_Long_Exit,5105.75,10,255200,87.5,0.03,0,87.5,0.03,0,0.00,30762.5,3.08,0
466,Entry long,2024-03-11 10:00,MR_Long,5104,10,255200,87.5,0.03,0,87.5,0.03,0,0.00,30762.5,3.08,0
467,Exit short,2024-03-11 16:30,Session Flatten,5124.75,10,254975,-1262.5,-0.50,0,25,0.01,-1475,-0.58,29500,2.95,12
467,Entry short,2024-03-11 10:30,Sq_Short,5099.5,10,254975,-1262.5,-0.50,0,25,0.01,-1475,-0.58,29500,2.95,12
468,Exit short,2024-03-12 04:30,MR_Short_Exit,5195.25,10,259875,112.5,0.04,0,112.5,0.04,-562.5,-0.22,29612.5,2.96,20
468,Entry short,2024-03-11 18:30,MR_Short,5197.5,10,259875,112.5,0.04,0,112.5,0.04,-562.5,-0.22,29612.5,2.96,20
469,Exit short,2024-03-12 12:30,MR_Short_Exit,5220.75,10,261137.5,100,0.04,0,100,0.04,-787.5,-0.30,29712.5,2.97,4
469,Entry short,2024-03-12 10:30,MR_Short,5222.75,10,261137.5,100,0.04,0,100,0.04,-787.5,-0.30,29712.5,2.97,4
470,Exit short,2024-03-12 16:30,Session Flatten,5242.75,10,261450,-687.5,-0.26,0,62.5,0.02,-887.5,-0.34,29025,2.90,5
470,Entry short,2024-03-12 14:00,MR_Short,5229,10,261450,-687.5,-0.26,0,62.5,0.02,-887.5,-0.34,29025,2.90,5
471,Exit short,2024-03-12 20:30,MR_Short_Exit,5240.75,10,262137.5,100,0.04,0,100,0.04,-125,-0.05,29125,2.91,4
471,Entry short,2024-03-12 18:30,MR_Short,5242.75,10,262137.5,100,0.04,0,100,0.04,-125,-0.05,29125,2.91,4
472,Exit long,2024-03-13 10:00,MR_Long_Exit,5235,10,261637.5,112.5,0.04,0,112.5,0.04,-200,-0.08,29237.5,2.92,0
472,Entry long,2024-03-13 10:00,MR_Long,5232.75,10,261637.5,112.5,0.04,0,112.5,0.04,-200,-0.08,29237.5,2.92,0
473,Exit long,2024-03-13 15:30,Sq_Short,5224.5,10,261225,0,0.00,0,0,0.00,0,0.00,29237.5,2.92,0
473,Entry long,2024-03-13 15:30,MR_Long,5224.5,10,261225,0,0.00,0,0,0.00,0,0.00,29237.5,2.92,0
474,Exit short,2024-03-13 16:30,Session Flatten,5237,10,261225,-625,-0.24,0,75,0.03,-625,-0.24,28612.5,2.86,2
474,Entry short,2024-03-13 15:30,Sq_Short,5224.5,10,261225,-625,-0.24,0,75,0.03,-625,-0.24,28612.5,2.86,2
475,Exit short,2024-03-14 08:30,MR_Short_Exit,5242.5,10,262212.5,87.5,0.03,0,87.5,0.03,-462.5,-0.18,28700,2.87,9
475,Entry short,2024-03-14 04:00,MR_Short,5244.25,10,262212.5,87.5,0.03,0,87.5,0.03,-462.5,-0.18,28700,2.87,9
476,Exit long,2024-03-14 10:00,MR_Long_Exit,5211.25,10,260475,87.5,0.03,0,87.5,0.03,-325,-0.12,28787.5,2.88,0
476,Entry long,2024-03-14 10:00,MR_Long,5209.5,10,260475,87.5,0.03,0,87.5,0.03,-325,-0.12,28787.5,2.88,0
477,Exit long,2024-03-14 15:30,MR_Long_Exit,5210.75,10,260437.5,100,0.04,0,100,0.04,-1037.5,-0.40,28887.5,2.89,1
477,Entry long,2024-03-14 15:00,MR_Long,5208.75,10,260437.5,100,0.04,0,100,0.04,-1037.5,-0.40,28887.5,2.89,1
478,Exit short,2024-03-15 08:00,MR_Short_Exit,5222.75,10,261250,112.5,0.04,0,112.5,0.04,-275,-0.11,29000,2.90,4
478,Entry short,2024-03-15 06:00,MR_Short,5225,10,261250,112.5,0.04,0,112.5,0.04,-275,-0.11,29000,2.90,4
479,Exit long,2024-03-15 09:30,MR_Long_Exit,5188.25,10,259300,112.5,0.04,0,112.5,0.04,-287.5,-0.11,29112.5,2.91,0
479,Entry long,2024-03-15 09:30,MR_Long,5186,10,259300,112.5,0.04,0,112.5,0.04,-287.5,-0.11,29112.5,2.91,0
480,Exit short,2024-03-18 03:00,MR_Short_Exit,5195,10,259850,100,0.04,0,100,0.04,-112.5,-0.04,29212.5,2.92,3
480,Entry short,2024-03-18 01:30,MR_Short,5197,10,259850,100,0.04,0,100,0.04,-112.5,-0.04,29212.5,2.92,3
481,Exit short,2024-03-18 05:00,MR_Short_Exit,5199.75,10,260100,112.5,0.04,0,112.5,0.04,-75,-0.03,29325,2.93,0
481,Entry short,2024-03-18 05:00,MR_Short,5202,10,260100,112.5,0.04,0,112.5,0.04,-75,-0.03,29325,2.93,0
482,Exit long,2024-03-18 07:30,MR_Short,5213.75,10,260687.5,0,0.00,0,0,0.00,0,0.00,29325,2.93,0
482,Entry long,2024-03-18 07:30,Sq_Long,5213.75,10,260687.5,0,0.00,0,0,0.00,0,0.00,29325,2.93,0
483,Exit long,2024-03-18 07:30,Sq_Long_Exit,5220.25,10,260687.5,325,0.12,0,375,0.14,-12.5,0.00,29650,2.97,0
483,Entry long,2024-03-18 07:30,Sq_Long,5213.75,10,260687.5,325,0.12,0,375,0.14,-12.5,0.00,29650,2.97,0
484,Exit long,2024-03-18 19:00,MR_Long_Exit,5210.25,10,260425,87.5,0.03,0,87.5,0.03,0,0.00,29737.5,2.97,0
484,Entry long,2024-03-18 19:00,MR_Long,5208.5,10,260425,87.5,0.03,0,87.5,0.03,0,0.00,29737.5,2.97,0
485,Exit long,2024-03-19 08:30,MR_Long_Exit,5196.75,10,259725,112.5,0.04,0,112.5,0.04,-425,-0.16,29850,2.99,2
485,Entry long,2024-03-19 07:30,MR_Long,5194.5,10,259725,112.5,0.04,0,112.5,0.04,-425,-0.16,29850,2.99,2
486,Exit short,2024-03-19 16:30,Session Flatten,5240.25,10,261200,-812.5,-0.31,0,0,0.00,-1037.5,-0.40,29037.5,2.90,8
486,Entry short,2024-03-19 12:30,MR_Short,5224,10,261200,-812.5,-0.31,0,0,0.00,-1037.5,-0.40,29037.5,2.90,8
487,Exit short,2024-03-20 08:00,MR_Short_Exit,5242.5,10,262212.5,87.5,0.03,0,87.5,0.03,-100,-0.04,29125,2.91,1
487,Entry short,2024-03-20 07:30,MR_Short,5244.25,10,262212.5,87.5,0.03,0,87.5,0.03,-100,-0.04,29125,2.91,1
488,Exit short,2024-03-20 10:30,MR_Short_Exit,5244.75,10,262337.5,100,0.04,0,100,0.04,-62.5,-0.02,29225,2.92,0
488,Entry short,2024-03-20 10:30,MR_Short,5246.75,10,262337.5,100,0.04,0,100,0.04,-62.5,-0.02,29225,2.92,0
489,Exit short,2024-03-20 14:30,MR_Short_Exit,5257,10,262962.5,112.5,0.04,0,112.5,0.04,0,0.00,29337.5,2.93,0
489,Entry short,2024-03-20 14:30,MR_Short,5259.25,10,262962.5,112.5,0.04,0,112.5,0.04,0,0.00,29337.5,2.93,0
490,Exit long,2024-03-20 15:00,Sq_Long_Exit,5287.5,10,263625,750,0.28,0,800,0.30,-62.5,-0.02,30087.5,3.01,0
490,Entry long,2024-03-20 15:00,Sq_Long,5272.5,10,263625,750,0.28,0,800,0.30,-62.5,-0.02,30087.5,3.01,0
491,Exit short,2024-03-21 10:30,MR_Short_Exit,5317,10,265962.5,112.5,0.04,0,112.5,0.04,-100,-0.04,30200,3.02,0
491,Entry short,2024-03-21 10:30,MR_Short,5319.25,10,265962.5,112.5,0.04,0,112.5,0.04,-100,-0.04,30200,3.02,0
492,Exit short,2024-03-21 12:30,MR_Short_Exit,5319.75,10,266087.5,100,0.04,0,100,0.04,-50,-0.02,30300,3.03,0
492,Entry short,2024-03-21 12:30,MR_Short,5321.75,10,266087.5,100,0.04,0,100,0.04,-50,-0.02,30300,3.03,0
493,Exit long,2024-03-21 23:00,MR_Long_Exit,5301.75,10,265000,87.5,0.03,0,87.5,0.03,-25,-0.01,30387.5,3.04,0
493,Entry long,2024-03-21 23:00,MR_Long,5300,10,265000,87.5,0.03,0,87.5,0.03,-25,-0.01,30387.5,3.04,0
494,Exit long,2024-03-22 08:00,MR_Long_Exit,5297,10,264762.5,87.5,0.03,0,87.5,0.03,0,0.00,30475,3.05,0
494,Entry long,2024-03-22 08:00,MR_Long,5295.25,10,264762.5,87.5,0.03,0,87.5,0.03,0,0.00,30475,3.05,0
495,Exit short,2024-03-22 11:00,Sq_Short_Exit,5290.75,10,264725,187.5,0.07,0,237.5,0.09,-512.5,-0.19,30662.5,3.07,5
495,Entry short,2024-03-22 08:30,Sq_Short,5294.5,10,264725,187.5,0.07,0,237.5,0.09,-512.5,-0.19,30662.5,3.07,5
496,Exit long,2024-03-25 02:30,MR_Long_Exit,5285.75,10,264200,87.5,0.03,0,87.5,0.03,-25,-0.01,30750,3.08,0
496,Entry long,2024-03-25 02:30,MR_Long,5284,10,264200,87.5,0.03,0,87.5,0.03,-25,-0.01,30750,3.08,0
497,Exit long,2024-03-25 10:00,MR_Long_Exit,5284,10,264112.5,87.5,0.03,0,87.5,0.03,-475,-0.18,30837.5,3.08,8
497,Entry long,2024-03-25 06:00,MR_Long,5282.25,10,264112.5,87.5,0.03,0,87.5,0.03,-475,-0.18,30837.5,3.08,8
498,Exit short,2024-03-26 03:30,MR_Short_Exit,5288.25,10,264512.5,100,0.04,0,100,0.04,-200,-0.08,30937.5,3.09,1
498,Entry short,2024-03-26 03:00,MR_Short,5290.25,10,264512.5,100,0.04,0,100,0.04,-200,-0.08,30937.5,3.09,1
499,Exit long,2024-03-26 05:00,MR_Short,5293.25,10,264662.5,0,0.00,0,0,0.00,0,0.00,30937.5,3.09,0
499,Entry long,2024-03-26 05:00,Sq_Long,5293.25,10,264662.5,0,0.00,0,0,0.00,0,0.00,30937.5,3.09,0
500,Exit long,2024-03-26 05:00,Sq_Long_Exit,5297.5,10,264662.5,212.5,0.08,0,262.5,0.10,-12.5,0.00,31150,3.12,0
500,Entry long,2024-03-26 05:00,Sq_Long,5293.25,10,264662.5,212.5,0.08,0,262.5,0.10,-12.5,0.00,31150,3.12,0
501,Exit long,2024-03-26 14:00,MR_Long_Exit,5286.75,10,264237.5,100,0.04,0,100,0.04,-12.5,0.00,31250,3.13,0
501,Entry long,2024-03-26 14:00,MR_Long,5284.75,10,264237.5,100,0.04,0,100,0.04,-12.5,0.00,31250,3.13,0
502,Exit long,2024-03-26 16:30,Session Flatten,5272,10,264037.5,-437.5,-0.17,0,12.5,0.00,-887.5,-0.34,30812.5,3.08,2
502,Entry long,2024-03-26 15:30,MR_Long,5280.75,10,264037.5,-437.5,-0.17,0,12.5,0.00,-887.5,-0.34,30812.5,3.08,2
503,Exit short,2024-03-27 02:30,MR_Short_Exit,5280.5,10,264125,100,0.04,0,100,0.04,-162.5,-0.06,30912.5,3.09,3
503,Entry short,2024-03-27 01:00,MR_Short,5282.5,10,264125,100,0.04,0,100,0.04,-162.5,-0.06,30912.5,3.09,3
504,Exit long,2024-03-27 06:30,MR_Short,5287,10,264350,0,0.00,0,0,0.00,0,0.00,30912.5,3.09,0
504,Entry long,2024-03-27 06:30,Sq_Long,5287,10,264350,0,0.00,0,0,0.00,0,0.00,30912.5,3.09,0
505,Exit long,2024-03-27 09:00,Sq_Long_Exit,5293.5,10,264350,325,0.12,0,375,0.14,-275,-0.10,31237.5,3.12,5
505,Entry long,2024-03-27 06:30,Sq_Long,5287,10,264350,325,0.12,0,375,0.14,-275,-0.10,31237.5,3.12,5
506,Exit short,2024-03-27 09:30,MR_Short_Exit,5291.25,10,264650,87.5,0.03,0,87.5,0.03,-37.5,-0.01,31325,3.13,0
506,Entry short,2024-03-27 09:30,MR_Short,5293,10,264650,87.5,0.03,0,87.5,0.03,-37.5,-0.01,31325,3.13,0
507,Exit long,2024-03-27 10:30,MR_Long_Exit,5277.25,10,263750,112.5,0.04,0,112.5,0.04,-162.5,-0.06,31437.5,3.14,0
507,Entry long,2024-03-27 10:30,MR_Long,5275,10,263750,112.5,0.04,0,112.5,0.04,-162.5,-0.06,31437.5,3.14,0
508,Exit short,2024-03-27 16:00,MR_Short_Exit,5308,10,265500,100,0.04,0,100,0.04,0,0.00,31537.5,3.15,0
508,Entry short,2024-03-27 16:00,MR_Short,5310,10,265500,100,0.04,0,100,0.04,0,0.00,31537.5,3.15,0
509,Exit short,2024-03-28 11:30,MR_Short_Exit,5312.5,10,265725,100,0.04,0,100,0.04,-100,-0.04,31637.5,3.16,0
509,Entry short,2024-03-28 11:30,MR_Short,5314.5,10,265725,100,0.04,0,100,0.04,-100,-0.04,31637.5,3.16,0
510,Exit short,2024-03-28 15:30,MR_Short_Exit,5317.5,10,265962.5,87.5,0.03,0,87.5,0.03,-87.5,-0.03,31725,3.17,0
510,Entry short,2024-03-28 15:30,MR_Short,5319.25,10,265962.5,87.5,0.03,0,87.5,0.03,-87.5,-0.03,31725,3.17,0
511,Exit short,2024-04-01 07:00,MR_Short_Exit,5322.25,10,266212.5,100,0.04,0,100,0.04,-450,-0.17,31825,3.18,25
511,Entry short,2024-03-31 18:30,MR_Short,5324.25,10,266212.5,100,0.04,0,100,0.04,-450,-0.17,31825,3.18,25
512,Exit long,2024-04-01 08:30,Sq_Short,5314.25,10,265712.5,0,0.00,0,0,0.00,0,0.00,31825,3.18,0
512,Entry long,2024-04-01 08:30,MR_Long,5314.25,10,265712.5,0,0.00,0,0,0.00,0,0.00,31825,3.18,0
513,Exit short,2024-04-01 08:30,Sq_Short_Exit,5311.25,10,265712.5,150,0.06,0,200,0.08,-112.5,-0.04,31975,3.20,0
513,Entry short,2024-04-01 08:30,Sq_Short,5314.25,10,265712.5,150,0.06,0,200,0.08,-112.5,-0.04,31975,3.20,0
514,Exit long,2024-04-02 10:00,MR_Long_Exit,5238.5,10,263962.5,-2037.5,-0.77,0,62.5,0.02,-2037.5,-0.77,29937.5,2.99,5
514,Entry long,2024-04-02 07:30,MR_Long,5279.25,10,263962.5,-2037.5,-0.77,0,62.5,0.02,-2037.5,-0.77,29937.5,2.99,5
515,Exit long,2024-04-03 02:00,MR_Long_Exit,5250.75,10,262425,112.5,0.04,0,112.5,0.04,-100,-0.04,30050,3.01,0
515,Entry long,2024-04-03 02:00,MR_Long,5248.5,10,262425,112.5,0.04,0,112.5,0.04,-100,-0.04,30050,3.01,0
516,Exit long,2024-04-03 10:30,MR_Short,5275,10,263750,0,0.00,0,0,0.00,0,0.00,30050,3.01,0
516,Entry long,2024-04-03 10:30,Sq_Long,5275,10,263750,0,0.00,0,0,0.00,0,0.00,30050,3.01,0
517,Exit long,2024-04-03 10:30,Sq_Long_Exit,5278.5,10,263750,175,0.07,0,225,0.09,-125,-0.05,30225,3.02,0
517,Entry long,2024-04-03 10:30,Sq_Long,5275,10,263750,175,0.07,0,225,0.09,-125,-0.05,30225,3.02,0
518,Exit short,2024-04-04 01:00,MR_Short_Exit,5279,10,264050,100,0.04,0,100,0.04,-75,-0.03,30325,3.03,1
518,Entry short,2024-04-04 00:30,MR_Short,5281,10,264050,100,0.04,0,100,0.04,-75,-0.03,30325,3.03,1
519,Exit long,2024-04-04 09:00,MR_Short,5300,10,265000,0,0.00,0,0,0.00,0,0.00,30325,3.03,0
519,Entry long,2024-04-04 09:00,Sq_Long,5300,10,265000,0,0.00,0,0,0.00,0,0.00,30325,3.03,0
520,Exit long,2024-04-04 09:30,Sq_Long_Exit,5306,10,265000,300,0.11,0,350,0.13,-62.5,-0.02,30625,3.06,1
520,Entry long,2024-04-04 09:00,Sq_Long,5300,10,265000,300,0.11,0,350,0.13,-62.5,-0.02,30625,3.06,1
521,Exit long,2024-04-04 15:00,MR_Long_Exit,5207,10,262400,-2050,-0.78,0,0,0.00,-2050,-0.78,28575,2.86,1
521,Entry long,2024-04-04 14:30,MR_Long,5248,10,262400,-2050,-0.78,0,0,0.00,-2050,-0.78,28575,2.86,1
522,Exit short,2024-04-05 08:30,MR_Short_Exit,5216,10,260912.5,112.5,0.04,0,112.5,0.04,-325,-0.12,28687.5,2.87,0
522,Entry short,2024-04-05 08:30,MR_Short,5218.25,10,260912.5,112.5,0.04,0,112.5,0.04,-325,-0.12,28687.5,2.87,0
523,Exit short,2024-04-05 10:00,MR_Short_Exit,5224.25,10,261312.5,100,0.04,0,100,0.04,-250,-0.10,28787.5,2.88,0
523,Entry short,2024-04-05 10:00,MR_Short,5226.25,10,261312.5,100,0.04,0,100,0.04,-250,-0.10,28787.5,2.88,0
524,Exit long,2024-04-05 11:00,MR_Short,5248,10,262400,0,0.00,0,0,0.00,0,0.00,28787.5,2.88,0
524,Entry long,2024-04-05 11:00,Sq_Long,5248,10,262400,0,0.00,0,0,0.00,0,0.00,28787.5,2.88,0
525,Exit long,2024-04-05 11:30,Sq_Long_Exit,5264,10,262400,800,0.30,0,850,0.32,-825,-0.31,29587.5,2.96,1
525,Entry long,2024-04-05 11:00,Sq_Long,5248,10,262400,800,0.30,0,850,0.32,-825,-0.31,29587.5,2.96,1
526,Exit short,2024-04-08 09:00,MR_Short_Exit,5263,10,263250,100,0.04,0,100,0.04,-87.5,-0.03,29687.5,2.97,0
526,Entry short,2024-04-08 09:00,MR_Short,5265,10,263250,100,0.04,0,100,0.04,-87.5,-0.03,29687.5,2.97,0
527,Exit long,2024-04-08 11:00,MR_Short,5267,10,263350,0,0.00,0,0,0.00,0,0.00,29687.5,2.97,0
527,Entry long,2024-04-08 11:00,Sq_Long,5267,10,263350,0,0.00,0,0,0.00,0,0.00,29687.5,2.97,0
528,Exit long,2024-04-08 16:30,Session Flatten,5256,10,263350,-550,-0.21,0,75,0.03,-1100,-0.42,29137.5,2.91,11
528,Entry long,2024-04-08 11:00,Sq_Long,5267,10,263350,-550,-0.21,0,75,0.03,-1100,-0.42,29137.5,2.91,11
529,Exit short,2024-04-09 09:30,MR_Short_Exit,5262.25,10,263212.5,100,0.04,0,100,0.04,-512.5,-0.19,29237.5,2.92,2
529,Entry short,2024-04-09 08:30,MR_Short,5264.25,10,263212.5,100,0.04,0,100,0.04,-512.5,-0.19,29237.5,2.92,2
530,Exit long,2024-04-09 12:30,MR_Long_Exit,5244,10,262100,100,0.04,0,100,0.04,-1662.5,-0.63,29337.5,2.93,4
530,Entry long,2024-04-09 10:30,MR_Long,5242,10,262100,100,0.04,0,100,0.04,-1662.5,-0.63,29337.5,2.93,4
531,Exit long,2024-04-09 13:00,MR_Long_Exit,5235.75,10,261700,87.5,0.03,0,87.5,0.03,-100,-0.04,29425,2.94,0
531,Entry long,2024-04-09 13:00,MR_Long,5234,10,261700,87.5,0.03,0,87.5,0.03,-100,-0.04,29425,2.94,0
532,Exit long,2024-04-09 14:00,MR_Long_Exit,5234.75,10,261637.5,100,0.04,0,100,0.04,-237.5,-0.09,29525,2.95,0
532,Entry long,2024-04-09 14:00,MR_Long,5232.75,10,261637.5,100,0.04,0,100,0.04,-237.5,-0.09,29525,2.95,0
533,Exit short,2024-04-10 05:30,MR_Short_Exit,5260.75,10,263137.5,100,0.04,0,100,0.04,-375,-0.14,29625,2.96,20
533,Entry short,2024-04-09 19:30,MR_Short,5262.75,10,263137.5,100,0.04,0,100,0.04,-375,-0.14,29625,2.96,20
534,Exit long,2024-04-10 09:00,Sq_Short,5192.5,10,259625,0,0.00,0,0,0.00,0,0.00,29625,2.96,0
534,Entry long,2024-04-10 09:00,MR_Long,5192.5,10,259625,0,0.00,0,0,0.00,0,0.00,29625,2.96,0
535,Exit short,2024-04-10 09:00,Sq_Short_Exit,5180.75,10,259625,587.5,0.23,0,637.5,0.25,-487.5,-0.19,30212.5,3.02,0
535,Entry short,2024-04-10 09:00,Sq_Short,5192.5,10,259625,587.5,0.23,0,637.5,0.25,-487.5,-0.19,30212.5,3.02,0
536,Exit long,2024-04-11 07:30,Sq_Short,5189.5,10,259475,0,0.00,0,0,0.00,0,0.00,30212.5,3.02,0
536,Entry long,2024-04-11 07:30,MR_Long,5189.5,10,259475,0,0.00,0,0,0.00,0,0.00,30212.5,3.02,0
537,Exit short,2024-04-11 07:30,Sq_Short_Exit,5179.5,10,259475,500,0.19,0,550,0.21,-75,-0.03,30712.5,3.07,0
537,Entry short,2024-04-11 07:30,Sq_Short,5189.5,10,259475,500,0.19,0,550,0.21,-75,-0.03,30712.5,3.07,0
538,Exit short,2024-04-11 09:30,MR_Short_Exit,5216.5,10,260925,100,0.04,0,100,0.04,-100,-0.04,30812.5,3.08,0
538,Entry short,2024-04-11 09:30,MR_Short,5218.5,10,260925,100,0.04,0,100,0.04,-100,-0.04,30812.5,3.08,0
539,Exit short,2024-04-11 13:30,MR_Short_Exit,5235.25,10,261875,112.5,0.04,0,112.5,0.04,0,0.00,30925,3.09,0
539,Entry short,2024-04-11 13:30,MR_Short,5237.5,10,261875,112.5,0.04,0,112.5,0.04,0,0.00,30925,3.09,0
540,Exit short,2024-04-11 21:00,MR_Short_Exit,5244,10,262287.5,87.5,0.03,0,87.5,0.03,-12.5,0.00,31012.5,3.10,0
540,Entry short,2024-04-11 21:00,MR_Short,5245.75,10,262287.5,87.5,0.03,0,87.5,0.03,-12.5,0.00,31012.5,3.10,0
541,Exit long,2024-04-12 05:30,MR_Long_Exit,5238,10,261775,125,0.05,0,125,0.05,-112.5,-0.04,31137.5,3.11,0
541,Entry long,2024-04-12 05:30,MR_Long,5235.5,10,261775,125,0.05,0,125,0.05,-112.5,-0.04,31137.5,3.11,0
542,Exit short,2024-04-12 07:00,Sq_Short_Exit,5218.25,10,261000,87.5,0.03,0,137.5,0.05,0,0.00,31225,3.12,0
542,Entry short,2024-04-12 07:00,Sq_Short,5220,10,261000,87.5,0.03,0,137.5,0.05,0,0.00,31225,3.12,0
543,Exit short,2024-04-15 02:30,MR_Short_Exit,5190.5,10,259600,75,0.03,0,75,0.03,-87.5,-0.03,31300,3.13,0
543,Entry short,2024-04-15 02:30,MR_Short,5192,10,259600,75,0.03,0,75,0.03,-87.5,-0.03,31300,3.13,0
544,Exit short,2024-04-15 04:00,MR_Short_Exit,5193.75,10,259787.5,100,0.04,0,100,0.04,-87.5,-0.03,31400,3.14,0
544,Entry short,2024-04-15 04:00,MR_Short,5195.75,10,259787.5,100,0.04,0,100,0.04,-87.5,-0.03,31400,3.14,0
545,Exit short,2024-04-15 09:30,MR_Short_Exit,5205.25,10,260350,87.5,0.03,0,87.5,0.03,-325,-0.12,31487.5,3.15,1
545,Entry short,2024-04-15 09:00,MR_Short,5207,10,260350,87.5,0.03,0,87.5,0.03,-325,-0.12,31487.5,3.15,1
546,Exit long,2024-04-15 11:00,MR_Long_Exit,5172.5,10,258525,100,0.04,0,100,0.04,-200,-0.08,31587.5,3.16,0
546,Entry long,2024-04-15 11:00,MR_Long,5170.5,10,258525,100,0.04,0,100,0.04,-200,-0.08,31587.5,3.16,0
547,Exit long,2024-04-15 13:00,MR_Long_Exit,5124,10,258262.5,-2062.5,-0.80,0,12.5,0.00,-2062.5,-0.80,29525,2.95,1
547,Entry long,2024-04-15 12:30,MR_Long,5165.25,10,258262.5,-2062.5,-0.80,0,12.5,0.00,-2062.5,-0.80,29525,2.95,1
548,Exit short,2024-04-16 08:00,MR_Short_Exit,5115.75,10,255887.5,100,0.04,0,100,0.04,-12.5,0.00,29625,2.96,0
548,Entry short,2024-04-16 08:00,MR_Short,5117.75,10,255887.5,100,0.04,0,100,0.04,-12.5,0.00,29625,2.96,0
549,Exit long,2024-04-17 02:30,MR_Long_Exit,5088,10,254300,100,0.04,0,100,0.04,-87.5,-0.03,29725,2.97,0
549,Entry long,2024-04-17 02:30,MR_Long,5086,10,254300,100,0.04,0,100,0.04,-87.5,-0.03,29725,2.97,0
550,Exit short,2024-04-17 09:30,MR_Short_Exit,5115.5,10,255875,100,0.04,0,100,0.04,-75,-0.03,29825,2.98,0
550,Entry short,2024-04-17 09:30,MR_Short,5117.5,10,255875,100,0.04,0,100,0.04,-75,-0.03,29825,2.98,0
551,Exit long,2024-04-17 11:00,MR_Long_Exit,5087.25,10,254262.5,100,0.04,0,100,0.04,-412.5,-0.16,29925,2.99,0
551,Entry long,2024-04-17 11:00,MR_Long,5085.25,10,254262.5,100,0.04,0,100,0.04,-412.5,-0.16,29925,2.99,0
552,Exit long,2024-04-17 14:30,MR_Long_Exit,5076.75,10,253750,87.5,0.03,0,87.5,0.03,-300,-0.12,30012.5,3.00,0
552,Entry long,2024-04-17 14:30,MR_Long,5075,10,253750,87.5,0.03,0,87.5,0.03,-300,-0.12,30012.5,3.00,0
553,Exit long,2024-04-17 15:30,MR_Long_Exit,5065.5,10,253175,100,0.04,0,100,0.04,-175,-0.07,30112.5,3.01,0
553,Entry long,2024-04-17 15:30,MR_Long,5063.5,10,253175,100,0.04,0,100,0.04,-175,-0.07,30112.5,3.01,0
554,Exit short,2024-04-18 03:00,MR_Short_Exit,5077.75,10,253987.5,100,0.04,0,100,0.04,-225,-0.09,30212.5,3.02,2
554,Entry short,2024-04-18 02:00,MR_Short,5079.75,10,253987.5,100,0.04,0,100,0.04,-225,-0.09,30212.5,3.02,2
555,Exit long,2024-04-18 14:00,MR_Long_Exit,5058,10,252800,100,0.04,0,100,0.04,-687.5,-0.27,30312.5,3.03,1
555,Entry long,2024-04-18 13:30,MR_Long,5056,10,252800,100,0.04,0,100,0.04,-687.5,-0.27,30312.5,3.03,1
556,Exit long,2024-04-18 21:00,MR_Long_Exit,5003.25,10,252225,-2062.5,-0.82,0,75,0.03,-2062.5,-0.82,28250,2.83,3
556,Entry long,2024-04-18 19:30,MR_Long,5044.5,10,252225,-2062.5,-0.82,0,75,0.03,-2062.5,-0.82,28250,2.83,3
557,Exit short,2024-04-19 07:00,MR_Short_Exit,5028.5,10,251512.5,87.5,0.03,0,87.5,0.03,0,0.00,28337.5,2.83,0
557,Entry short,2024-04-19 07:00,MR_Short,5030.25,10,251512.5,87.5,0.03,0,87.5,0.03,0,0.00,28337.5,2.83,0
558,Exit long,2024-04-19 12:30,MR_Long_Exit,5006.25,10,250225,87.5,0.03,0,87.5,0.03,-87.5,-0.03,28425,2.84,0
558,Entry long,2024-04-19 12:30,MR_Long,5004.5,10,250225,87.5,0.03,0,87.5,0.03,-87.5,-0.03,28425,2.84,0
559,Exit long,2024-04-19 14:30,MR_Long_Exit,5009,10,250350,100,0.04,0,100,0.04,0,0.00,28525,2.85,0
559,Entry long,2024-04-19 14:30,MR_Long,5007,10,250350,100,0.04,0,100,0.04,0,0.00,28525,2.85,0
560,Exit short,2024-04-22 03:00,MR_Short_Exit,5027.25,10,251462.5,100,0.04,0,100,0.04,-75,-0.03,28625,2.86,0
560,Entry short,2024-04-22 03:00,MR_Short,5029.25,10,251462.5,100,0.04,0,100,0.04,-75,-0.03,28625,2.86,0
561,Exit short,2024-04-22 06:30,MR_Short_Exit,5031.5,10,251675,100,0.04,0,100,0.04,0,0.00,28725,2.87,0
561,Entry short,2024-04-22 06:30,MR_Short,5033.5,10,251675,100,0.04,0,100,0.04,0,0.00,28725,2.87,0
562,Exit long,2024-04-22 13:30,MR_Short,5052.75,10,252637.5,0,0.00,0,0,0.00,0,0.00,28725,2.87,0
562,Entry long,2024-04-22 13:30,Sq_Long,5052.75,10,252637.5,0,0.00,0,0,0.00,0,0.00,28725,2.87,0
563,Exit long,2024-04-22 13:30,Sq_Long_Exit,5071,10,252637.5,912.5,0.36,0,962.5,0.38,-75,-0.03,29637.5,2.96,0
563,Entry long,2024-04-22 13:30,Sq_Long,5052.75,10,252637.5,912.5,0.36,0,962.5,0.38,-75,-0.03,29637.5,2.96,0
564,Exit long,2024-04-23 07:00,MR_Short,5063.5,10,253175,0,0.00,0,0,0.00,0,0.00,29637.5,2.96,0
564,Entry long,2024-04-23 07:00,Sq_Long,5063.5,10,253175,0,0.00,0,0,0.00,0,0.00,29637.5,2.96,0
565,Exit long,2024-04-23 07:00,Sq_Long_Exit,5065.25,10,253175,87.5,0.03,0,137.5,0.05,0,0.00,29725,2.97,0
565,Entry long,2024-04-23 07:00,Sq_Long,5063.5,10,253175,87.5,0.03,0,137.5,0.05,0,0.00,29725,2.97,0
566,Exit short,2024-04-23 09:00,MR_Short_Exit,5063.5,10,253275,100,0.04,0,100,0.04,0,0.00,29825,2.98,0
566,Entry short,2024-04-23 09:00,MR_Short,5065.5,10,253275,100,0.04,0,100,0.04,0,0.00,29825,2.98,0
567,Exit short,2024-04-24 02:00,MR_Short_Exit,5123.75,10,256287.5,100,0.04,0,100,0.04,-150,-0.06,29925,2.99,1
567,Entry short,2024-04-24 01:30,MR_Short,5125.75,10,256287.5,100,0.04,0,100,0.04,-150,-0.06,29925,2.99,1
568,Exit long,2024-04-24 05:30,Sq_Short,5112.25,10,255612.5,0,0.00,0,0,0.00,0,0.00,29925,2.99,0
568,Entry long,2024-04-24 05:30,MR_Long,5112.25,10,255612.5,0,0.00,0,0,0.00,0,0.00,29925,2.99,0
569,Exit short,2024-04-24 05:30,Sq_Short_Exit,5107.5,10,255612.5,237.5,0.09,0,287.5,0.11,-50,-0.02,30162.5,3.02,0
569,Entry short,2024-04-24 05:30,Sq_Short,5112.25,10,255612.5,237.5,0.09,0,287.5,0.11,-50,-0.02,30162.5,3.02,0
570,Exit long,2024-04-24 07:00,MR_Long_Exit,5112.25,10,255512.5,100,0.04,0,100,0.04,-25,-0.01,30262.5,3.03,0
570,Entry long,2024-04-24 07:00,MR_Long,5110.25,10,255512.5,100,0.04,0,100,0.04,-25,-0.01,30262.5,3.03,0
571,Exit long,2024-04-24 13:30,MR_Long_Exit,5105.25,10,255162.5,100,0.04,0,100,0.04,-1062.5,-0.42,30362.5,3.04,5
571,Entry long,2024-04-24 11:00,MR_Long,5103.25,10,255162.5,100,0.04,0,100,0.04,-1062.5,-0.42,30362.5,3.04,5
572,Exit long,2024-04-24 20:00,MR_Long_Exit,5079,10,253862.5,87.5,0.03,0,87.5,0.03,-287.5,-0.11,30450,3.05,3
572,Entry long,2024-04-24 18:30,MR_Long,5077.25,10,253862.5,87.5,0.03,0,87.5,0.03,-287.5,-0.11,30450,3.05,3
573,Exit long,2024-04-24 22:00,MR_Long_Exit,5076.75,10,253737.5,100,0.04,0,100,0.04,-25,-0.01,30550,3.06,0
573,Entry long,2024-04-24 22:00,MR_Long,5074.75,10,253737.5,100,0.04,0,100,0.04,-25,-0.01,30550,3.06,0
574,Exit long,2024-04-25 02:30,MR_Long_Exit,5076.5,10,253725,100,0.04,0,100,0.04,-412.5,-0.16,30650,3.07,6
574,Entry long,2024-04-24 23:30,MR_Long,5074.5,10,253725,100,0.04,0,100,0.04,-412.5,-0.16,30650,3.07,6
575,Exit long,2024-04-25 09:00,Sq_Short,5044.75,10,252237.5,0,0.00,0,0,0.00,0,0.00,30650,3.07,0
575,Entry long,2024-04-25 09:00,MR_Long,5044.75,10,252237.5,0,0.00,0,0,0.00,0,0.00,30650,3.07,0
576,Exit short,2024-04-25 09:00,Sq_Short_Exit,5035,10,252237.5,487.5,0.19,0,537.5,0.21,-137.5,-0.05,31137.5,3.11,0
576,Entry short,2024-04-25 09:00,Sq_Short,5044.75,10,252237.5,487.5,0.19,0,537.5,0.21,-137.5,-0.05,31137.5,3.11,0
577,Exit short,2024-04-25 14:00,MR_Short_Exit,5081,10,254162.5,112.5,0.04,0,112.5,0.04,-100,-0.04,31250,3.13,0
577,Entry short,2024-04-25 14:00,MR_Short,5083.25,10,254162.5,112.5,0.04,0,112.5,0.04,-100,-0.04,31250,3.13,0
578,Exit short,2024-04-25 15:30,MR_Short_Exit,5087.25,10,254475,112.5,0.04,0,112.5,0.04,-12.5,0.00,31362.5,3.14,0
578,Entry short,2024-04-25 15:30,MR_Short,5089.5,10,254475,112.5,0.04,0,112.5,0.04,-12.5,0.00,31362.5,3.14,0
579,Exit long,2024-04-26 13:00,MR_Short,5143.25,10,257162.5,0,0.00,0,0,0.00,0,0.00,31362.5,3.14,0
579,Entry long,2024-04-26 13:00,Sq_Long,5143.25,10,257162.5,0,0.00,0,0,0.00,0,0.00,31362.5,3.14,0
580,Exit long,2024-04-26 13:00,Sq_Long_Exit,5144.75,10,257162.5,75,0.03,0,125,0.05,0,0.00,31437.5,3.14,0
580,Entry long,2024-04-26 13:00,Sq_Long,5143.25,10,257162.5,75,0.03,0,125,0.05,0,0.00,31437.5,3.14,0
581,Exit short,2024-04-26 15:30,MR_Short_Exit,5141.75,10,257175,87.5,0.03,0,87.5,0.03,-12.5,0.00,31525,3.15,0
581,Entry short,2024-04-26 15:30,MR_Short,5143.5,10,257175,87.5,0.03,0,87.5,0.03,-12.5,0.00,31525,3.15,0
582,Exit long,2024-04-29 06:00,MR_Long_Exit,5137.5,10,256787.5,87.5,0.03,0,87.5,0.03,-62.5,-0.02,31612.5,3.16,0
582,Entry long,2024-04-29 06:00,MR_Long,5135.75,10,256787.5,87.5,0.03,0,87.5,0.03,-62.5,-0.02,31612.5,3.16,0
583,Exit long,2024-04-30 09:00,MR_Long_Exit,5129,10,256350,100,0.04,0,100,0.04,-137.5,-0.05,31712.5,3.17,0
583,Entry long,2024-04-30 09:00,MR_Long,5127,10,256350,100,0.04,0,100,0.04,-137.5,-0.05,31712.5,3.17,0
584,Exit short,2024-04-30 09:30,Sq_Short_Exit,5128.25,10,256537.5,125,0.05,0,175,0.07,0,0.00,31837.5,3.18,0
584,Entry short,2024-04-30 09:30,Sq_Short,5130.75,10,256537.5,125,0.05,0,175,0.07,0,0.00,31837.5,3.18,0
585,Exit long,2024-04-30 10:30,Sq_Short,5128.5,10,256425,0,0.00,0,0,0.00,0,0.00,31837.5,3.18,0
585,Entry long,2024-04-30 10:30,MR_Long,5128.5,10,256425,0,0.00,0,0,0.00,0,0.00,31837.5,3.18,0
586,Exit short,2024-04-30 10:30,Sq_Short_Exit,5127.5,10,256425,50,0.02,0,100,0.04,0,0.00,31887.5,3.19,0
586,Entry short,2024-04-30 10:30,Sq_Short,5128.5,10,256425,50,0.02,0,100,0.04,0,0.00,31887.5,3.19,0
587,Exit long,2024-04-30 15:30,MR_Long_Exit,5073,10,255700,-2050,-0.80,0,62.5,0.02,-2050,-0.80,29837.5,2.98,8
587,Entry long,2024-04-30 11:30,MR_Long,5114,10,255700,-2050,-0.80,0,62.5,0.02,-2050,-0.80,29837.5,2.98,8
588,Exit long,2024-05-01 05:30,Sq_Short,5043.5,10,252175,0,0.00,0,0,0.00,0,0.00,29837.5,2.98,0
588,Entry long,2024-05-01 05:30,MR_Long,5043.5,10,252175,0,0.00,0,0,0.00,0,0.00,29837.5,2.98,0
589,Exit short,2024-05-01 05:30,Sq_Short_Exit,5040.5,10,252175,150,0.06,0,200,0.08,-175,-0.07,29987.5,3.00,0
589,Entry short,2024-05-01 05:30,Sq_Short,5043.5,10,252175,150,0.06,0,200,0.08,-175,-0.07,29987.5,3.00,0
590,Exit long,2024-05-01 08:00,MR_Long_Exit,5045.75,10,252187.5,100,0.04,0,100,0.04,-187.5,-0.07,30087.5,3.01,0
590,Entry long,2024-05-01 08:00,MR_Long,5043.75,10,252187.5,100,0.04,0,100,0.04,-187.5,-0.07,30087.5,3.01,0
591,Exit long,2024-05-01 14:30,MR_Short,5074.25,10,253712.5,0,0.00,0,0,0.00,0,0.00,30087.5,3.01,0
591,Entry long,2024-05-01 14:30,Sq_Long,5074.25,10,253712.5,0,0.00,0,0,0.00,0,0.00,30087.5,3.01,0
592,Exit long,2024-05-01 14:30,Sq_Long_Exit,5117.75,10,253712.5,2175,0.86,0,2225,0.88,-1062.5,-0.42,32262.5,3.23,0
592,Entry long,2024-05-01 14:30,Sq_Long,5074.25,10,253712.5,2175,0.86,0,2225,0.88,-1062.5,-0.42,32262.5,3.23,0
593,Exit long,2024-05-02 15:00,MR_Short,5096.25,10,254812.5,0,0.00,0,0,0.00,0,0.00,32262.5,3.23,0
593,Entry long,2024-05-02 15:00,Sq_Long,5096.25,10,254812.5,0,0.00,0,0,0.00,0,0.00,32262.5,3.23,0
594,Exit long,2024-05-02 15:00,Sq_Long_Exit,5099.5,10,254812.5,162.5,0.06,0,212.5,0.08,0,0.00,32425,3.24,0
594,Entry long,2024-05-02 15:00,Sq_Long,5096.25,10,254812.5,162.5,0.06,0,212.5,0.08,0,0.00,32425,3.24,0
595,Exit short,2024-05-02 18:30,MR_Short_Exit,5106.5,10,255425,100,0.04,0,100,0.04,-12.5,0.00,32525,3.25,0
595,Entry short,2024-05-02 18:30,MR_Short,5108.5,10,255425,100,0.04,0,100,0.04,-12.5,0.00,32525,3.25,0
596,Exit long,2024-05-03 09:00,MR_Short,5148,10,257400,0,0.00,0,0,0.00,0,0.00,32525,3.25,0
596,Entry long,2024-05-03 09:00,Sq_Long,5148,10,257400,0,0.00,0,0,0.00,0,0.00,32525,3.25,0
597,Exit long,2024-05-03 09:00,Sq_Long_Exit,5152.75,10,257400,237.5,0.09,0,287.5,0.11,0,0.00,32762.5,3.28,0
597,Entry long,2024-05-03 09:00,Sq_Long,5148,10,257400,237.5,0.09,0,287.5,0.11,0,0.00,32762.5,3.28,0
598,Exit short,2024-05-03 16:30,Session Flatten,5160,10,256937.5,-1062.5,-0.41,0,12.5,0.00,-1187.5,-0.46,31700,3.17,10
598,Entry short,2024-05-03 11:30,MR_Short,5138.75,10,256937.5,-1062.5,-0.41,0,12.5,0.00,-1187.5,-0.46,31700,3.17,10
599,Exit short,2024-05-05 19:00,MR_Short_Exit,5162.5,10,258225,100,0.04,0,100,0.04,-12.5,0.00,31800,3.18,1
599,Entry short,2024-05-05 18:30,MR_Short,5164.5,10,258225,100,0.04,0,100,0.04,-12.5,0.00,31800,3.18,1
600,Exit short,2024-05-06 16:30,Session Flatten,5205,10,258350,-1900,-0.74,0,37.5,0.01,-2037.5,-0.79,29900,2.99,22
600,Entry short,2024-05-06 05:30,MR_Short,5167,10,258350,-1900,-0.74,0,37.5,0.01,-2037.5,-0.79,29900,2.99,22
601,Exit short,2024-05-07 00:30,MR_Short_Exit,5206.75,10,260437.5,100,0.04,0,100,0.04,-25,-0.01,30000,3.00,1
601,Entry short,2024-05-07 00:00,MR_Short,5208.75,10,260437.5,100,0.04,0,100,0.04,-25,-0.01,30000,3.00,1
602,Exit short,2024-05-07 09:30,MR_Short_Exit,5214.25,10,260825,112.5,0.04,0,112.5,0.04,0,0.00,30112.5,3.01,0
602,Entry short,2024-05-07 09:30,MR_Short,5216.5,10,260825,112.5,0.04,0,112.5,0.04,0,0.00,30112.5,3.01,0
603,Exit long,2024-05-07 11:00,MR_Short,5222.5,10,261125,0,0.00,0,0,0.00,0,0.00,30112.5,3.01,0
603,Entry long,2024-05-07 11:00,Sq_Long,5222.5,10,261125,0,0.00,0,0,0.00,0,0.00,30112.5,3.01,0
604,Exit long,2024-05-07 13:00,Sq_Long_Exit,5225.25,10,261125,137.5,0.05,0,187.5,0.07,-300,-0.11,30250,3.03,4
604,Entry long,2024-05-07 11:00,Sq_Long,5222.5,10,261125,137.5,0.05,0,187.5,0.07,-300,-0.11,30250,3.03,4
605,Exit short,2024-05-07 13:30,MR_Short_Exit,5223,10,261262.5,112.5,0.04,0,112.5,0.04,-75,-0.03,30362.5,3.04,0
605,Entry short,2024-05-07 13:30,MR_Short,5225.25,10,261262.5,112.5,0.04,0,112.5,0.04,-75,-0.03,30362.5,3.04,0
606,Exit long,2024-05-08 07:30,MR_Long_Exit,5206.5,10,260225,100,0.04,0,100,0.04,-87.5,-0.03,30462.5,3.05,0
606,Entry long,2024-05-08 07:30,MR_Long,5204.5,10,260225,100,0.04,0,100,0.04,-87.5,-0.03,30462.5,3.05,0
607,Exit short,2024-05-08 08:30,Sq_Short_Exit,5194,10,260225,525,0.20,0,575,0.22,-12.5,0.00,30987.5,3.10,1
607,Entry short,2024-05-08 08:00,Sq_Short,5204.5,10,260225,525,0.20,0,575,0.22,-12.5,0.00,30987.5,3.10,1
608,Exit long,2024-05-09 03:00,MR_Long_Exit,5204.25,10,260112.5,100,0.04,0,100,0.04,-62.5,-0.02,31087.5,3.11,0
608,Entry long,2024-05-09 03:00,MR_Long,5202.25,10,260112.5,100,0.04,0,100,0.04,-62.5,-0.02,31087.5,3.11,0
609,Exit short,2024-05-09 05:00,Sq_Short_Exit,5196,10,260062.5,262.5,0.10,0,312.5,0.12,-162.5,-0.06,31350,3.14,3
609,Entry short,2024-05-09 03:30,Sq_Short,5201.25,10,260062.5,262.5,0.10,0,312.5,0.12,-162.5,-0.06,31350,3.14,3
610,Exit long,2024-05-09 05:30,MR_Long_Exit,5199,10,259850,100,0.04,0,100,0.04,0,0.00,31450,3.15,0
610,Entry long,2024-05-09 05:30,MR_Long,5197,10,259850,100,0.04,0,100,0.04,0,0.00,31450,3.15,0
611,Exit short,2024-05-09 09:00,MR_Short_Exit,5209.25,10,260575,112.5,0.04,0,112.5,0.04,0,0.00,31562.5,3.16,0
611,Entry short,2024-05-09 09:00,MR_Short,5211.5,10,260575,112.5,0.04,0,112.5,0.04,0,0.00,31562.5,3.16,0
612,Exit short,2024-05-10 04:00,MR_Short_Exit,5248,10,262512.5,112.5,0.04,0,112.5,0.04,-62.5,-0.02,31675,3.17,1
612,Entry short,2024-05-10 03:30,MR_Short,5250.25,10,262512.5,112.5,0.04,0,112.5,0.04,-62.5,-0.02,31675,3.17,1
613,Exit long,2024-05-10 05:00,Sq_Long_Exit,5259.5,10,262850,125,0.05,0,175,0.07,-37.5,-0.01,31800,3.18,0
613,Entry long,2024-05-10 05:00,Sq_Long,5257,10,262850,125,0.05,0,175,0.07,-37.5,-0.01,31800,3.18,0
614,Exit short,2024-05-10 10:00,MR_Short_Exit,5259.5,10,263075,100,0.04,0,100,0.04,-12.5,0.00,31900,3.19,0
614,Entry short,2024-05-10 10:00,MR_Short,5261.5,10,263075,100,0.04,0,100,0.04,-12.5,0.00,31900,3.19,0
615,Exit long,2024-05-10 12:30,MR_Long_Exit,5244,10,262100,100,0.04,0,100,0.04,-462.5,-0.18,32000,3.20,3
615,Entry long,2024-05-10 11:00,MR_Long,5242,10,262100,100,0.04,0,100,0.04,-462.5,-0.18,32000,3.20,3
616,Exit long,2024-05-10 13:30,MR_Long_Exit,5240.25,10,261912.5,100,0.04,0,100,0.04,-112.5,-0.04,32100,3.21,0
616,Entry long,2024-05-10 13:30,MR_Long,5238.25,10,261912.5,100,0.04,0,100,0.04,-112.5,-0.04,32100,3.21,0
617,Exit short,2024-05-13 03:30,MR_Short_Exit,5249,10,262537.5,87.5,0.03,0,87.5,0.03,-125,-0.05,32187.5,3.22,5
617,Entry short,2024-05-13 01:00,MR_Short,5250.75,10,262537.5,87.5,0.03,0,87.5,0.03,-125,-0.05,32187.5,3.22,5
618,Exit short,2024-05-13 04:00,MR_Short_Exit,5250.25,10,262600,87.5,0.03,0,87.5,0.03,-62.5,-0.02,32275,3.23,0
618,Entry short,2024-05-13 04:00,MR_Short,5252,10,262600,87.5,0.03,0,87.5,0.03,-62.5,-0.02,32275,3.23,0
619,Exit short,2024-05-13 07:00,MR_Short_Exit,5253,10,262737.5,87.5,0.03,0,87.5,0.03,0,0.00,32362.5,3.24,0
619,Entry short,2024-05-13 07:00,MR_Short,5254.75,10,262737.5,87.5,0.03,0,87.5,0.03,0,0.00,32362.5,3.24,0
620,Exit short,2024-05-13 09:00,MR_Short_Exit,5257.5,10,262975,100,0.04,0,100,0.04,0,0.00,32462.5,3.25,0
620,Entry short,2024-05-13 09:00,MR_Short,5259.5,10,262975,100,0.04,0,100,0.04,0,0.00,32462.5,3.25,0
621,Exit long,2024-05-13 11:30,Sq_Short,5245.5,10,262275,0,0.00,0,0,0.00,0,0.00,32462.5,3.25,0
621,Entry long,2024-05-13 11:30,MR_Long,5245.5,10,262275,0,0.00,0,0,0.00,0,0.00,32462.5,3.25,0
622,Exit short,2024-05-13 11:30,Sq_Short_Exit,5241,10,262275,225,0.09,0,275,0.10,-112.5,-0.04,32687.5,3.27,0
622,Entry short,2024-05-13 11:30,Sq_Short,5245.5,10,262275,225,0.09,0,275,0.10,-112.5,-0.04,32687.5,3.27,0
623,Exit long,2024-05-13 14:30,MR_Long_Exit,5245,10,262162.5,87.5,0.03,0,87.5,0.03,-200,-0.08,32775,3.28,1
623,Entry long,2024-05-13 14:00,MR_Long,5243.25,10,262162.5,87.5,0.03,0,87.5,0.03,-200,-0.08,32775,3.28,1
624,Exit short,2024-05-14 10:30,MR_Short_Exit,5256,10,262912.5,112.5,0.04,0,112.5,0.04,-25,-0.01,32887.5,3.29,0
624,Entry short,2024-05-14 10:30,MR_Short,5258.25,10,262912.5,112.5,0.04,0,112.5,0.04,-25,-0.01,32887.5,3.29,0
625,Exit long,2024-05-14 15:00,MR_Short,5268.75,10,263437.5,0,0.00,0,0,0.00,0,0.00,32887.5,3.29,0
625,Entry long,2024-05-14 15:00,Sq_Long,5268.75,10,263437.5,0,0.00,0,0,0.00,0,0.00,32887.5,3.29,0
626,Exit long,2024-05-14 15:00,Sq_Long_Exit,5273,10,263437.5,212.5,0.08,0,262.5,0.10,-150,-0.06,33100,3.31,0
626,Entry long,2024-05-14 15:00,Sq_Long,5268.75,10,263437.5,212.5,0.08,0,262.5,0.10,-150,-0.06,33100,3.31,0
627,Exit long,2024-05-15 09:00,MR_Short,5296.25,10,264812.5,0,0.00,0,0,0.00,0,0.00,33100,3.31,0
627,Entry long,2024-05-15 09:00,Sq_Long,5296.25,10,264812.5,0,0.00,0,0,0.00,0,0.00,33100,3.31,0
628,Exit long,2024-05-15 09:30,Sq_Long_Exit,5302.25,10,264812.5,300,0.11,0,350,0.13,-462.5,-0.17,33400,3.34,1
628,Entry long,2024-05-15 09:00,Sq_Long,5296.25,10,264812.5,300,0.11,0,350,0.13,-462.5,-0.17,33400,3.34,1
629,Exit short,2024-05-16 11:00,MR_Short_Exit,5345.25,10,267362.5,100,0.04,0,100,0.04,-87.5,-0.03,33500,3.35,0
629,Entry short,2024-05-16 11:00,MR_Short,5347.25,10,267362.5,100,0.04,0,100,0.04,-87.5,-0.03,33500,3.35,0
630,Exit long,2024-05-16 16:00,MR_Long_Exit,5321.75,10,266000,87.5,0.03,0,87.5,0.03,0,0.00,33587.5,3.36,0
630,Entry long,2024-05-16 16:00,MR_Long,5320,10,266000,87.5,0.03,0,87.5,0.03,0,0.00,33587.5,3.36,0
631,Exit long,2024-05-17 04:30,MR_Long_Exit,5315.75,10,265700,87.5,0.03,0,87.5,0.03,-37.5,-0.01,33675,3.37,0
631,Entry long,2024-05-17 04:30,MR_Long,5314,10,265700,87.5,0.03,0,87.5,0.03,-37.5,-0.01,33675,3.37,0
632,Exit short,2024-05-17 09:00,MR_Short_Exit,5323.75,10,266287.5,100,0.04,0,100,0.04,-12.5,0.00,33775,3.38,0
632,Entry short,2024-05-17 09:00,MR_Short,5325.75,10,266287.5,100,0.04,0,100,0.04,-12.5,0.00,33775,3.38,0
633,Exit long,2024-05-17 14:30,MR_Long_Exit,5313.75,10,265575,112.5,0.04,0,112.5,0.04,-12.5,0.00,33887.5,3.39,0
633,Entry long,2024-05-17 14:30,MR_Long,5311.5,10,265575,112.5,0.04,0,112.5,0.04,-12.5,0.00,33887.5,3.39,0
634,Exit long,2024-05-19 18:30,MR_Short,5333.25,10,266662.5,0,0.00,0,0,0.00,0,0.00,33887.5,3.39,0
634,Entry long,2024-05-19 18:30,Sq_Long,5333.25,10,266662.5,0,0.00,0,0,0.00,0,0.00,33887.5,3.39,0
635,Exit long,2024-05-19 20:00,Sq_Long_Exit,5335.25,10,266662.5,100,0.04,0,150,0.06,-62.5,-0.02,33987.5,3.40,3
635,Entry long,2024-05-19 18:30,Sq_Long,5333.25,10,266662.5,100,0.04,0,150,0.06,-62.5,-0.02,33987.5,3.40,3
636,Exit long,2024-05-20 09:30,MR_Long_Exit,5330,10,266400,100,0.04,0,100,0.04,-62.5,-0.02,34087.5,3.41,0
636,Entry long,2024-05-20 09:30,MR_Long,5328,10,266400,100,0.04,0,100,0.04,-62.5,-0.02,34087.5,3.41,0
637,Exit long,2024-05-20 10:00,MR_Short,5344,10,267200,0,0.00,0,0,0.00,0,0.00,34087.5,3.41,0
637,Entry long,2024-05-20 10:00,Sq_Long,5344,10,267200,0,0.00,0,0,0.00,0,0.00,34087.5,3.41,0
638,Exit long,2024-05-20 10:00,Sq_Long_Exit,5345.5,10,267200,75,0.03,0,125,0.05,0,0.00,34162.5,3.42,0
638,Entry long,2024-05-20 10:00,Sq_Long,5344,10,267200,75,0.03,0,125,0.05,0,0.00,34162.5,3.42,0
639,Exit short,2024-05-20 13:00,MR_Short_Exit,5342.75,10,267225,87.5,0.03,0,87.5,0.03,-50,-0.02,34250,3.43,0
639,Entry short,2024-05-20 13:00,MR_Short,5344.5,10,267225,87.5,0.03,0,87.5,0.03,-50,-0.02,34250,3.43,0
640,Exit long,2024-05-21 10:00,MR_Long_Exit,5330,10,266400,100,0.04,0,100,0.04,-275,-0.10,34350,3.44,2
640,Entry long,2024-05-21 09:00,MR_Long,5328,10,266400,100,0.04,0,100,0.04,-275,-0.10,34350,3.44,2
641,Exit long,2024-05-21 14:00,MR_Short,5339.5,10,266975,0,0.00,0,0,0.00,0,0.00,34350,3.44,0
641,Entry long,2024-05-21 14:00,Sq_Long,5339.5,10,266975,0,0.00,0,0,0.00,0,0.00,34350,3.44,0
642,Exit long,2024-05-21 15:00,Sq_Long_Exit,5340.5,10,266975,50,0.02,0,100,0.04,-312.5,-0.12,34400,3.44,2
642,Entry long,2024-05-21 14:00,Sq_Long,5339.5,10,266975,50,0.02,0,100,0.04,-312.5,-0.12,34400,3.44,2
643,Exit short,2024-05-21 16:30,Session Flatten,5344.75,10,267012.5,-225,-0.08,0,25,0.01,-362.5,-0.14,34175,3.42,2
643,Entry short,2024-05-21 15:30,MR_Short,5340.25,10,267012.5,-225,-0.08,0,25,0.01,-362.5,-0.14,34175,3.42,2
644,Exit short,2024-05-21 23:00,MR_Short_Exit,5345.75,10,267375,87.5,0.03,0,87.5,0.03,-100,-0.04,34262.5,3.43,2
644,Entry short,2024-05-21 22:00,MR_Short,5347.5,10,267375,87.5,0.03,0,87.5,0.03,-100,-0.04,34262.5,3.43,2
645,Exit long,2024-05-22 03:30,MR_Long_Exit,5341.75,10,266987.5,100,0.04,0,100,0.04,-87.5,-0.03,34362.5,3.44,0
645,Entry long,2024-05-22 03:30,MR_Long,5339.75,10,266987.5,100,0.04,0,100,0.04,-87.5,-0.03,34362.5,3.44,0
646,Exit long,2024-05-22 09:30,MR_Long_Exit,5342.25,10,267012.5,100,0.04,0,100,0.04,-312.5,-0.12,34462.5,3.45,9
646,Entry long,2024-05-22 05:00,MR_Long,5340.25,10,267012.5,100,0.04,0,100,0.04,-312.5,-0.12,34462.5,3.45,9
647,Exit long,2024-05-22 16:00,MR_Long_Exit,5333,10,266537.5,112.5,0.04,0,112.5,0.04,-1200,-0.45,34575,3.46,4
647,Entry long,2024-05-22 14:00,MR_Long,5330.75,10,266537.5,112.5,0.04,0,112.5,0.04,-1200,-0.45,34575,3.46,4
648,Exit short,2024-05-23 09:30,MR_Short_Exit,5343.75,10,267287.5,100,0.04,0,100,0.04,-1125,-0.42,34675,3.47,22
648,Entry short,2024-05-22 22:30,MR_Short,5345.75,10,267287.5,100,0.04,0,100,0.04,-1125,-0.42,34675,3.47,22
649,Exit long,2024-05-23 10:00,MR_Long_Exit,5328.5,10,266325,100,0.04,0,100,0.04,-187.5,-0.07,34775,3.48,0
649,Entry long,2024-05-23 10:00,MR_Long,5326.5,10,266325,100,0.04,0,100,0.04,-187.5,-0.07,34775,3.48,0
650,Exit long,2024-05-23 13:00,MR_Long_Exit,5324.5,10,266137.5,87.5,0.03,0,87.5,0.03,0,0.00,34862.5,3.49,0
650,Entry long,2024-05-23 13:00,MR_Long,5322.75,10,266137.5,87.5,0.03,0,87.5,0.03,0,0.00,34862.5,3.49,0
651,Exit short,2024-05-24 08:00,MR_Short_Exit,5299.75,10,265087.5,100,0.04,0,100,0.04,-37.5,-0.01,34962.5,3.50,0
651,Entry short,2024-05-24 08:00,MR_Short,5301.75,10,265087.5,100,0.04,0,100,0.04,-37.5,-0.01,34962.5,3.50,0
652,Exit long,2024-05-24 09:30,MR_Short,5304.75,10,265237.5,0,0.00,0,0,0.00,0,0.00,34962.5,3.50,0
652,Entry long,2024-05-24 09:30,Sq_Long,5304.75,10,265237.5,0,0.00,0,0,0.00,0,0.00,34962.5,3.50,0
653,Exit long,2024-05-24 09:30,Sq_Long_Exit,5306,10,265237.5,62.5,0.02,0,112.5,0.04,0,0.00,35025,3.50,0
653,Entry long,2024-05-24 09:30,Sq_Long,5304.75,10,265237.5,62.5,0.02,0,112.5,0.04,0,0.00,35025,3.50,0
654,Exit long,2024-05-24 10:30,MR_Short,5312.5,10,265625,0,0.00,0,0,0.00,0,0.00,35025,3.50,0
654,Entry long,2024-05-24 10:30,Sq_Long,5312.5,10,265625,0,0.00,0,0,0.00,0,0.00,35025,3.50,0
655,Exit long,2024-05-24 10:30,Sq_Long_Exit,5316.5,10,265625,200,0.08,0,250,0.09,0,0.00,35225,3.52,0
655,Entry long,2024-05-24 10:30,Sq_Long,5312.5,10,265625,200,0.08,0,250,0.09,0,0.00,35225,3.52,0
656,Exit short,2024-05-27 20:00,MR_Short_Exit,5324.5,10,266325,100,0.04,0,100,0.04,-462.5,-0.17,35325,3.53,8
656,Entry short,2024-05-27 11:00,MR_Short,5326.5,10,266325,100,0.04,0,100,0.04,-462.5,-0.17,35325,3.53,8
657,Exit short,2024-05-28 06:00,MR_Short_Exit,5333.75,10,266800,112.5,0.04,0,112.5,0.04,-150,-0.06,35437.5,3.54,3
657,Entry short,2024-05-28 04:30,MR_Short,5336,10,266800,112.5,0.04,0,112.5,0.04,-150,-0.06,35437.5,3.54,3
658,Exit long,2024-05-28 10:00,MR_Long_Exit,5322,10,265975,125,0.05,0,125,0.05,-175,-0.07,35562.5,3.56,0
658,Entry long,2024-05-28 10:00,MR_Long,5319.5,10,265975,125,0.05,0,125,0.05,-175,-0.07,35562.5,3.56,0
659,Exit long,2024-05-28 14:00,MR_Long_Exit,5315.75,10,265700,87.5,0.03,0,87.5,0.03,0,0.00,35650,3.57,0
659,Entry long,2024-05-28 14:00,MR_Long,5314,10,265700,87.5,0.03,0,87.5,0.03,0,0.00,35650,3.57,0
660,Exit long,2024-05-29 00:00,MR_Long_Exit,5308.75,10,265337.5,100,0.04,0,100,0.04,-25,-0.01,35750,3.58,1
660,Entry long,2024-05-28 23:30,MR_Long,5306.75,10,265337.5,100,0.04,0,100,0.04,-25,-0.01,35750,3.58,1
661,Exit long,2024-05-29 16:30,Session Flatten,5274.25,10,265287.5,-1575,-0.59,0,62.5,0.02,-1675,-0.63,34175,3.42,30
661,Entry long,2024-05-29 01:30,MR_Long,5305.75,10,265287.5,-1575,-0.59,0,62.5,0.02,-1675,-0.63,34175,3.42,30
662,Exit long,2024-05-30 08:30,MR_Long_Exit,5273,10,263537.5,112.5,0.04,0,112.5,0.04,-1012.5,-0.38,34287.5,3.43,28
662,Entry long,2024-05-29 18:30,MR_Long,5270.75,10,263537.5,112.5,0.04,0,112.5,0.04,-1012.5,-0.38,34287.5,3.43,28
663,Exit short,2024-05-30 09:00,MR_Short_Exit,5266.5,10,263425,100,0.04,0,100,0.04,-100,-0.04,34387.5,3.44,0
663,Entry short,2024-05-30 09:00,MR_Short,5268.5,10,263425,100,0.04,0,100,0.04,-100,-0.04,34387.5,3.44,0
664,Exit long,2024-05-30 16:30,Session Flatten,5249.5,10,262575,-100,-0.04,0,62.5,0.02,-425,-0.16,34287.5,3.43,1
664,Entry long,2024-05-30 16:00,MR_Long,5251.5,10,262575,-100,-0.04,0,62.5,0.02,-425,-0.16,34287.5,3.43,1
665,Exit long,2024-05-30 23:00,MR_Long_Exit,5245.25,10,262175,87.5,0.03,0,87.5,0.03,-250,-0.10,34375,3.44,1
665,Entry long,2024-05-30 22:30,MR_Long,5243.5,10,262175,87.5,0.03,0,87.5,0.03,-250,-0.10,34375,3.44,1
666,Exit long,2024-05-31 09:00,MR_Short,5268.25,10,263412.5,0,0.00,0,0,0.00,0,0.00,34375,3.44,0
666,Entry long,2024-05-31 09:00,Sq_Long,5268.25,10,263412.5,0,0.00,0,0,0.00,0,0.00,34375,3.44,0
667,Exit long,2024-05-31 09:30,Sq_Long_Exit,5269.25,10,263412.5,50,0.02,0,100,0.04,-850,-0.32,34425,3.44,1
667,Entry long,2024-05-31 09:00,Sq_Long,5268.25,10,263412.5,50,0.02,0,100,0.04,-850,-0.32,34425,3.44,1
668,Exit long,2024-05-31 13:00,MR_Long_Exit,5225.75,10,261162.5,125,0.05,0,125,0.05,-887.5,-0.34,34550,3.45,3
668,Entry long,2024-05-31 11:30,MR_Long,5223.25,10,261162.5,125,0.05,0,125,0.05,-887.5,-0.34,34550,3.45,3
669,Exit short,2024-05-31 16:00,MR_Short_Exit,5295,10,264850,100,0.04,0,100,0.04,0,0.00,34650,3.47,0
669,Entry short,2024-05-31 16:00,MR_Short,5297,10,264850,100,0.04,0,100,0.04,0,0.00,34650,3.47,0
670,Exit long,2024-06-03 11:00,MR_Long_Exit,5283.5,10,264075,100,0.04,0,100,0.04,0,0.00,34750,3.48,0
670,Entry long,2024-06-03 11:00,MR_Long,5281.5,10,264075,100,0.04,0,100,0.04,0,0.00,34750,3.48,0
671,Exit short,2024-06-03 11:30,Sq_Short_Exit,5279.25,10,264250,287.5,0.11,0,337.5,0.13,-150,-0.06,35037.5,3.50,0
671,Entry short,2024-06-03 11:30,Sq_Short,5285,10,264250,287.5,0.11,0,337.5,0.13,-150,-0.06,35037.5,3.50,0
672,Exit short,2024-06-03 21:00,MR_Short_Exit,5300,10,265100,100,0.04,0,100,0.04,-75,-0.03,35137.5,3.51,1
672,Entry short,2024-06-03 20:30,MR_Short,5302,10,265100,100,0.04,0,100,0.04,-75,-0.03,35137.5,3.51,1
673,Exit long,2024-06-04 03:30,MR_Long_Exit,5290.25,10,264425,87.5,0.03,0,87.5,0.03,-325,-0.12,35225,3.52,1
673,Entry long,2024-06-04 03:00,MR_Long,5288.5,10,264425,87.5,0.03,0,87.5,0.03,-325,-0.12,35225,3.52,1
674,Exit long,2024-06-04 04:30,Sq_Short,5281.25,10,264062.5,0,0.00,0,0,0.00,0,0.00,35225,3.52,0
674,Entry long,2024-06-04 04:30,MR_Long,5281.25,10,264062.5,0,0.00,0,0,0.00,0,0.00,35225,3.52,0
675,Exit short,2024-06-04 04:30,Sq_Short_Exit,5270.25,10,264062.5,550,0.21,0,600,0.23,-50,-0.02,35775,3.58,0
675,Entry short,2024-06-04 04:30,Sq_Short,5281.25,10,264062.5,550,0.21,0,600,0.23,-50,-0.02,35775,3.58,0
676,Exit short,2024-06-04 14:30,MR_Short_Exit,5308,10,265500,100,0.04,0,100,0.04,-112.5,-0.04,35875,3.59,0
676,Entry short,2024-06-04 14:30,MR_Short,5310,10,265500,100,0.04,0,100,0.04,-112.5,-0.04,35875,3.59,0
677,Exit short,2024-06-04 16:00,MR_Short_Exit,5302,10,265200,100,0.04,0,100,0.04,-125,-0.05,35975,3.60,0
677,Entry short,2024-06-04 16:00,MR_Short,5304,10,265200,100,0.04,0,100,0.04,-125,-0.05,35975,3.60,0
678,Exit short,2024-06-05 03:00,MR_Short_Exit,5306.25,10,265425,112.5,0.04,0,112.5,0.04,-312.5,-0.12,36087.5,3.61,16
678,Entry short,2024-06-04 19:00,MR_Short,5308.5,10,265425,112.5,0.04,0,112.5,0.04,-312.5,-0.12,36087.5,3.61,16
679,Exit short,2024-06-05 08:00,MR_Short_Exit,5318.25,10,266025,112.5,0.04,0,112.5,0.04,-125,-0.05,36200,3.62,0
679,Entry short,2024-06-05 08:00,MR_Short,5320.5,10,266025,112.5,0.04,0,112.5,0.04,-125,-0.05,36200,3.62,0
680,Exit long,2024-06-05 09:00,MR_Short,5324.5,10,266225,0,0.00,0,0,0.00,0,0.00,36200,3.62,0
680,Entry long,2024-06-05 09:00,Sq_Long,5324.5,10,266225,0,0.00,0,0,0.00,0,0.00,36200,3.62,0
681,Exit long,2024-06-05 09:00,Sq_Long_Exit,5327.5,10,266225,150,0.06,0,200,0.08,-25,-0.01,36350,3.64,0
681,Entry long,2024-06-05 09:00,Sq_Long,5324.5,10,266225,150,0.06,0,200,0.08,-25,-0.01,36350,3.64,0
682,Exit short,2024-06-05 16:30,Session Flatten,5366.5,10,266462.5,-1862.5,-0.70,0,0,0.00,-1887.5,-0.71,34487.5,3.45,11
682,Entry short,2024-06-05 11:00,MR_Short,5329.25,10,266462.5,-1862.5,-0.70,0,0,0.00,-1887.5,-0.71,34487.5,3.45,11
683,Exit long,2024-06-06 13:00,MR_Long_Exit,5358.25,10,267825,87.5,0.03,0,87.5,0.03,-262.5,-0.10,34575,3.46,1
683,Entry long,2024-06-06 12:30,MR_Long,5356.5,10,267825,87.5,0.03,0,87.5,0.03,-262.5,-0.10,34575,3.46,1
684,Exit long,2024-06-07 07:30,MR_Long_Exit,5363,10,268050,100,0.04,0,100,0.04,-187.5,-0.07,34675,3.47,1
684,Entry long,2024-06-07 07:00,MR_Long,5361,10,268050,100,0.04,0,100,0.04,-187.5,-0.07,34675,3.47,1
685,Exit long,2024-06-07 09:00,MR_Long_Exit,5341.75,10,266987.5,100,0.04,0,100,0.04,-112.5,-0.04,34775,3.48,0
685,Entry long,2024-06-07 09:00,MR_Long,5339.75,10,266987.5,100,0.04,0,100,0.04,-112.5,-0.04,34775,3.48,0
686,Exit short,2024-06-07 13:00,MR_Short_Exit,5378,10,269000,100,0.04,0,100,0.04,-287.5,-0.11,34875,3.49,0
686,Entry short,2024-06-07 13:00,MR_Short,5380,10,269000,100,0.04,0,100,0.04,-287.5,-0.11,34875,3.49,0
687,Exit long,2024-06-10 06:00,MR_Long_Exit,5345.75,10,267187.5,100,0.04,0,100,0.04,-262.5,-0.10,34975,3.50,2
687,Entry long,2024-06-10 05:00,MR_Long,5343.75,10,267187.5,100,0.04,0,100,0.04,-262.5,-0.10,34975,3.50,2
688,Exit short,2024-06-10 13:30,MR_Short_Exit,5357.5,10,267975,100,0.04,0,100,0.04,-375,-0.14,35075,3.51,4
688,Entry short,2024-06-10 11:30,MR_Short,5359.5,10,267975,100,0.04,0,100,0.04,-375,-0.14,35075,3.51,4
689,Exit short,2024-06-10 14:00,MR_Short_Exit,5366.5,10,268425,100,0.04,0,100,0.04,-137.5,-0.05,35175,3.52,0
689,Entry short,2024-06-10 14:00,MR_Short,5368.5,10,268425,100,0.04,0,100,0.04,-137.5,-0.05,35175,3.52,0
690,Exit short,2024-06-10 15:30,MR_Short_Exit,5363.5,10,268287.5,112.5,0.04,0,112.5,0.04,-487.5,-0.18,35287.5,3.53,1
690,Entry short,2024-06-10 15:00,MR_Short,5365.75,10,268287.5,112.5,0.04,0,112.5,0.04,-487.5,-0.18,35287.5,3.53,1
691,Exit long,2024-06-11 10:30,MR_Long_Exit,5361,10,267962.5,87.5,0.03,0,87.5,0.03,-1250,-0.47,35375,3.54,10
691,Entry long,2024-06-11 05:30,MR_Long,5359.25,10,267962.5,87.5,0.03,0,87.5,0.03,-1250,-0.47,35375,3.54,10
692,Exit short,2024-06-11 14:30,MR_Short_Exit,5374.5,10,268837.5,112.5,0.04,0,112.5,0.04,0,0.00,35487.5,3.55,0
692,Entry short,2024-06-11 14:30,MR_Short,5376.75,10,268837.5,112.5,0.04,0,112.5,0.04,0,0.00,35487.5,3.55,0
693,Exit long,2024-06-12 09:00,MR_Short,5431.25,10,271562.5,0,0.00,0,0,0.00,0,0.00,35487.5,3.55,0
693,Entry long,2024-06-12 09:00,Sq_Long,5431.25,10,271562.5,0,0.00,0,0,0.00,0,0.00,35487.5,3.55,0
694,Exit long,2024-06-12 09:00,Sq_Long_Exit,5432.5,10,271562.5,62.5,0.02,0,112.5,0.04,-100,-0.04,35550,3.56,0
694,Entry long,2024-06-12 09:00,Sq_Long,5431.25,10,271562.5,62.5,0.02,0,112.5,0.04,-100,-0.04,35550,3.56,0
695,Exit long,2024-06-13 06:00,MR_Long_Exit,5431.25,10,271462.5,100,0.04,0,100,0.04,0,0.00,35650,3.57,0
695,Entry long,2024-06-13 06:00,MR_Long,5429.25,10,271462.5,100,0.04,0,100,0.04,0,0.00,35650,3.57,0
696,Exit long,2024-06-13 10:30,MR_Long_Exit,5425.25,10,271162.5,100,0.04,0,100,0.04,0,0.00,35750,3.58,0
696,Entry long,2024-06-13 10:30,MR_Long,5423.25,10,271162.5,100,0.04,0,100,0.04,0,0.00,35750,3.58,0
697,Exit short,2024-06-13 11:00,Sq_Short_Exit,5415.75,10,270900,112.5,0.04,0,162.5,0.06,0,0.00,35862.5,3.59,0
697,Entry short,2024-06-13 11:00,Sq_Short,5418,10,270900,112.5,0.04,0,162.5,0.06,0,0.00,35862.5,3.59,0
698,Exit long,2024-06-13 12:30,MR_Long_Exit,5411.75,10,270500,87.5,0.03,0,87.5,0.03,-75,-0.03,35950,3.60,0
698,Entry long,2024-06-13 12:30,MR_Long,5410,10,270500,87.5,0.03,0,87.5,0.03,-75,-0.03,35950,3.60,0
699,Exit long,2024-06-14 04:30,MR_Long_Exit,5431,10,271450,100,0.04,0,100,0.04,-125,-0.05,36050,3.61,0
699,Entry long,2024-06-14 04:30,MR_Long,5429,10,271450,100,0.04,0,100,0.04,-125,-0.05,36050,3.61,0
700,Exit short,2024-06-14 05:30,Sq_Short_Exit,5423.25,10,271337.5,175,0.06,0,225,0.08,-87.5,-0.03,36225,3.62,1
700,Entry short,2024-06-14 05:00,Sq_Short,5426.75,10,271337.5,175,0.06,0,225,0.08,-87.5,-0.03,36225,3.62,1
701,Exit short,2024-06-14 16:00,MR_Short_Exit,5435.5,10,271862.5,87.5,0.03,0,87.5,0.03,-25,-0.01,36312.5,3.63,0
701,Entry short,2024-06-14 16:00,MR_Short,5437.25,10,271862.5,87.5,0.03,0,87.5,0.03,-25,-0.01,36312.5,3.63,0
702,Exit short,2024-06-16 21:00,MR_Short_Exit,5499.75,10,275087.5,100,0.04,0,100,0.04,-162.5,-0.06,36412.5,3.64,5
702,Entry short,2024-06-16 18:30,MR_Short,5501.75,10,275087.5,100,0.04,0,100,0.04,-162.5,-0.06,36412.5,3.64,5
703,Exit short,2024-06-17 11:30,MR_Short_Exit,5511,10,275662.5,112.5,0.04,0,112.5,0.04,-37.5,-0.01,36525,3.65,0
703,Entry short,2024-06-17 11:30,MR_Short,5513.25,10,275662.5,112.5,0.04,0,112.5,0.04,-37.5,-0.01,36525,3.65,0
704,Exit long,2024-06-17 12:30,Sq_Long_Exit,5528.5,10,275575,850,0.31,0,900,0.33,-12.5,0.00,37375,3.74,1
704,Entry long,2024-06-17 12:00,Sq_Long,5511.5,10,275575,850,0.31,0,900,0.33,-12.5,0.00,37375,3.74,1
705,Exit short,2024-06-18 16:00,MR_Short_Exit,5559.5,10,278087.5,112.5,0.04,0,112.5,0.04,-50,-0.02,37487.5,3.75,0
705,Entry short,2024-06-18 16:00,MR_Short,5561.75,10,278087.5,112.5,0.04,0,112.5,0.04,-50,-0.02,37487.5,3.75,0
706,Exit short,2024-06-19 22:30,MR_Short_Exit,5565.25,10,278362.5,100,0.04,0,100,0.04,-75,-0.03,37587.5,3.76,2
706,Entry short,2024-06-19 21:30,MR_Short,5567.25,10,278362.5,100,0.04,0,100,0.04,-75,-0.03,37587.5,3.76,2
707,Exit short,2024-06-20 09:00,MR_Short_Exit,5569,10,278550,100,0.04,0,100,0.04,-837.5,-0.30,37687.5,3.77,18
707,Entry short,2024-06-20 00:00,MR_Short,5571,10,278550,100,0.04,0,100,0.04,-837.5,-0.30,37687.5,3.77,18
708,Exit long,2024-06-20 09:30,MR_Long_Exit,5572,10,278512.5,87.5,0.03,0,87.5,0.03,-325,-0.12,37775,3.78,0
708,Entry long,2024-06-20 09:30,MR_Long,5570.25,10,278512.5,87.5,0.03,0,87.5,0.03,-325,-0.12,37775,3.78,0
709,Exit long,2024-06-20 10:30,MR_Long_Exit,5567.75,10,278262.5,125,0.04,0,125,0.04,0,0.00,37900,3.79,0
709,Entry long,2024-06-20 10:30,MR_Long,5565.25,10,278262.5,125,0.04,0,125,0.04,0,0.00,37900,3.79,0
710,Exit long,2024-06-20 15:30,MR_Long_Exit,5547.5,10,277275,100,0.04,0,100,0.04,-700,-0.25,38000,3.80,1
710,Entry long,2024-06-20 15:00,MR_Long,5545.5,10,277275,100,0.04,0,100,0.04,-700,-0.25,38000,3.80,1
711,Exit long,2024-06-21 04:00,MR_Long_Exit,5539.75,10,276887.5,100,0.04,0,100,0.04,0,0.00,38100,3.81,0
711,Entry long,2024-06-21 04:00,MR_Long,5537.75,10,276887.5,100,0.04,0,100,0.04,0,0.00,38100,3.81,0
712,Exit short,2024-06-21 04:30,Sq_Short_Exit,5527.75,10,276587.5,200,0.07,0,250,0.09,-112.5,-0.04,38300,3.83,0
712,Entry short,2024-06-21 04:30,Sq_Short,5531.75,10,276587.5,200,0.07,0,250,0.09,-112.5,-0.04,38300,3.83,0
713,Exit long,2024-06-21 10:00,MR_Long_Exit,5530,10,276387.5,112.5,0.04,0,112.5,0.04,-50,-0.02,38412.5,3.84,0
713,Entry long,2024-06-21 10:00,MR_Long,5527.75,10,276387.5,112.5,0.04,0,112.5,0.04,-50,-0.02,38412.5,3.84,0
714,Exit long,2024-06-23 22:00,MR_Long_Exit,5526.75,10,276250,87.5,0.03,0,87.5,0.03,-150,-0.05,38500,3.85,1
714,Entry long,2024-06-23 21:30,MR_Long,5525,10,276250,87.5,0.03,0,87.5,0.03,-150,-0.05,38500,3.85,1
715,Exit short,2024-06-24 05:00,MR_Short_Exit,5540.5,10,277112.5,87.5,0.03,0,87.5,0.03,-187.5,-0.07,38587.5,3.86,2
715,Entry short,2024-06-24 04:00,MR_Short,5542.25,10,277112.5,87.5,0.03,0,87.5,0.03,-187.5,-0.07,38587.5,3.86,2
716,Exit long,2024-06-24 14:30,MR_Long_Exit,5528,10,276300,100,0.04,0,100,0.04,-137.5,-0.05,38687.5,3.87,0
716,Entry long,2024-06-24 14:30,MR_Long,5526,10,276300,100,0.04,0,100,0.04,-137.5,-0.05,38687.5,3.87,0
717,Exit long,2024-06-24 16:00,MR_Long_Exit,5516.75,10,275737.5,100,0.04,0,100,0.04,0,0.00,38787.5,3.88,0
717,Entry long,2024-06-24 16:00,MR_Long,5514.75,10,275737.5,100,0.04,0,100,0.04,0,0.00,38787.5,3.88,0
718,Exit short,2024-06-26 02:30,MR_Short_Exit,5542.5,10,277237.5,112.5,0.04,0,112.5,0.04,-50,-0.02,38900,3.89,0
718,Entry short,2024-06-26 02:30,MR_Short,5544.75,10,277237.5,112.5,0.04,0,112.5,0.04,-50,-0.02,38900,3.89,0
719,Exit short,2024-06-26 05:30,MR_Short_Exit,5545.25,10,277375,112.5,0.04,0,112.5,0.04,-225,-0.08,39012.5,3.90,4
719,Entry short,2024-06-26 03:30,MR_Short,5547.5,10,277375,112.5,0.04,0,112.5,0.04,-225,-0.08,39012.5,3.90,4
720,Exit long,2024-06-26 07:30,MR_Long_Exit,5536.5,10,276725,100,0.04,0,100,0.04,-100,-0.04,39112.5,3.91,0
720,Entry long,2024-06-26 07:30,MR_Long,5534.5,10,276725,100,0.04,0,100,0.04,-100,-0.04,39112.5,3.91,0
721,Exit long,2024-06-26 10:00,MR_Long_Exit,5532.5,10,276525,100,0.04,0,100,0.04,-625,-0.23,39212.5,3.92,3
721,Entry long,2024-06-26 08:30,MR_Long,5530.5,10,276525,100,0.04,0,100,0.04,-625,-0.23,39212.5,3.92,3
722,Exit long,2024-06-26 21:00,MR_Long_Exit,5521.75,10,276000,87.5,0.03,0,87.5,0.03,-25,-0.01,39300,3.93,0
722,Entry long,2024-06-26 21:00,MR_Long,5520,10,276000,87.5,0.03,0,87.5,0.03,-25,-0.01,39300,3.93,0
723,Exit short,2024-06-27 03:30,MR_Short_Exit,5533.25,10,276762.5,100,0.04,0,100,0.04,-25,-0.01,39400,3.94,0
723,Entry short,2024-06-27 03:30,MR_Short,5535.25,10,276762.5,100,0.04,0,100,0.04,-25,-0.01,39400,3.94,0
724,Exit short,2024-06-27 07:00,MR_Short_Exit,5533,10,276737.5,87.5,0.03,0,87.5,0.03,-200,-0.07,39487.5,3.95,3
724,Entry short,2024-06-27 05:30,MR_Short,5534.75,10,276737.5,87.5,0.03,0,87.5,0.03,-200,-0.07,39487.5,3.95,3
725,Exit short,2024-06-27 09:00,MR_Short_Exit,5540.25,10,277100,87.5,0.03,0,87.5,0.03,-50,-0.02,39575,3.96,0
725,Entry short,2024-06-27 09:00,MR_Short,5542,10,277100,87.5,0.03,0,87.5,0.03,-50,-0.02,39575,3.96,0
726,Exit short,2024-06-27 10:00,MR_Short_Exit,5544.25,10,277312.5,100,0.04,0,100,0.04,0,0.00,39675,3.97,0
726,Entry short,2024-06-27 10:00,MR_Short,5546.25,10,277312.5,100,0.04,0,100,0.04,0,0.00,39675,3.97,0
727,Exit short,2024-06-27 20:30,MR_Short_Exit,5552.75,10,277750,112.5,0.04,0,112.5,0.04,-75,-0.03,39787.5,3.98,1
727,Entry short,2024-06-27 20:00,MR_Short,5555,10,277750,112.5,0.04,0,112.5,0.04,-75,-0.03,39787.5,3.98,1
728,Exit short,2024-06-28 09:00,MR_Short_Exit,5553.25,10,277762.5,100,0.04,0,100,0.04,-862.5,-0.31,39887.5,3.99,23
728,Entry short,2024-06-27 21:30,MR_Short,5555.25,10,277762.5,100,0.04,0,100,0.04,-862.5,-0.31,39887.5,3.99,23
729,Exit long,2024-06-28 09:30,Sq_Short,5553,10,277650,0,0.00,0,0,0.00,0,0.00,39887.5,3.99,0
729,Entry long,2024-06-28 09:30,MR_Long,5553,10,277650,0,0.00,0,0,0.00,0,0.00,39887.5,3.99,0
730,Exit short,2024-06-28 09:30,Sq_Short_Exit,5548.75,10,277650,212.5,0.08,0,262.5,0.09,0,0.00,40100,4.01,0
730,Entry short,2024-06-28 09:30,Sq_Short,5553,10,277650,212.5,0.08,0,262.5,0.09,0,0.00,40100,4.01,0
731,Exit long,2024-06-28 10:30,MR_Short,5577.5,10,278875,0,0.00,0,0,0.00,0,0.00,40100,4.01,0
731,Entry long,2024-06-28 10:30,Sq_Long,5577.5,10,278875,0,0.00,0,0,0.00,0,0.00,40100,4.01,0
732,Exit long,2024-06-28 10:30,Sq_Long_Exit,5582,10,278875,225,0.08,0,275,0.10,0,0.00,40325,4.03,0
732,Entry long,2024-06-28 10:30,Sq_Long,5577.5,10,278875,225,0.08,0,275,0.10,0,0.00,40325,4.03,0
733,Exit long,2024-06-28 13:00,Sq_Short,5544.25,10,277212.5,0,0.00,0,0,0.00,0,0.00,40325,4.03,0
733,Entry long,2024-06-28 13:00,MR_Long,5544.25,10,277212.5,0,0.00,0,0,0.00,0,0.00,40325,4.03,0
734,Exit short,2024-06-28 13:00,Sq_Short_Exit,5541.75,10,277212.5,125,0.05,0,175,0.06,0,0.00,40450,4.05,0
734,Entry short,2024-06-28 13:00,Sq_Short,5544.25,10,277212.5,125,0.05,0,175,0.06,0,0.00,40450,4.05,0
735,Exit long,2024-06-30 20:00,MR_Long_Exit,5531.25,10,276475,87.5,0.03,0,87.5,0.03,-162.5,-0.06,40537.5,4.05,0
735,Entry long,2024-06-30 20:00,MR_Long,5529.5,10,276475,87.5,0.03,0,87.5,0.03,-162.5,-0.06,40537.5,4.05,0
736,Exit long,2024-07-01 05:30,MR_Long_Exit,5527.75,10,276275,112.5,0.04,0,112.5,0.04,-225,-0.08,40650,4.06,1
736,Entry long,2024-07-01 05:00,MR_Long,5525.5,10,276275,112.5,0.04,0,112.5,0.04,-225,-0.08,40650,4.06,1
737,Exit long,2024-07-01 11:00,Sq_Short,5513.25,10,275662.5,0,0.00,0,0,0.00,0,0.00,40650,4.06,0
737,Entry long,2024-07-01 11:00,MR_Long,5513.25,10,275662.5,0,0.00,0,0,0.00,0,0.00,40650,4.06,0
738,Exit short,2024-07-01 11:00,Sq_Short_Exit,5509,10,275662.5,212.5,0.08,0,262.5,0.10,0,0.00,40862.5,4.09,0
738,Entry short,2024-07-01 11:00,Sq_Short,5513.25,10,275662.5,212.5,0.08,0,262.5,0.10,0,0.00,40862.5,4.09,0
739,Exit long,2024-07-02 03:30,Sq_Short,5513.25,10,275662.5,0,0.00,0,0,0.00,0,0.00,40862.5,4.09,0
739,Entry long,2024-07-02 03:30,MR_Long,5513.25,10,275662.5,0,0.00,0,0,0.00,0,0.00,40862.5,4.09,0
740,Exit short,2024-07-02 03:30,Sq_Short_Exit,5509.5,10,275662.5,187.5,0.07,0,237.5,0.09,-100,-0.04,41050,4.11,0
740,Entry short,2024-07-02 03:30,Sq_Short,5513.25,10,275662.5,187.5,0.07,0,237.5,0.09,-100,-0.04,41050,4.11,0
741,Exit long,2024-07-02 08:00,MR_Long_Exit,5510.25,10,275400,112.5,0.04,0,112.5,0.04,-262.5,-0.10,41162.5,4.12,1
741,Entry long,2024-07-02 07:30,MR_Long,5508,10,275400,112.5,0.04,0,112.5,0.04,-262.5,-0.10,41162.5,4.12,1
742,Exit short,2024-07-02 10:00,MR_Short_Exit,5528.5,10,276525,100,0.04,0,100,0.04,-287.5,-0.10,41262.5,4.13,0
742,Entry short,2024-07-02 10:00,MR_Short,5530.5,10,276525,100,0.04,0,100,0.04,-287.5,-0.10,41262.5,4.13,0
743,Exit short,2024-07-03 07:00,MR_Short_Exit,5569,10,278537.5,87.5,0.03,0,87.5,0.03,-37.5,-0.01,41350,4.14,1
743,Entry short,2024-07-03 06:30,MR_Short,5570.75,10,278537.5,87.5,0.03,0,87.5,0.03,-37.5,-0.01,41350,4.14,1
744,Exit short,2024-07-03 10:00,MR_Short_Exit,5572,10,278700,100,0.04,0,100,0.04,-262.5,-0.09,41450,4.15,0
744,Entry short,2024-07-03 10:00,MR_Short,5574,10,278700,100,0.04,0,100,0.04,-262.5,-0.09,41450,4.15,0
745,Exit short,2024-07-03 11:00,MR_Short_Exit,5573.75,10,278787.5,100,0.04,0,100,0.04,0,0.00,41550,4.15,0
745,Entry short,2024-07-03 11:00,MR_Short,5575.75,10,278787.5,100,0.04,0,100,0.04,0,0.00,41550,4.15,0
746,Exit long,2024-07-03 12:00,Sq_Long_Exit,5580.5,10,278887.5,137.5,0.05,0,187.5,0.07,-75,-0.03,41687.5,4.17,1
746,Entry long,2024-07-03 11:30,Sq_Long,5577.75,10,278887.5,137.5,0.05,0,187.5,0.07,-75,-0.03,41687.5,4.17,1
747,Exit short,2024-07-04 09:30,MR_Short_Exit,5594.25,10,279812.5,100,0.04,0,100,0.04,-50,-0.02,41787.5,4.18,1
747,Entry short,2024-07-04 09:00,MR_Short,5596.25,10,279812.5,100,0.04,0,100,0.04,-50,-0.02,41787.5,4.18,1
748,Exit long,2024-07-04 10:30,Sq_Short,5586.25,10,279312.5,0,0.00,0,0,0.00,0,0.00,41787.5,4.18,0
748,Entry long,2024-07-04 10:30,MR_Long,5586.25,10,279312.5,0,0.00,0,0,0.00,0,0.00,41787.5,4.18,0
749,Exit short,2024-07-05 16:30,Session Flatten,5618.75,10,279312.5,-1625,-0.58,0,62.5,0.02,-1975,-0.71,40162.5,4.02,50
749,Entry short,2024-07-04 10:30,Sq_Short,5586.25,10,279312.5,-1625,-0.58,0,62.5,0.02,-1975,-0.71,40162.5,4.02,50
750,Exit short,2024-07-08 12:00,MR_Short_Exit,5617.25,10,280950,87.5,0.03,0,87.5,0.03,-937.5,-0.33,40250,4.03,15
750,Entry short,2024-07-08 04:30,MR_Short,5619,10,280950,87.5,0.03,0,87.5,0.03,-937.5,-0.33,40250,4.03,15
751,Exit short,2024-07-08 22:00,MR_Short_Exit,5633.5,10,281775,100,0.04,0,100,0.04,-225,-0.08,40350,4.04,5
751,Entry short,2024-07-08 19:30,MR_Short,5635.5,10,281775,100,0.04,0,100,0.04,-225,-0.08,40350,4.04,5
752,Exit short,2024-07-09 02:00,MR_Short_Exit,5636,10,281900,100,0.04,0,100,0.04,-100,-0.04,40450,4.05,4
752,Entry short,2024-07-09 00:00,MR_Short,5638,10,281900,100,0.04,0,100,0.04,-100,-0.04,40450,4.05,4
753,Exit short,2024-07-10 15:30,MR_Short_Exit,5680,10,281962.5,-2037.5,-0.72,0,62.5,0.02,-2037.5,-0.72,38412.5,3.84,20
753,Entry short,2024-07-10 05:30,MR_Short,5639.25,10,281962.5,-2037.5,-0.72,0,62.5,0.02,-2037.5,-0.72,38412.5,3.84,20
754,Exit short,2024-07-10 16:00,MR_Short_Exit,5684.25,10,284312.5,100,0.04,0,100,0.04,-50,-0.02,38512.5,3.85,0
754,Entry short,2024-07-10 16:00,MR_Short,5686.25,10,284312.5,100,0.04,0,100,0.04,-50,-0.02,38512.5,3.85,0
755,Exit long,2024-07-11 10:30,MR_Long_Exit,5671.75,10,283500,87.5,0.03,0,87.5,0.03,0,0.00,38600,3.86,0
755,Entry long,2024-07-11 10:30,MR_Long,5670,10,283500,87.5,0.03,0,87.5,0.03,0,0.00,38600,3.86,0
756,Exit short,2024-07-11 11:00,Sq_Short_Exit,5644.25,10,282850,637.5,0.23,0,687.5,0.24,-387.5,-0.14,39237.5,3.92,0
756,Entry short,2024-07-11 11:00,Sq_Short,5657,10,282850,637.5,0.23,0,687.5,0.24,-387.5,-0.14,39237.5,3.92,0
757,Exit long,2024-07-11 18:30,MR_Long_Exit,5639.25,10,281862.5,100,0.04,0,100,0.04,0,0.00,39337.5,3.93,0
757,Entry long,2024-07-11 18:30,MR_Long,5637.25,10,281862.5,100,0.04,0,100,0.04,0,0.00,39337.5,3.93,0
758,Exit short,2024-07-12 10:00,MR_Short_Exit,5656.5,10,282962.5,137.5,0.05,0,137.5,0.05,0,0.00,39475,3.95,0
758,Entry short,2024-07-12 10:00,MR_Short,5659.25,10,282962.5,137.5,0.05,0,137.5,0.05,0,0.00,39475,3.95,0
759,Exit long,2024-07-12 10:30,Sq_Long_Exit,5683.25,10,283412.5,750,0.26,0,800,0.28,-62.5,-0.02,40225,4.02,0
759,Entry long,2024-07-12 10:30,Sq_Long,5668.25,10,283412.5,750,0.26,0,800,0.28,-62.5,-0.02,40225,4.02,0
760,Exit short,2024-07-15 13:30,MR_Short_Exit,5679.5,10,284062.5,87.5,0.03,0,87.5,0.03,-1875,-0.66,40312.5,4.03,21
760,Entry short,2024-07-15 03:00,MR_Short,5681.25,10,284062.5,87.5,0.03,0,87.5,0.03,-1875,-0.66,40312.5,4.03,21
761,Exit long,2024-07-16 04:30,MR_Long_Exit,5682.75,10,284037.5,100,0.04,0,100,0.04,-387.5,-0.14,40412.5,4.04,1
761,Entry long,2024-07-16 04:00,MR_Long,5680.75,10,284037.5,100,0.04,0,100,0.04,-387.5,-0.14,40412.5,4.04,1
762,Exit short,2024-07-16 10:00,MR_Short_Exit,5696,10,284900,100,0.04,0,100,0.04,-387.5,-0.14,40512.5,4.05,1
762,Entry short,2024-07-16 09:30,MR_Short,5698,10,284900,100,0.04,0,100,0.04,-387.5,-0.14,40512.5,4.05,1
763,Exit short,2024-07-16 11:00,MR_Short_Exit,5699.5,10,285087.5,112.5,0.04,0,112.5,0.04,0,0.00,40625,4.06,0
763,Entry short,2024-07-16 11:00,MR_Short,5701.75,10,285087.5,112.5,0.04,0,112.5,0.04,0,0.00,40625,4.06,0
764,Exit short,2024-07-16 13:00,MR_Short_Exit,5703,10,285250,100,0.04,0,100,0.04,0,0.00,40725,4.07,0
764,Entry short,2024-07-16 13:00,MR_Short,5705,10,285250,100,0.04,0,100,0.04,0,0.00,40725,4.07,0
765,Exit short,2024-07-16 15:00,MR_Short_Exit,5713.25,10,285762.5,100,0.03,0,100,0.03,-25,-0.01,40825,4.08,0
765,Entry short,2024-07-16 15:00,MR_Short,5715.25,10,285762.5,100,0.03,0,100,0.03,-25,-0.01,40825,4.08,0
766,Exit long,2024-07-17 07:00,MR_Long_Exit,5664.5,10,285275,-2050,-0.72,0,75,0.03,-2050,-0.72,38775,3.88,11
766,Entry long,2024-07-17 01:30,MR_Long,5705.5,10,285275,-2050,-0.72,0,75,0.03,-2050,-0.72,38775,3.88,11
767,Exit long,2024-07-17 16:00,MR_Long_Exit,5639.5,10,281862.5,112.5,0.04,0,112.5,0.04,0,0.00,38887.5,3.89,0
767,Entry long,2024-07-17 16:00,MR_Long,5637.25,10,281862.5,112.5,0.04,0,112.5,0.04,0,0.00,38887.5,3.89,0
768,Exit short,2024-07-18 03:00,MR_Short_Exit,5659.5,10,283087.5,112.5,0.04,0,112.5,0.04,-12.5,0.00,39000,3.90,0
768,Entry short,2024-07-18 03:00,MR_Short,5661.75,10,283087.5,112.5,0.04,0,112.5,0.04,-12.5,0.00,39000,3.90,0
769,Exit long,2024-07-18 06:30,MR_Long_Exit,5642.5,10,282012.5,112.5,0.04,0,112.5,0.04,-37.5,-0.01,39112.5,3.91,0
769,Entry long,2024-07-18 06:30,MR_Long,5640.25,10,282012.5,112.5,0.04,0,112.5,0.04,-37.5,-0.01,39112.5,3.91,0
770,Exit long,2024-07-18 11:00,MR_Long_Exit,5637.25,10,281775,87.5,0.03,0,87.5,0.03,0,0.00,39200,3.92,0
770,Entry long,2024-07-18 11:00,MR_Long,5635.5,10,281775,87.5,0.03,0,87.5,0.03,0,0.00,39200,3.92,0
771,Exit short,2024-07-18 11:30,Sq_Short_Exit,5594.5,10,280212.5,487.5,0.17,0,537.5,0.19,-300,-0.11,39687.5,3.97,0
771,Entry short,2024-07-18 11:30,Sq_Short,5604.25,10,280212.5,487.5,0.17,0,537.5,0.19,-300,-0.11,39687.5,3.97,0
772,Exit long,2024-07-19 03:30,MR_Long_Exit,5584.75,10,279162.5,75,0.03,0,75,0.03,0,0.00,39762.5,3.98,0
772,Entry long,2024-07-19 03:30,MR_Long,5583.25,10,279162.5,75,0.03,0,75,0.03,0,0.00,39762.5,3.98,0
773,Exit short,2024-07-19 04:00,Sq_Short_Exit,5575,10,278950,200,0.07,0,250,0.09,0,0.00,39962.5,4.00,0
773,Entry short,2024-07-19 04:00,Sq_Short,5579,10,278950,200,0.07,0,250,0.09,0,0.00,39962.5,4.00,0
774,Exit long,2024-07-19 10:30,MR_Long_Exit,5576.5,10,278725,100,0.04,0,100,0.04,-225,-0.08,40062.5,4.01,0
774,Entry long,2024-07-19 10:30,MR_Long,5574.5,10,278725,100,0.04,0,100,0.04,-225,-0.08,40062.5,4.01,0
775,Exit long,2024-07-19 11:30,MR_Long_Exit,5561.75,10,278000,87.5,0.03,0,87.5,0.03,-237.5,-0.09,40150,4.01,0
775,Entry long,2024-07-19 11:30,MR_Long,5560,10,278000,87.5,0.03,0,87.5,0.03,-237.5,-0.09,40150,4.01,0
776,Exit long,2024-07-19 15:00,MR_Long_Exit,5566.25,10,278212.5,100,0.04,0,100,0.04,-1112.5,-0.40,40250,4.03,5
776,Entry long,2024-07-19 12:30,MR_Long,5564.25,10,278212.5,100,0.04,0,100,0.04,-1112.5,-0.40,40250,4.03,5
777,Exit long,2024-07-19 16:00,MR_Long_Exit,5556,10,277687.5,112.5,0.04,0,112.5,0.04,-312.5,-0.11,40362.5,4.04,0
777,Entry long,2024-07-19 16:00,MR_Long,5553.75,10,277687.5,112.5,0.04,0,112.5,0.04,-312.5,-0.11,40362.5,4.04,0
778,Exit long,2024-07-22 06:30,MR_Short,5580,10,279000,0,0.00,0,0,0.00,0,0.00,40362.5,4.04,0
778,Entry long,2024-07-22 06:30,Sq_Long,5580,10,279000,0,0.00,0,0,0.00,0,0.00,40362.5,4.04,0
779,Exit long,2024-07-22 07:00,Sq_Long_Exit,5583.5,10,279000,175,0.06,0,225,0.08,-87.5,-0.03,40537.5,4.05,1
779,Entry long,2024-07-22 06:30,Sq_Long,5580,10,279000,175,0.06,0,225,0.08,-87.5,-0.03,40537.5,4.05,1
780,Exit short,2024-07-22 16:30,Session Flatten,5606.5,10,280225,-100,-0.04,0,12.5,0.00,-575,-0.21,40437.5,4.04,6
780,Entry short,2024-07-22 13:30,MR_Short,5604.5,10,280225,-100,-0.04,0,12.5,0.00,-575,-0.21,40437.5,4.04,6
781,Exit short,2024-07-22 18:30,MR_Short_Exit,5610.25,10,280612.5,100,0.04,0,100,0.04,-12.5,0.00,40537.5,4.05,0
781,Entry short,2024-07-22 18:30,MR_Short,5612.25,10,280612.5,100,0.04,0,100,0.04,-12.5,0.00,40537.5,4.05,0
782,Exit long,2024-07-23 02:30,MR_Long_Exit,5596.25,10,279712.5,100,0.04,0,100,0.04,-25,-0.01,40637.5,4.06,0
782,Entry long,2024-07-23 02:30,MR_Long,5594.25,10,279712.5,100,0.04,0,100,0.04,-25,-0.01,40637.5,4.06,0
783,Exit long,2024-07-23 03:30,MR_Long_Exit,5592.25,10,279512.5,100,0.04,0,100,0.04,-50,-0.02,40737.5,4.07,0
783,Entry long,2024-07-23 03:30,MR_Long,5590.25,10,279512.5,100,0.04,0,100,0.04,-50,-0.02,40737.5,4.07,0
784,Exit long,2024-07-23 06:30,MR_Short,5611.5,10,280575,0,0.00,0,0,0.00,0,0.00,40737.5,4.07,0
784,Entry long,2024-07-23 06:30,Sq_Long,5611.5,10,280575,0,0.00,0,0,0.00,0,0.00,40737.5,4.07,0
785,Exit long,2024-07-23 06:30,Sq_Long_Exit,5613.25,10,280575,87.5,0.03,0,137.5,0.05,-100,-0.04,40825,4.08,0
785,Entry long,2024-07-23 06:30,Sq_Long,5611.5,10,280575,87.5,0.03,0,137.5,0.05,-100,-0.04,40825,4.08,0
786,Exit short,2024-07-23 10:00,MR_Short_Exit,5615.25,10,280875,112.5,0.04,0,112.5,0.04,0,0.00,40937.5,4.09,0
786,Entry short,2024-07-23 10:00,MR_Short,5617.5,10,280875,112.5,0.04,0,112.5,0.04,0,0.00,40937.5,4.09,0
787,Exit short,2024-07-23 11:30,MR_Short_Exit,5624.5,10,281312.5,87.5,0.03,0,87.5,0.03,-125,-0.04,41025,4.10,0
787,Entry short,2024-07-23 11:30,MR_Short,5626.25,10,281312.5,87.5,0.03,0,87.5,0.03,-125,-0.04,41025,4.10,0
788,Exit long,2024-07-23 18:30,Sq_Short,5576,10,278800,0,0.00,0,0,0.00,0,0.00,41025,4.10,0
788,Entry long,2024-07-23 18:30,MR_Long,5576,10,278800,0,0.00,0,0,0.00,0,0.00,41025,4.10,0
789,Exit short,2024-07-24 00:00,Sq_Short_Exit,5561,10,278800,750,0.27,0,800,0.29,-362.5,-0.13,41775,4.18,11
789,Entry short,2024-07-23 18:30,Sq_Short,5576,10,278800,750,0.27,0,800,0.29,-362.5,-0.13,41775,4.18,11
790,Exit long,2024-07-24 04:00,MR_Long_Exit,5561.25,10,277962.5,100,0.04,0,100,0.04,0,0.00,41875,4.19,0
790,Entry long,2024-07-24 04:00,MR_Long,5559.25,10,277962.5,100,0.04,0,100,0.04,0,0.00,41875,4.19,0
791,Exit long,2024-07-24 05:30,MR_Long_Exit,5557.5,10,277762.5,112.5,0.04,0,112.5,0.04,-50,-0.02,41987.5,4.20,0
791,Entry long,2024-07-24 05:30,MR_Long,5555.25,10,277762.5,112.5,0.04,0,112.5,0.04,-50,-0.02,41987.5,4.20,0
792,Exit long,2024-07-24 08:30,MR_Long_Exit,5550.5,10,277437.5,87.5,0.03,0,87.5,0.03,0,0.00,42075,4.21,0
792,Entry long,2024-07-24 08:30,MR_Long,5548.75,10,277437.5,87.5,0.03,0,87.5,0.03,0,0.00,42075,4.21,0
793,Exit long,2024-07-24 14:30,MR_Long_Exit,5486,10,276350,-2050,-0.74,0,87.5,0.03,-2050,-0.74,40025,4.00,9
793,Entry long,2024-07-24 10:00,MR_Long,5527,10,276350,-2050,-0.74,0,87.5,0.03,-2050,-0.74,40025,4.00,9
794,Exit long,2024-07-25 04:30,MR_Long_Exit,5468.75,10,273350,87.5,0.03,0,87.5,0.03,-837.5,-0.31,40112.5,4.01,1
794,Entry long,2024-07-25 04:00,MR_Long,5467,10,273350,87.5,0.03,0,87.5,0.03,-837.5,-0.31,40112.5,4.01,1
795,Exit long,2024-07-25 06:30,Sq_Short,5456,10,272800,0,0.00,0,0,0.00,0,0.00,40112.5,4.01,0
795,Entry long,2024-07-25 06:30,MR_Long,5456,10,272800,0,0.00,0,0,0.00,0,0.00,40112.5,4.01,0
796,Exit short,2024-07-25 08:30,Sq_Short_Exit,5453,10,272800,150,0.05,0,200,0.07,-775,-0.28,40262.5,4.03,4
796,Entry short,2024-07-25 06:30,Sq_Short,5456,10,272800,150,0.05,0,200,0.07,-775,-0.28,40262.5,4.03,4
797,Exit long,2024-07-25 12:00,MR_Short,5497.75,10,274887.5,0,0.00,0,0,0.00,0,0.00,40262.5,4.03,0
797,Entry long,2024-07-25 12:00,Sq_Long,5497.75,10,274887.5,0,0.00,0,0,0.00,0,0.00,40262.5,4.03,0
798,Exit long,2024-07-25 12:00,Sq_Long_Exit,5521,10,274887.5,1162.5,0.42,0,1212.5,0.44,-337.5,-0.12,41425,4.14,0
798,Entry long,2024-07-25 12:00,Sq_Long,5497.75,10,274887.5,1162.5,0.42,0,1212.5,0.44,-337.5,-0.12,41425,4.14,0
799,Exit long,2024-07-25 16:00,MR_Long_Exit,5443.25,10,272075,87.5,0.03,0,87.5,0.03,0,0.00,41512.5,4.15,0
799,Entry long,2024-07-25 16:00,MR_Long,5441.5,10,272075,87.5,0.03,0,87.5,0.03,0,0.00,41512.5,4.15,0
800,Exit short,2024-07-26 04:00,MR_Short_Exit,5472.5,10,273725,100,0.04,0,100,0.04,0,0.00,41612.5,4.16,0
800,Entry short,2024-07-26 04:00,MR_Short,5474.5,10,273725,100,0.04,0,100,0.04,0,0.00,41612.5,4.16,0
801,Exit long,2024-07-26 05:00,Sq_Long_Exit,5487,10,273975,375,0.14,0,425,0.16,-112.5,-0.04,41987.5,4.20,1
801,Entry long,2024-07-26 04:30,Sq_Long,5479.5,10,273975,375,0.14,0,425,0.16,-112.5,-0.04,41987.5,4.20,1
802,Exit short,2024-07-26 08:00,MR_Short_Exit,5486,10,274387.5,87.5,0.03,0,87.5,0.03,-50,-0.02,42075,4.21,0
802,Entry short,2024-07-26 08:00,MR_Short,5487.75,10,274387.5,87.5,0.03,0,87.5,0.03,-50,-0.02,42075,4.21,0
803,Exit short,2024-07-26 13:30,MR_Short_Exit,5502.25,10,275212.5,100,0.04,0,100,0.04,-1200,-0.44,42175,4.22,3
803,Entry short,2024-07-26 12:00,MR_Short,5504.25,10,275212.5,100,0.04,0,100,0.04,-1200,-0.44,42175,4.22,3
804,Exit short,2024-07-28 21:00,MR_Short_Exit,5523,10,276237.5,87.5,0.03,0,87.5,0.03,-75,-0.03,42262.5,4.23,0
804,Entry short,2024-07-28 21:00,MR_Short,5524.75,10,276237.5,87.5,0.03,0,87.5,0.03,-75,-0.03,42262.5,4.23,0
805,Exit long,2024-07-29 04:00,MR_Long_Exit,5509.75,10,275387.5,100,0.04,0,100,0.04,-100,-0.04,42362.5,4.24,0
805,Entry long,2024-07-29 04:00,MR_Long,5507.75,10,275387.5,100,0.04,0,100,0.04,-100,-0.04,42362.5,4.24,0
806,Exit long,2024-07-29 11:00,Sq_Short,5497.5,10,274875,0,0.00,0,0,0.00,0,0.00,42362.5,4.24,0
806,Entry long,2024-07-29 11:00,MR_Long,5497.5,10,274875,0,0.00,0,0,0.00,0,0.00,42362.5,4.24,0
807,Exit short,2024-07-29 11:00,Sq_Short_Exit,5488.75,10,274875,437.5,0.16,0,487.5,0.18,-50,-0.02,42800,4.28,0
807,Entry short,2024-07-29 11:00,Sq_Short,5497.5,10,274875,437.5,0.16,0,487.5,0.18,-50,-0.02,42800,4.28,0
808,Exit long,2024-07-29 20:00,MR_Long_Exit,5490.75,10,274437.5,100,0.04,0,100,0.04,-87.5,-0.03,42900,4.29,0
808,Entry long,2024-07-29 20:00,MR_Long,5488.75,10,274437.5,100,0.04,0,100,0.04,-87.5,-0.03,42900,4.29,0
809,Exit long,2024-07-29 23:00,MR_Long_Exit,5490.25,10,274400,112.5,0.04,0,112.5,0.04,-437.5,-0.16,43012.5,4.30,3
809,Entry long,2024-07-29 21:30,MR_Long,5488,10,274400,112.5,0.04,0,112.5,0.04,-437.5,-0.16,43012.5,4.30,3
810,Exit short,2024-07-30 04:00,MR_Short_Exit,5507,10,275437.5,87.5,0.03,0,87.5,0.03,-350,-0.13,43100,4.31,1
810,Entry short,2024-07-30 03:30,MR_Short,5508.75,10,275437.5,87.5,0.03,0,87.5,0.03,-350,-0.13,43100,4.31,1
811,Exit short,2024-07-30 05:30,MR_Short_Exit,5509.25,10,275562.5,100,0.04,0,100,0.04,-150,-0.05,43200,4.32,1
811,Entry short,2024-07-30 05:00,MR_Short,5511.25,10,275562.5,100,0.04,0,100,0.04,-150,-0.05,43200,4.32,1
812,Exit short,2024-07-30 09:30,MR_Short_Exit,5514.5,10,275825,100,0.04,0,100,0.04,0,0.00,43300,4.33,0
812,Entry short,2024-07-30 09:30,MR_Short,5516.5,10,275825,100,0.04,0,100,0.04,0,0.00,43300,4.33,0
813,Exit long,2024-07-30 12:30,MR_Long_Exit,5451.25,10,274612.5,-2050,-0.75,0,87.5,0.03,-2050,-0.75,41250,4.13,3
813,Entry long,2024-07-30 11:00,MR_Long,5492.25,10,274612.5,-2050,-0.75,0,87.5,0.03,-2050,-0.75,41250,4.13,3
814,Exit short,2024-07-30 23:00,MR_Short_Exit,5490.5,10,274625,100,0.04,0,100,0.04,-37.5,-0.01,41350,4.14,1
814,Entry short,2024-07-30 22:30,MR_Short,5492.5,10,274625,100,0.04,0,100,0.04,-37.5,-0.01,41350,4.14,1
815,Exit short,2024-07-31 08:00,MR_Short_Exit,5535,10,274712.5,-2037.5,-0.74,0,87.5,0.03,-2037.5,-0.74,39312.5,3.93,14
815,Entry short,2024-07-31 01:00,MR_Short,5494.25,10,274712.5,-2037.5,-0.74,0,87.5,0.03,-2037.5,-0.74,39312.5,3.93,14
816,Exit short,2024-07-31 14:30,MR_Short_Exit,5561,10,278150,100,0.04,0,100,0.04,0,0.00,39412.5,3.94,0
816,Entry short,2024-07-31 14:30,MR_Short,5563,10,278150,100,0.04,0,100,0.04,0,0.00,39412.5,3.94,0
817,Exit short,2024-07-31 18:30,MR_Short_Exit,5579.75,10,279087.5,100,0.04,0,100,0.04,-162.5,-0.06,39512.5,3.95,0
817,Entry short,2024-07-31 18:30,MR_Short,5581.75,10,279087.5,100,0.04,0,100,0.04,-162.5,-0.06,39512.5,3.95,0
818,Exit long,2024-08-01 04:30,MR_Long_Exit,5568,10,278312.5,87.5,0.03,0,87.5,0.03,0,0.00,39600,3.96,0
818,Entry long,2024-08-01 04:30,MR_Long,5566.25,10,278312.5,87.5,0.03,0,87.5,0.03,0,0.00,39600,3.96,0
819,Exit short,2024-08-01 10:30,Sq_Short_Exit,5550.75,10,278125,587.5,0.21,0,637.5,0.23,-1925,-0.69,40187.5,4.02,11
819,Entry short,2024-08-01 05:00,Sq_Short,5562.5,10,278125,587.5,0.21,0,637.5,0.23,-1925,-0.69,40187.5,4.02,11
820,Exit long,2024-08-01 11:00,MR_Long_Exit,5528.25,10,276312.5,100,0.04,0,100,0.04,0,0.00,40287.5,4.03,0
820,Entry long,2024-08-01 11:00,MR_Long,5526.25,10,276312.5,100,0.04,0,100,0.04,0,0.00,40287.5,4.03,0
821,Exit long,2024-08-01 22:30,MR_Long_Exit,5435,10,271650,100,0.04,0,100,0.04,0,0.00,40387.5,4.04,0
821,Entry long,2024-08-01 22:30,MR_Long,5433,10,271650,100,0.04,0,100,0.04,0,0.00,40387.5,4.04,0
822,Exit long,2024-08-02 02:30,MR_Long_Exit,5429.25,10,271362.5,100,0.04,0,100,0.04,-212.5,-0.08,40487.5,4.05,0
822,Entry long,2024-08-02 02:30,MR_Long,5427.25,10,271362.5,100,0.04,0,100,0.04,-212.5,-0.08,40487.5,4.05,0
823,Exit long,2024-08-02 05:30,MR_Long_Exit,5418.5,10,270837.5,87.5,0.03,0,87.5,0.03,-75,-0.03,40575,4.06,0
823,Entry long,2024-08-02 05:30,MR_Long,5416.75,10,270837.5,87.5,0.03,0,87.5,0.03,-75,-0.03,40575,4.06,0
824,Exit long,2024-08-02 09:00,Sq_Short,5393,10,269650,0,0.00,0,0,0.00,0,0.00,40575,4.06,0
824,Entry long,2024-08-02 09:00,MR_Long,5393,10,269650,0,0.00,0,0,0.00,0,0.00,40575,4.06,0
825,Exit short,2024-08-02 09:00,Sq_Short_Exit,5388.75,10,269650,212.5,0.08,0,262.5,0.10,0,0.00,40787.5,4.08,0
825,Entry short,2024-08-02 09:00,Sq_Short,5393,10,269650,212.5,0.08,0,262.5,0.10,0,0.00,40787.5,4.08,0
826,Exit long,2024-08-02 10:00,MR_Long_Exit,5390.5,10,269425,100,0.04,0,100,0.04,0,0.00,40887.5,4.09,0
826,Entry long,2024-08-02 10:00,MR_Long,5388.5,10,269425,100,0.04,0,100,0.04,0,0.00,40887.5,4.09,0
827,Exit long,2024-08-02 13:00,MR_Long_Exit,5360.5,10,267925,100,0.04,0,100,0.04,-375,-0.14,40987.5,4.10,0
827,Entry long,2024-08-02 13:00,MR_Long,5358.5,10,267925,100,0.04,0,100,0.04,-375,-0.14,40987.5,4.10,0
828,Exit long,2024-08-04 18:30,MR_Long_Exit,5339.5,10,266875,100,0.04,0,100,0.04,-62.5,-0.02,41087.5,4.11,0
828,Entry long,2024-08-04 18:30,MR_Long,5337.5,10,266875,100,0.04,0,100,0.04,-62.5,-0.02,41087.5,4.11,0
829,Exit long,2024-08-05 00:00,MR_Long_Exit,5286.75,10,266400,-2062.5,-0.77,0,37.5,0.01,-2062.5,-0.77,39025,3.90,9
829,Entry long,2024-08-04 19:30,MR_Long,5328,10,266400,-2062.5,-0.77,0,37.5,0.01,-2062.5,-0.77,39025,3.90,9
830,Exit long,2024-08-05 06:30,MR_Long_Exit,5223.25,10,261075,87.5,0.03,0,87.5,0.03,0,0.00,39112.5,3.91,0
830,Entry long,2024-08-05 06:30,MR_Long,5221.5,10,261075,87.5,0.03,0,87.5,0.03,0,0.00,39112.5,3.91,0
831,Exit long,2024-08-05 07:30,MR_Long_Exit,5215.25,10,260662.5,100,0.04,0,100,0.04,0,0.00,39212.5,3.92,0
831,Entry long,2024-08-05 07:30,MR_Long,5213.25,10,260662.5,100,0.04,0,100,0.04,0,0.00,39212.5,3.92,0
832,Exit short,2024-08-05 12:30,MR_Short_Exit,5277,10,263950,100,0.04,0,100,0.04,-12.5,0.00,39312.5,3.93,0
832,Entry short,2024-08-05 12:30,MR_Short,5279,10,263950,100,0.04,0,100,0.04,-12.5,0.00,39312.5,3.93,0
833,Exit short,2024-08-05 18:30,MR_Short_Exit,5266.75,10,263437.5,100,0.04,0,100,0.04,-100,-0.04,39412.5,3.94,0
833,Entry short,2024-08-05 18:30,MR_Short,5268.75,10,263437.5,100,0.04,0,100,0.04,-100,-0.04,39412.5,3.94,0
834,Exit short,2024-08-05 21:00,MR_Short_Exit,5284.25,10,264312.5,100,0.04,0,100,0.04,0,0.00,39512.5,3.95,0
834,Entry short,2024-08-05 21:00,MR_Short,5286.25,10,264312.5,100,0.04,0,100,0.04,0,0.00,39512.5,3.95,0
835,Exit short,2024-08-05 23:30,MR_Short_Exit,5296.5,10,264925,100,0.04,0,100,0.04,0,0.00,39612.5,3.96,0
835,Entry short,2024-08-05 23:30,MR_Short,5298.5,10,264925,100,0.04,0,100,0.04,0,0.00,39612.5,3.96,0
836,Exit long,2024-08-06 06:30,MR_Long_Exit,5249.75,10,262375,112.5,0.04,0,112.5,0.04,-1000,-0.38,39725,3.97,2
836,Entry long,2024-08-06 05:30,MR_Long,5247.5,10,262375,112.5,0.04,0,112.5,0.04,-1000,-0.38,39725,3.97,2
837,Exit long,2024-08-06 09:00,MR_Long_Exit,5240,10,261912.5,87.5,0.03,0,87.5,0.03,-412.5,-0.16,39812.5,3.98,0
837,Entry long,2024-08-06 09:00,MR_Long,5238.25,10,261912.5,87.5,0.03,0,87.5,0.03,-412.5,-0.16,39812.5,3.98,0
838,Exit short,2024-08-06 12:00,MR_Short_Exit,5300.75,10,265137.5,100,0.04,0,100,0.04,0,0.00,39912.5,3.99,0
838,Entry short,2024-08-06 12:00,MR_Short,5302.75,10,265137.5,100,0.04,0,100,0.04,0,0.00,39912.5,3.99,0
839,Exit long,2024-08-06 12:30,Sq_Long_Exit,5324,10,265187.5,1012.5,0.38,0,1062.5,0.40,-275,-0.10,40925,4.09,0
839,Entry long,2024-08-06 12:30,Sq_Long,5303.75,10,265187.5,1012.5,0.38,0,1062.5,0.40,-275,-0.10,40925,4.09,0
840,Exit long,2024-08-06 20:00,MR_Long_Exit,5246.25,10,262225,87.5,0.03,0,87.5,0.03,-225,-0.09,41012.5,4.10,1
840,Entry long,2024-08-06 19:30,MR_Long,5244.5,10,262225,87.5,0.03,0,87.5,0.03,-225,-0.09,41012.5,4.10,1
841,Exit short,2024-08-07 00:30,MR_Short_Exit,5310.5,10,265637.5,112.5,0.04,0,112.5,0.04,0,0.00,41125,4.11,0
841,Entry short,2024-08-07 00:30,MR_Short,5312.75,10,265637.5,112.5,0.04,0,112.5,0.04,0,0.00,41125,4.11,0
842,Exit short,2024-08-07 05:00,MR_Short_Exit,5316.75,10,265937.5,100,0.04,0,100,0.04,0,0.00,41225,4.12,0
842,Entry short,2024-08-07 05:00,MR_Short,5318.75,10,265937.5,100,0.04,0,100,0.04,0,0.00,41225,4.12,0
843,Exit short,2024-08-07 07:30,MR_Short_Exit,5327.25,10,266462.5,100,0.04,0,100,0.04,-250,-0.09,41325,4.13,1
843,Entry short,2024-08-07 07:00,MR_Short,5329.25,10,266462.5,100,0.04,0,100,0.04,-250,-0.09,41325,4.13,1
844,Exit short,2024-08-07 10:00,MR_Short_Exit,5351.25,10,267650,87.5,0.03,0,87.5,0.03,-312.5,-0.12,41412.5,4.14,0
844,Entry short,2024-08-07 10:00,MR_Short,5353,10,267650,87.5,0.03,0,87.5,0.03,-312.5,-0.12,41412.5,4.14,0
845,Exit short,2024-08-07 11:00,MR_Short_Exit,5345.5,10,267375,100,0.04,0,100,0.04,-350,-0.13,41512.5,4.15,0
845,Entry short,2024-08-07 11:00,MR_Short,5347.5,10,267375,100,0.04,0,100,0.04,-350,-0.13,41512.5,4.15,0
846,Exit long,2024-08-07 13:30,MR_Long_Exit,5280.75,10,263950,87.5,0.03,0,87.5,0.03,0,0.00,41600,4.16,0
846,Entry long,2024-08-07 13:30,MR_Long,5279,10,263950,87.5,0.03,0,87.5,0.03,0,0.00,41600,4.16,0
847,Exit short,2024-08-08 09:00,MR_Short_Exit,5263.5,10,263287.5,112.5,0.04,0,112.5,0.04,0,0.00,41712.5,4.17,0
847,Entry short,2024-08-08 09:00,MR_Short,5265.75,10,263287.5,112.5,0.04,0,112.5,0.04,0,0.00,41712.5,4.17,0
848,Exit long,2024-08-08 09:30,Sq_Long_Exit,5291.5,10,264025,550,0.21,0,600,0.23,0,0.00,42262.5,4.23,0
848,Entry long,2024-08-08 09:30,Sq_Long,5280.5,10,264025,550,0.21,0,600,0.23,0,0.00,42262.5,4.23,0
849,Exit short,2024-08-09 05:00,MR_Short_Exit,5367.25,10,268475,112.5,0.04,0,112.5,0.04,-87.5,-0.03,42375,4.24,0
849,Entry short,2024-08-09 05:00,MR_Short,5369.5,10,268475,112.5,0.04,0,112.5,0.04,-87.5,-0.03,42375,4.24,0
850,Exit long,2024-08-09 09:00,MR_Long_Exit,5336.25,10,266725,87.5,0.03,0,87.5,0.03,-750,-0.28,42462.5,4.25,1
850,Entry long,2024-08-09 08:30,MR_Long,5334.5,10,266725,87.5,0.03,0,87.5,0.03,-750,-0.28,42462.5,4.25,1
851,Exit long,2024-08-09 13:30,MR_Short,5381.5,10,269075,0,0.00,0,0,0.00,0,0.00,42462.5,4.25,0
851,Entry long,2024-08-09 13:30,Sq_Long,5381.5,10,269075,0,0.00,0,0,0.00,0,0.00,42462.5,4.25,0
852,Exit long,2024-08-09 13:30,Sq_Long_Exit,5384.25,10,269075,137.5,0.05,0,187.5,0.07,0,0.00,42600,4.26,0
852,Entry long,2024-08-09 13:30,Sq_Long,5381.5,10,269075,137.5,0.05,0,187.5,0.07,0,0.00,42600,4.26,0
853,Exit short,2024-08-12 08:30,MR_Short_Exit,5386.5,10,269425,100,0.04,0,100,0.04,-50,-0.02,42700,4.27,0
853,Entry short,2024-08-12 08:30,MR_Short,5388.5,10,269425,100,0.04,0,100,0.04,-50,-0.02,42700,4.27,0
854,Exit long,2024-08-12 10:00,Sq_Short,5352.5,10,267625,0,0.00,0,0,0.00,0,0.00,42700,4.27,0
854,Entry long,2024-08-12 10:00,MR_Long,5352.5,10,267625,0,0.00,0,0,0.00,0,0.00,42700,4.27,0
855,Exit short,2024-08-12 10:00,Sq_Short_Exit,5351.25,10,267625,62.5,0.02,0,112.5,0.04,0,0.00,42762.5,4.28,0
855,Entry short,2024-08-12 10:00,Sq_Short,5352.5,10,267625,62.5,0.02,0,112.5,0.04,0,0.00,42762.5,4.28,0
856,Exit short,2024-08-13 05:00,MR_Short_Exit,5386.5,10,269437.5,112.5,0.04,0,112.5,0.04,-637.5,-0.24,42875,4.29,4
856,Entry short,2024-08-13 03:00,MR_Short,5388.75,10,269437.5,112.5,0.04,0,112.5,0.04,-637.5,-0.24,42875,4.29,4
857,Exit short,2024-08-13 09:00,MR_Short_Exit,5401.5,10,270175,100,0.04,0,100,0.04,-100,-0.04,42975,4.30,0
857,Entry short,2024-08-13 09:00,MR_Short,5403.5,10,270175,100,0.04,0,100,0.04,-100,-0.04,42975,4.30,0
858,Exit short,2024-08-14 12:00,MR_Short_Exit,5483,10,274250,100,0.04,0,100,0.04,-137.5,-0.05,43075,4.31,0
858,Entry short,2024-08-14 12:00,MR_Short,5485,10,274250,100,0.04,0,100,0.04,-137.5,-0.05,43075,4.31,0
859,Exit long,2024-08-14 15:30,Sq_Long_Exit,5483.75,10,274037.5,150,0.05,0,200,0.07,-762.5,-0.28,43225,4.32,1
859,Entry long,2024-08-14 15:00,Sq_Long,5480.75,10,274037.5,150,0.05,0,200,0.07,-762.5,-0.28,43225,4.32,1
860,Exit short,2024-08-14 23:00,MR_Short_Exit,5488.75,10,274550,112.5,0.04,0,112.5,0.04,-37.5,-0.01,43337.5,4.33,0
860,Entry short,2024-08-14 23:00,MR_Short,5491,10,274550,112.5,0.04,0,112.5,0.04,-37.5,-0.01,43337.5,4.33,0
861,Exit long,2024-08-15 07:00,MR_Long_Exit,5477.75,10,273787.5,100,0.04,0,100,0.04,-200,-0.07,43437.5,4.34,0
861,Entry long,2024-08-15 07:00,MR_Long,5475.75,10,273787.5,100,0.04,0,100,0.04,-200,-0.07,43437.5,4.34,0
862,Exit long,2024-08-15 09:00,MR_Short,5528,10,276400,0,0.00,0,0,0.00,0,0.00,43437.5,4.34,0
862,Entry long,2024-08-15 09:00,Sq_Long,5528,10,276400,0,0.00,0,0,0.00,0,0.00,43437.5,4.34,0
863,Exit long,2024-08-15 09:00,Sq_Long_Exit,5532.5,10,276400,225,0.08,0,275,0.10,-237.5,-0.09,43662.5,4.37,0
863,Entry long,2024-08-15 09:00,Sq_Long,5528,10,276400,225,0.08,0,275,0.10,-237.5,-0.09,43662.5,4.37,0
864,Exit long,2024-08-16 10:00,MR_Long_Exit,5566,10,278212.5,87.5,0.03,0,87.5,0.03,-1387.5,-0.50,43750,4.38,7
864,Entry long,2024-08-16 06:30,MR_Long,5564.25,10,278212.5,87.5,0.03,0,87.5,0.03,-1387.5,-0.50,43750,4.38,7
865,Exit short,2024-08-16 13:00,MR_Short_Exit,5582.25,10,279212.5,100,0.04,0,100,0.04,-50,-0.02,43850,4.39,0
865,Entry short,2024-08-16 13:00,MR_Short,5584.25,10,279212.5,100,0.04,0,100,0.04,-50,-0.02,43850,4.39,0
866,Exit short,2024-08-16 15:00,MR_Short_Exit,5579.75,10,279087.5,100,0.04,0,100,0.04,-75,-0.03,43950,4.40,0
866,Entry short,2024-08-16 15:00,MR_Short,5581.75,10,279087.5,100,0.04,0,100,0.04,-75,-0.03,43950,4.40,0
867,Exit short,2024-08-18 18:30,MR_Short_Exit,5583.5,10,279275,100,0.04,0,100,0.04,-75,-0.03,44050,4.41,0
867,Entry short,2024-08-18 18:30,MR_Short,5585.5,10,279275,100,0.04,0,100,0.04,-75,-0.03,44050,4.41,0
868,Exit long,2024-08-19 02:30,MR_Long_Exit,5573.75,10,278587.5,100,0.04,0,100,0.04,-50,-0.02,44150,4.42,0
868,Entry long,2024-08-19 02:30,MR_Long,5571.75,10,278587.5,100,0.04,0,100,0.04,-50,-0.02,44150,4.42,0
869,Exit short,2024-08-19 04:00,Sq_Short_Exit,5566.25,10,278575,262.5,0.09,0,312.5,0.11,-362.5,-0.13,44412.5,4.44,2
869,Entry short,2024-08-19 03:00,Sq_Short,5571.5,10,278575,262.5,0.09,0,312.5,0.11,-362.5,-0.13,44412.5,4.44,2
870,Exit long,2024-08-19 11:00,MR_Short,5600.75,10,280037.5,0,0.00,0,0,0.00,0,0.00,44412.5,4.44,0
870,Entry long,2024-08-19 11:00,Sq_Long,5600.75,10,280037.5,0,0.00,0,0,0.00,0,0.00,44412.5,4.44,0
871,Exit long,2024-08-19 11:00,Sq_Long_Exit,5602,10,280037.5,62.5,0.02,0,112.5,0.04,0,0.00,44475,4.45,0
871,Entry long,2024-08-19 11:00,Sq_Long,5600.75,10,280037.5,62.5,0.02,0,112.5,0.04,0,0.00,44475,4.45,0
872,Exit short,2024-08-20 03:30,MR_Short_Exit,5637.25,10,281962.5,100,0.04,0,100,0.04,0,0.00,44575,4.46,0
872,Entry short,2024-08-20 03:30,MR_Short,5639.25,10,281962.5,100,0.04,0,100,0.04,0,0.00,44575,4.46,0
873,Exit long,2024-08-20 09:30,MR_Long_Exit,5628.25,10,281300,112.5,0.04,0,112.5,0.04,-12.5,0.00,44687.5,4.47,0
873,Entry long,2024-08-20 09:30,MR_Long,5626,10,281300,112.5,0.04,0,112.5,0.04,-12.5,0.00,44687.5,4.47,0
874,Exit long,2024-08-20 11:00,MR_Long_Exit,5620.5,10,280937.5,87.5,0.03,0,87.5,0.03,0,0.00,44775,4.48,0
874,Entry long,2024-08-20 11:00,MR_Long,5618.75,10,280937.5,87.5,0.03,0,87.5,0.03,0,0.00,44775,4.48,0
875,Exit short,2024-08-20 13:00,Sq_Short_Exit,5608.5,10,280712.5,287.5,0.10,0,337.5,0.12,-737.5,-0.26,45062.5,4.51,3
875,Entry short,2024-08-20 11:30,Sq_Short,5614.25,10,280712.5,287.5,0.10,0,337.5,0.12,-737.5,-0.26,45062.5,4.51,3
876,Exit long,2024-08-20 13:30,MR_Long_Exit,5618.5,10,280825,100,0.04,0,100,0.04,0,0.00,45162.5,4.52,0
876,Entry long,2024-08-20 13:30,MR_Long,5616.5,10,280825,100,0.04,0,100,0.04,0,0.00,45162.5,4.52,0
877,Exit short,2024-08-21 08:30,MR_Short_Exit,5631,10,281662.5,112.5,0.04,0,112.5,0.04,-37.5,-0.01,45275,4.53,0
877,Entry short,2024-08-21 08:30,MR_Short,5633.25,10,281662.5,112.5,0.04,0,112.5,0.04,-37.5,-0.01,45275,4.53,0
878,Exit short,2024-08-21 10:00,MR_Short_Exit,5635,10,281862.5,112.5,0.04,0,112.5,0.04,-262.5,-0.09,45387.5,4.54,0
878,Entry short,2024-08-21 10:00,MR_Short,5637.25,10,281862.5,112.5,0.04,0,112.5,0.04,-262.5,-0.09,45387.5,4.54,0
879,Exit long,2024-08-21 14:30,MR_Short,5646.5,10,282325,0,0.00,0,0,0.00,0,0.00,45387.5,4.54,0
879,Entry long,2024-08-21 14:30,Sq_Long,5646.5,10,282325,0,0.00,0,0,0.00,0,0.00,45387.5,4.54,0
880,Exit long,2024-08-21 14:30,Sq_Long_Exit,5650,10,282325,175,0.06,0,225,0.08,0,0.00,45562.5,4.56,0
880,Entry long,2024-08-21 14:30,Sq_Long,5646.5,10,282325,175,0.06,0,225,0.08,0,0.00,45562.5,4.56,0
881,Exit short,2024-08-22 08:30,MR_Short_Exit,5648,10,282512.5,112.5,0.04,0,112.5,0.04,-312.5,-0.11,45675,4.57,3
881,Entry short,2024-08-22 07:00,MR_Short,5650.25,10,282512.5,112.5,0.04,0,112.5,0.04,-312.5,-0.11,45675,4.57,3
882,Exit long,2024-08-22 11:30,MR_Long_Exit,5626.25,10,281212.5,100,0.04,0,100,0.04,0,0.00,45775,4.58,0
882,Entry long,2024-08-22 11:30,MR_Long,5624.25,10,281212.5,100,0.04,0,100,0.04,0,0.00,45775,4.58,0
883,Exit long,2024-08-22 13:00,MR_Long_Exit,5610.75,10,280437.5,100,0.04,0,100,0.04,-375,-0.13,45875,4.59,0
883,Entry long,2024-08-22 13:00,MR_Long,5608.75,10,280437.5,100,0.04,0,100,0.04,-375,-0.13,45875,4.59,0
884,Exit short,2024-08-23 05:00,MR_Short_Exit,5616.25,10,280912.5,100,0.04,0,100,0.04,-12.5,0.00,45975,4.60,0
884,Entry short,2024-08-23 05:00,MR_Short,5618.25,10,280912.5,100,0.04,0,100,0.04,-12.5,0.00,45975,4.60,0
885,Exit short,2024-08-23 10:00,MR_Short_Exit,5660.25,10,280975,-2037.5,-0.73,0,62.5,0.02,-2037.5,-0.73,43937.5,4.39,8
885,Entry short,2024-08-23 06:00,MR_Short,5619.5,10,280975,-2037.5,-0.73,0,62.5,0.02,-2037.5,-0.73,43937.5,4.39,8
886,Exit short,2024-08-23 10:30,MR_Short_Exit,5655.75,10,282887.5,100,0.04,0,100,0.04,-75,-0.03,44037.5,4.40,0
886,Entry short,2024-08-23 10:30,MR_Short,5657.75,10,282887.5,100,0.04,0,100,0.04,-75,-0.03,44037.5,4.40,0
887,Exit short,2024-08-23 11:30,MR_Short_Exit,5645.5,10,282362.5,87.5,0.03,0,87.5,0.03,-437.5,-0.15,44125,4.41,0
887,Entry short,2024-08-23 11:30,MR_Short,5647.25,10,282362.5,87.5,0.03,0,87.5,0.03,-437.5,-0.15,44125,4.41,0
888,Exit short,2024-08-23 15:30,MR_Short_Exit,5650.5,10,282612.5,87.5,0.03,0,87.5,0.03,-262.5,-0.09,44212.5,4.42,0
888,Entry short,2024-08-23 15:30,MR_Short,5652.25,10,282612.5,87.5,0.03,0,87.5,0.03,-262.5,-0.09,44212.5,4.42,0
889,Exit short,2024-08-26 05:00,MR_Short_Exit,5659.25,10,283075,112.5,0.04,0,112.5,0.04,-112.5,-0.04,44325,4.43,1
889,Entry short,2024-08-26 04:30,MR_Short,5661.5,10,283075,112.5,0.04,0,112.5,0.04,-112.5,-0.04,44325,4.43,1
890,Exit short,2024-08-26 06:30,MR_Short_Exit,5661.5,10,283187.5,112.5,0.04,0,112.5,0.04,0,0.00,44437.5,4.44,0
890,Entry short,2024-08-26 06:30,MR_Short,5663.75,10,283187.5,112.5,0.04,0,112.5,0.04,0,0.00,44437.5,4.44,0
891,Exit long,2024-08-26 11:00,Sq_Short,5640.5,10,282025,0,0.00,0,0,0.00,0,0.00,44437.5,4.44,0
891,Entry long,2024-08-26 11:00,MR_Long,5640.5,10,282025,0,0.00,0,0,0.00,0,0.00,44437.5,4.44,0
892,Exit short,2024-08-26 11:00,Sq_Short_Exit,5635.25,10,282025,262.5,0.09,0,312.5,0.11,-125,-0.04,44700,4.47,0
892,Entry short,2024-08-26 11:00,Sq_Short,5640.5,10,282025,262.5,0.09,0,312.5,0.11,-125,-0.04,44700,4.47,0
893,Exit long,2024-08-26 16:30,Session Flatten,5631.5,10,281962.5,-387.5,-0.14,0,75,0.03,-975,-0.35,44312.5,4.43,6
893,Entry long,2024-08-26 13:30,MR_Long,5639.25,10,281962.5,-387.5,-0.14,0,75,0.03,-975,-0.35,44312.5,4.43,6
894,Exit long,2024-08-26 19:00,MR_Long_Exit,5629,10,281337.5,112.5,0.04,0,112.5,0.04,-187.5,-0.07,44425,4.44,1
894,Entry long,2024-08-26 18:30,MR_Long,5626.75,10,281337.5,112.5,0.04,0,112.5,0.04,-187.5,-0.07,44425,4.44,1
895,Exit short,2024-08-27 04:30,MR_Short_Exit,5641,10,282150,100,0.04,0,100,0.04,-100,-0.04,44525,4.45,0
895,Entry short,2024-08-27 04:30,MR_Short,5643,10,282150,100,0.04,0,100,0.04,-100,-0.04,44525,4.45,0
896,Exit short,2024-08-27 05:30,MR_Short_Exit,5641.75,10,282187.5,100,0.04,0,100,0.04,0,0.00,44625,4.46,0
896,Entry short,2024-08-27 05:30,MR_Short,5643.75,10,282187.5,100,0.04,0,100,0.04,0,0.00,44625,4.46,0
897,Exit long,2024-08-27 09:00,Sq_Short,5620.75,10,281037.5,0,0.00,0,0,0.00,0,0.00,44625,4.46,0
897,Entry long,2024-08-27 09:00,MR_Long,5620.75,10,281037.5,0,0.00,0,0,0.00,0,0.00,44625,4.46,0
898,Exit short,2024-08-27 09:00,Sq_Short_Exit,5613.5,10,281037.5,362.5,0.13,0,412.5,0.15,-200,-0.07,44987.5,4.50,0
898,Entry short,2024-08-27 09:00,Sq_Short,5620.75,10,281037.5,362.5,0.13,0,412.5,0.15,-200,-0.07,44987.5,4.50,0
899,Exit short,2024-08-28 05:30,MR_Short_Exit,5647.5,10,282475,100,0.04,0,100,0.04,-50,-0.02,45087.5,4.51,1
899,Entry short,2024-08-28 05:00,MR_Short,5649.5,10,282475,100,0.04,0,100,0.04,-50,-0.02,45087.5,4.51,1
900,Exit long,2024-08-28 11:00,Sq_Short,5624.25,10,281212.5,0,0.00,0,0,0.00,0,0.00,45087.5,4.51,0
900,Entry long,2024-08-28 11:00,MR_Long,5624.25,10,281212.5,0,0.00,0,0,0.00,0,0.00,45087.5,4.51,0
901,Exit short,2024-08-28 11:00,Sq_Short_Exit,5605.25,10,281212.5,950,0.34,0,1000,0.36,-12.5,0.00,46037.5,4.60,0
901,Entry short,2024-08-28 11:00,Sq_Short,5624.25,10,281212.5,950,0.34,0,1000,0.36,-12.5,0.00,46037.5,4.60,0
902,Exit long,2024-08-28 20:30,MR_Long_Exit,5582,10,279000,100,0.04,0,100,0.04,-950,-0.34,46137.5,4.61,4
902,Entry long,2024-08-28 18:30,MR_Long,5580,10,279000,100,0.04,0,100,0.04,-950,-0.34,46137.5,4.61,4
903,Exit short,2024-08-29 10:00,MR_Short_Exit,5642.5,10,280087.5,-2037.5,-0.73,0,12.5,0.00,-2037.5,-0.73,44100,4.41,14
903,Entry short,2024-08-29 03:00,MR_Short,5601.75,10,280087.5,-2037.5,-0.73,0,12.5,0.00,-2037.5,-0.73,44100,4.41,14
904,Exit long,2024-08-29 15:00,MR_Long_Exit,5613.5,10,280587.5,87.5,0.03,0,87.5,0.03,-500,-0.18,44187.5,4.42,0
904,Entry long,2024-08-29 15:00,MR_Long,5611.75,10,280587.5,87.5,0.03,0,87.5,0.03,-500,-0.18,44187.5,4.42,0
905,Exit long,2024-08-29 16:00,MR_Long_Exit,5612.25,10,280525,87.5,0.03,0,87.5,0.03,-37.5,-0.01,44275,4.43,0
905,Entry long,2024-08-29 16:00,MR_Long,5610.5,10,280525,87.5,0.03,0,87.5,0.03,-37.5,-0.01,44275,4.43,0
906,Exit long,2024-08-29 20:00,MR_Long_Exit,5617,10,280750,100,0.04,0,100,0.04,0,0.00,44375,4.44,0
906,Entry long,2024-08-29 20:00,MR_Long,5615,10,280750,100,0.04,0,100,0.04,0,0.00,44375,4.44,0
907,Exit short,2024-08-30 04:00,MR_Short_Exit,5629.5,10,281575,100,0.04,0,100,0.04,0,0.00,44475,4.45,0
907,Entry short,2024-08-30 04:00,MR_Short,5631.5,10,281575,100,0.04,0,100,0.04,0,0.00,44475,4.45,0
908,Exit short,2024-08-30 06:00,MR_Short_Exit,5631.5,10,281687.5,112.5,0.04,0,112.5,0.04,0,0.00,44587.5,4.46,0
908,Entry short,2024-08-30 06:00,MR_Short,5633.75,10,281687.5,112.5,0.04,0,112.5,0.04,0,0.00,44587.5,4.46,0
909,Exit short,2024-08-30 07:00,MR_Short_Exit,5634.5,10,281812.5,87.5,0.03,0,87.5,0.03,-50,-0.02,44675,4.47,0
909,Entry short,2024-08-30 07:00,MR_Short,5636.25,10,281812.5,87.5,0.03,0,87.5,0.03,-50,-0.02,44675,4.47,0
910,Exit long,2024-08-30 12:00,MR_Long_Exit,5616.5,10,280737.5,87.5,0.03,0,87.5,0.03,0,0.00,44762.5,4.48,0
910,Entry long,2024-08-30 12:00,MR_Long,5614.75,10,280737.5,87.5,0.03,0,87.5,0.03,0,0.00,44762.5,4.48,0
911,Exit short,2024-08-30 12:30,Sq_Short_Exit,5595,10,280212.5,462.5,0.17,0,512.5,0.18,0,0.00,45225,4.52,0
911,Entry short,2024-08-30 12:30,Sq_Short,5604.25,10,280212.5,462.5,0.17,0,512.5,0.18,0,0.00,45225,4.52,0
912,Exit short,2024-08-30 16:00,MR_Short_Exit,5656.25,10,282912.5,100,0.04,0,100,0.04,-150,-0.05,45325,4.53,0
912,Entry short,2024-08-30 16:00,MR_Short,5658.25,10,282912.5,100,0.04,0,100,0.04,-150,-0.05,45325,4.53,0
913,Exit long,2024-09-02 03:30,MR_Long_Exit,5641.75,10,281987.5,100,0.04,0,100,0.04,-87.5,-0.03,45425,4.54,0
913,Entry long,2024-09-02 03:30,MR_Long,5639.75,10,281987.5,100,0.04,0,100,0.04,-87.5,-0.03,45425,4.54,0
914,Exit short,2024-09-02 11:00,MR_Short_Exit,5663.75,10,283287.5,100,0.04,0,100,0.04,-75,-0.03,45525,4.55,0
914,Entry short,2024-09-02 11:00,MR_Short,5665.75,10,283287.5,100,0.04,0,100,0.04,-75,-0.03,45525,4.55,0
915,Exit long,2024-09-02 23:30,Sq_Short,5647.75,10,282387.5,0,0.00,0,0,0.00,0,0.00,45525,4.55,0
915,Entry long,2024-09-02 23:30,MR_Long,5647.75,10,282387.5,0,0.00,0,0,0.00,0,0.00,45525,4.55,0
916,Exit short,2024-09-03 05:00,Sq_Short_Exit,5640,10,282387.5,387.5,0.14,0,437.5,0.15,-925,-0.33,45912.5,4.59,11
916,Entry short,2024-09-02 23:30,Sq_Short,5647.75,10,282387.5,387.5,0.14,0,437.5,0.15,-925,-0.33,45912.5,4.59,11
917,Exit long,2024-09-03 05:30,MR_Long_Exit,5635.5,10,281675,100,0.04,0,100,0.04,0,0.00,46012.5,4.60,0
917,Entry long,2024-09-03 05:30,MR_Long,5633.5,10,281675,100,0.04,0,100,0.04,0,0.00,46012.5,4.60,0
918,Exit long,2024-09-04 10:00,MR_Short,5545.25,10,277262.5,0,0.00,0,0,0.00,0,0.00,46012.5,4.60,0
918,Entry long,2024-09-04 10:00,Sq_Long,5545.25,10,277262.5,0,0.00,0,0,0.00,0,0.00,46012.5,4.60,0
919,Exit long,2024-09-04 10:00,Sq_Long_Exit,5548.25,10,277262.5,150,0.05,0,200,0.07,0,0.00,46162.5,4.62,0
919,Entry long,2024-09-04 10:00,Sq_Long,5545.25,10,277262.5,150,0.05,0,200,0.07,0,0.00,46162.5,4.62,0
920,Exit short,2024-09-05 10:30,MR_Short_Exit,5547.5,10,277462.5,87.5,0.03,0,87.5,0.03,-287.5,-0.10,46250,4.63,0
920,Entry short,2024-09-05 10:30,MR_Short,5549.25,10,277462.5,87.5,0.03,0,87.5,0.03,-287.5,-0.10,46250,4.63,0
921,Exit long,2024-09-05 11:30,Sq_Short,5498.25,10,274912.5,0,0.00,0,0,0.00,0,0.00,46250,4.63,0
921,Entry long,2024-09-05 11:30,MR_Long,5498.25,10,274912.5,0,0.00,0,0,0.00,0,0.00,46250,4.63,0
922,Exit short,2024-09-05 11:30,Sq_Short_Exit,5493.5,10,274912.5,237.5,0.09,0,287.5,0.10,0,0.00,46487.5,4.65,0
922,Entry short,2024-09-05 11:30,Sq_Short,5498.25,10,274912.5,237.5,0.09,0,287.5,0.10,0,0.00,46487.5,4.65,0
923,Exit long,2024-09-05 13:30,MR_Long_Exit,5499.25,10,274862.5,100,0.04,0,100,0.04,-37.5,-0.01,46587.5,4.66,0
923,Entry long,2024-09-05 13:30,MR_Long,5497.25,10,274862.5,100,0.04,0,100,0.04,-37.5,-0.01,46587.5,4.66,0
924,Exit long,2024-09-06 03:30,MR_Long_Exit,5476.5,10,273725,100,0.04,0,100,0.04,-150,-0.05,46687.5,4.67,0
924,Entry long,2024-09-06 03:30,MR_Long,5474.5,10,273725,100,0.04,0,100,0.04,-150,-0.05,46687.5,4.67,0
925,Exit short,2024-09-06 04:00,Sq_Short_Exit,5477.25,10,273950,87.5,0.03,0,137.5,0.05,0,0.00,46775,4.68,0
925,Entry short,2024-09-06 04:00,Sq_Short,5479,10,273950,87.5,0.03,0,137.5,0.05,0,0.00,46775,4.68,0
926,Exit long,2024-09-06 08:30,MR_Long_Exit,5477.25,10,273862.5,0,0.00,0,0,0.00,0,0.00,46775,4.68,0
926,Entry long,2024-09-06 08:30,MR_Long,5477.25,10,273862.5,0,0.00,0,0,0.00,0,0.00,46775,4.68,0
927,Exit short,2024-09-06 09:00,MR_Short_Exit,5512,10,275687.5,87.5,0.03,0,87.5,0.03,0,0.00,46862.5,4.69,0
927,Entry short,2024-09-06 09:00,MR_Short,5513.75,10,275687.5,87.5,0.03,0,87.5,0.03,0,0.00,46862.5,4.69,0
928,Exit long,2024-09-06 11:00,MR_Long_Exit,5440.75,10,271937.5,100,0.04,0,100,0.04,-675,-0.25,46962.5,4.70,0
928,Entry long,2024-09-06 11:00,MR_Long,5438.75,10,271937.5,100,0.04,0,100,0.04,-675,-0.25,46962.5,4.70,0
929,Exit long,2024-09-06 16:30,Session Flatten,5403,10,271025,-875,-0.32,0,50,0.02,-900,-0.33,46087.5,4.61,1
929,Entry long,2024-09-06 16:00,MR_Long,5420.5,10,271025,-875,-0.32,0,50,0.02,-900,-0.33,46087.5,4.61,1
930,Exit short,2024-09-09 01:00,MR_Short_Exit,5439.25,10,272062.5,100,0.04,0,100,0.04,-187.5,-0.07,46187.5,4.62,1
930,Entry short,2024-09-09 00:30,MR_Short,5441.25,10,272062.5,100,0.04,0,100,0.04,-187.5,-0.07,46187.5,4.62,1
931,Exit short,2024-09-09 02:30,MR_Short_Exit,5440.75,10,272125,87.5,0.03,0,87.5,0.03,-75,-0.03,46275,4.63,0
931,Entry short,2024-09-09 02:30,MR_Short,5442.5,10,272125,87.5,0.03,0,87.5,0.03,-75,-0.03,46275,4.63,0
932,Exit short,2024-09-09 10:00,MR_Short_Exit,5466.75,10,273437.5,100,0.04,0,100,0.04,0,0.00,46375,4.64,0
932,Entry short,2024-09-09 10:00,MR_Short,5468.75,10,273437.5,100,0.04,0,100,0.04,0,0.00,46375,4.64,0
933,Exit short,2024-09-09 12:00,MR_Short_Exit,5473.5,10,273787.5,112.5,0.04,0,112.5,0.04,0,0.00,46487.5,4.65,0
933,Entry short,2024-09-09 12:00,MR_Short,5475.75,10,273787.5,112.5,0.04,0,112.5,0.04,0,0.00,46487.5,4.65,0
934,Exit short,2024-09-10 08:30,MR_Short_Exit,5491.5,10,274675,100,0.04,0,100,0.04,0,0.00,46587.5,4.66,0
934,Entry short,2024-09-10 08:30,MR_Short,5493.5,10,274675,100,0.04,0,100,0.04,0,0.00,46587.5,4.66,0
935,Exit long,2024-09-10 09:00,Sq_Long_Exit,5499,10,274812.5,137.5,0.05,0,187.5,0.07,-62.5,-0.02,46725,4.67,0
935,Entry long,2024-09-10 09:00,Sq_Long,5496.25,10,274812.5,137.5,0.05,0,187.5,0.07,-62.5,-0.02,46725,4.67,0
936,Exit long,2024-09-10 12:00,MR_Long_Exit,5458.25,10,272812.5,100,0.04,0,100,0.04,0,0.00,46825,4.68,0
936,Entry long,2024-09-10 12:00,MR_Long,5456.25,10,272812.5,100,0.04,0,100,0.04,0,0.00,46825,4.68,0
937,Exit short,2024-09-10 15:30,MR_Short_Exit,5500,10,275087.5,87.5,0.03,0,87.5,0.03,-212.5,-0.08,46912.5,4.69,0
937,Entry short,2024-09-10 15:30,MR_Short,5501.75,10,275087.5,87.5,0.03,0,87.5,0.03,-212.5,-0.08,46912.5,4.69,0
938,Exit long,2024-09-11 02:00,MR_Long_Exit,5480,10,273900,100,0.04,0,100,0.04,-350,-0.13,47012.5,4.70,4
938,Entry long,2024-09-11 00:00,MR_Long,5478,10,273900,100,0.04,0,100,0.04,-350,-0.13,47012.5,4.70,4
939,Exit short,2024-09-11 08:00,MR_Short_Exit,5494,10,274787.5,87.5,0.03,0,87.5,0.03,0,0.00,47100,4.71,0
939,Entry short,2024-09-11 08:00,MR_Short,5495.75,10,274787.5,87.5,0.03,0,87.5,0.03,0,0.00,47100,4.71,0
940,Exit long,2024-09-11 10:30,MR_Long_Exit,5419.25,10,273012.5,-2050,-0.75,0,37.5,0.01,-2050,-0.75,45050,4.51,1
940,Entry long,2024-09-11 10:00,MR_Long,5460.25,10,273012.5,-2050,-0.75,0,37.5,0.01,-2050,-0.75,45050,4.51,1
941,Exit short,2024-09-11 15:00,MR_Short_Exit,5543.25,10,275125,-2037.5,-0.74,0,37.5,0.01,-2037.5,-0.74,43012.5,4.30,3
941,Entry short,2024-09-11 13:30,MR_Short,5502.5,10,275125,-2037.5,-0.74,0,37.5,0.01,-2037.5,-0.74,43012.5,4.30,3
942,Exit short,2024-09-12 03:30,MR_Short_Exit,5574.25,10,278787.5,75,0.03,0,75,0.03,-50,-0.02,43087.5,4.31,0
942,Entry short,2024-09-12 03:30,MR_Short,5575.75,10,278787.5,75,0.03,0,75,0.03,-50,-0.02,43087.5,4.31,0
943,Exit long,2024-09-12 10:00,MR_Long_Exit,5552.5,10,277537.5,87.5,0.03,0,87.5,0.03,-250,-0.09,43175,4.32,0
943,Entry long,2024-09-12 10:00,MR_Long,5550.75,10,277537.5,87.5,0.03,0,87.5,0.03,-250,-0.09,43175,4.32,0
944,Exit short,2024-09-12 14:30,MR_Short_Exit,5589.5,10,279575,100,0.04,0,100,0.04,-787.5,-0.28,43275,4.33,2
944,Entry short,2024-09-12 13:30,MR_Short,5591.5,10,279575,100,0.04,0,100,0.04,-787.5,-0.28,43275,4.33,2
945,Exit short,2024-09-12 22:30,MR_Short_Exit,5599.5,10,280075,100,0.04,0,100,0.04,-412.5,-0.15,43375,4.34,8
945,Entry short,2024-09-12 18:30,MR_Short,5601.5,10,280075,100,0.04,0,100,0.04,-412.5,-0.15,43375,4.34,8
946,Exit short,2024-09-13 11:00,MR_Short_Exit,5627.5,10,281462.5,87.5,0.03,0,87.5,0.03,-150,-0.05,43462.5,4.35,0
946,Entry short,2024-09-13 11:00,MR_Short,5629.25,10,281462.5,87.5,0.03,0,87.5,0.03,-150,-0.05,43462.5,4.35,0
947,Exit long,2024-09-13 11:30,Sq_Long_Exit,5638,10,281475,425,0.15,0,475,0.17,-87.5,-0.03,43887.5,4.39,0
947,Entry long,2024-09-13 11:30,Sq_Long,5629.5,10,281475,425,0.15,0,475,0.17,-87.5,-0.03,43887.5,4.39,0
948,Exit short,2024-09-13 13:00,MR_Short_Exit,5630.75,10,281650,112.5,0.04,0,112.5,0.04,0,0.00,44000,4.40,0
948,Entry short,2024-09-13 13:00,MR_Short,5633,10,281650,112.5,0.04,0,112.5,0.04,0,0.00,44000,4.40,0
949,Exit long,2024-09-16 11:00,MR_Long_Exit,5619,10,280862.5,87.5,0.03,0,87.5,0.03,-275,-0.10,44087.5,4.41,0
949,Entry long,2024-09-16 11:00,MR_Long,5617.25,10,280862.5,87.5,0.03,0,87.5,0.03,-275,-0.10,44087.5,4.41,0
950,Exit short,2024-09-16 19:00,MR_Short_Exit,5697,10,284950,100,0.04,0,100,0.04,-75,-0.03,44187.5,4.42,1
950,Entry short,2024-09-16 18:30,MR_Short,5699,10,284950,100,0.04,0,100,0.04,-75,-0.03,44187.5,4.42,1
951,Exit short,2024-09-17 10:30,MR_Short_Exit,5728.5,10,286537.5,112.5,0.04,0,112.5,0.04,-312.5,-0.11,44300,4.43,0
951,Entry short,2024-09-17 10:30,MR_Short,5730.75,10,286537.5,112.5,0.04,0,112.5,0.04,-312.5,-0.11,44300,4.43,0
952,Exit long,2024-09-17 13:00,MR_Long_Exit,5690.25,10,284400,112.5,0.04,0,112.5,0.04,-175,-0.06,44412.5,4.44,0
952,Entry long,2024-09-17 13:00,MR_Long,5688,10,284400,112.5,0.04,0,112.5,0.04,-175,-0.06,44412.5,4.44,0
953,Exit long,2024-09-17 15:00,MR_Long_Exit,5692.5,10,284525,100,0.04,0,100,0.04,0,0.00,44512.5,4.45,0
953,Entry long,2024-09-17 15:00,MR_Long,5690.5,10,284525,100,0.04,0,100,0.04,0,0.00,44512.5,4.45,0
954,Exit long,2024-09-18 12:00,Sq_Short,5685.25,10,284262.5,0,0.00,0,0,0.00,0,0.00,44512.5,4.45,0
954,Entry long,2024-09-18 12:00,MR_Long,5685.25,10,284262.5,0,0.00,0,0,0.00,0,0.00,44512.5,4.45,0
955,Exit short,2024-09-18 12:00,Sq_Short_Exit,5683.25,10,284262.5,100,0.04,0,150,0.05,0,0.00,44612.5,4.46,0
955,Entry short,2024-09-18 12:00,Sq_Short,5685.25,10,284262.5,100,0.04,0,150,0.05,0,0.00,44612.5,4.46,0
956,Exit short,2024-09-18 14:30,MR_Short_Exit,5725.5,10,286375,100,0.03,0,100,0.03,-562.5,-0.20,44712.5,4.47,0
956,Entry short,2024-09-18 14:30,MR_Short,5727.5,10,286375,100,0.03,0,100,0.03,-562.5,-0.20,44712.5,4.47,0
957,Exit short,2024-09-18 23:00,MR_Short_Exit,5728.5,10,286512.5,87.5,0.03,0,87.5,0.03,-150,-0.05,44800,4.48,0
957,Entry short,2024-09-18 23:00,MR_Short,5730.25,10,286512.5,87.5,0.03,0,87.5,0.03,-150,-0.05,44800,4.48,0
958,Exit short,2024-09-19 10:30,MR_Short_Exit,5779.5,10,289075,100,0.03,0,100,0.03,-287.5,-0.10,44900,4.49,0
958,Entry short,2024-09-19 10:30,MR_Short,5781.5,10,289075,100,0.03,0,100,0.03,-287.5,-0.10,44900,4.49,0
959,Exit short,2024-09-19 14:00,MR_Short_Exit,5791.25,10,289675,112.5,0.04,0,112.5,0.04,-112.5,-0.04,45012.5,4.50,0
959,Entry short,2024-09-19 14:00,MR_Short,5793.5,10,289675,112.5,0.04,0,112.5,0.04,-112.5,-0.04,45012.5,4.50,0
960,Exit long,2024-09-20 10:00,MR_Long_Exit,5755.5,10,287675,100,0.03,0,100,0.03,0,0.00,45112.5,4.51,0
960,Entry long,2024-09-20 10:00,MR_Long,5753.5,10,287675,100,0.03,0,100,0.03,0,0.00,45112.5,4.51,0
961,Exit short,2024-09-20 11:00,Sq_Short_Exit,5734.25,10,287300,587.5,0.20,0,637.5,0.22,0,0.00,45700,4.57,0
961,Entry short,2024-09-20 11:00,Sq_Short,5746,10,287300,587.5,0.20,0,637.5,0.22,0,0.00,45700,4.57,0
962,Exit short,2024-09-23 01:00,MR_Short_Exit,5775.75,10,288875,87.5,0.03,0,87.5,0.03,-225,-0.08,45787.5,4.58,8
962,Entry short,2024-09-22 21:00,MR_Short,5777.5,10,288875,87.5,0.03,0,87.5,0.03,-225,-0.08,45787.5,4.58,8
963,Exit long,2024-09-23 03:30,MR_Long_Exit,5757.75,10,287775,112.5,0.04,0,112.5,0.04,-162.5,-0.06,45900,4.59,0
963,Entry long,2024-09-23 03:30,MR_Long,5755.5,10,287775,112.5,0.04,0,112.5,0.04,-162.5,-0.06,45900,4.59,0
964,Exit long,2024-09-24 03:00,MR_Short,5785.25,10,289262.5,0,0.00,0,0,0.00,0,0.00,45900,4.59,0
964,Entry long,2024-09-24 03:00,Sq_Long,5785.25,10,289262.5,0,0.00,0,0,0.00,0,0.00,45900,4.59,0
965,Exit long,2024-09-24 03:00,Sq_Long_Exit,5786.5,10,289262.5,62.5,0.02,0,112.5,0.04,0,0.00,45962.5,4.60,0
965,Entry long,2024-09-24 03:00,Sq_Long,5785.25,10,289262.5,62.5,0.02,0,112.5,0.04,0,0.00,45962.5,4.60,0
966,Exit short,2024-09-24 04:00,MR_Short_Exit,5787,10,289425,75,0.03,0,75,0.03,0,0.00,46037.5,4.60,0
966,Entry short,2024-09-24 04:00,MR_Short,5788.5,10,289425,75,0.03,0,75,0.03,0,0.00,46037.5,4.60,0
967,Exit long,2024-09-24 10:30,MR_Long_Exit,5763.75,10,288087.5,100,0.03,0,100,0.03,-350,-0.12,46137.5,4.61,0
967,Entry long,2024-09-24 10:30,MR_Long,5761.75,10,288087.5,100,0.03,0,100,0.03,-350,-0.12,46137.5,4.61,0
968,Exit long,2024-09-25 03:00,MR_Long_Exit,5780.25,10,288912.5,100,0.03,0,100,0.03,-237.5,-0.08,46237.5,4.62,2
968,Entry long,2024-09-25 02:00,MR_Long,5778.25,10,288912.5,100,0.03,0,100,0.03,-237.5,-0.08,46237.5,4.62,2
969,Exit short,2024-09-25 07:00,MR_Short_Exit,5789,10,289537.5,87.5,0.03,0,87.5,0.03,0,0.00,46325,4.63,0
969,Entry short,2024-09-25 07:00,MR_Short,5790.75,10,289537.5,87.5,0.03,0,87.5,0.03,0,0.00,46325,4.63,0
970,Exit short,2024-09-25 10:00,MR_Short_Exit,5792.25,10,289725,112.5,0.04,0,112.5,0.04,-275,-0.09,46437.5,4.64,0
970,Entry short,2024-09-25 10:00,MR_Short,5794.5,10,289725,112.5,0.04,0,112.5,0.04,-275,-0.09,46437.5,4.64,0
971,Exit long,2024-09-25 13:30,MR_Long_Exit,5778.5,10,288812.5,112.5,0.04,0,112.5,0.04,0,0.00,46550,4.66,0
971,Entry long,2024-09-25 13:30,MR_Long,5776.25,10,288812.5,112.5,0.04,0,112.5,0.04,0,0.00,46550,4.66,0
972,Exit short,2024-09-26 10:30,MR_Short_Exit,5792.25,10,289712.5,100,0.03,0,100,0.03,-1787.5,-0.62,46650,4.67,28
972,Entry short,2024-09-25 20:30,MR_Short,5794.25,10,289712.5,100,0.03,0,100,0.03,-1787.5,-0.62,46650,4.67,28
973,Exit long,2024-09-26 11:00,MR_Long_Exit,5794,10,289612.5,87.5,0.03,0,87.5,0.03,-200,-0.07,46737.5,4.67,0
973,Entry long,2024-09-26 11:00,MR_Long,5792.25,10,289612.5,87.5,0.03,0,87.5,0.03,-200,-0.07,46737.5,4.67,0
974,Exit long,2024-09-27 04:00,Sq_Short,5791,10,289550,0,0.00,0,0,0.00,0,0.00,46737.5,4.67,0
974,Entry long,2024-09-27 04:00,MR_Long,5791,10,289550,0,0.00,0,0,0.00,0,0.00,46737.5,4.67,0
975,Exit short,2024-09-27 14:30,Sq_Short_Exit,5782.75,10,289550,412.5,0.14,0,462.5,0.16,-1525,-0.53,47150,4.72,21
975,Entry short,2024-09-27 04:00,Sq_Short,5791,10,289550,412.5,0.14,0,462.5,0.16,-1525,-0.53,47150,4.72,21
976,Exit long,2024-09-30 07:30,MR_Long_Exit,5780.25,10,288912.5,100,0.03,0,100,0.03,0,0.00,47250,4.72,0
976,Entry long,2024-09-30 07:30,MR_Long,5778.25,10,288912.5,100,0.03,0,100,0.03,0,0.00,47250,4.72,0
977,Exit short,2024-09-30 14:00,Sq_Short_Exit,5757.25,10,288800,937.5,0.32,0,987.5,0.34,-1137.5,-0.39,48187.5,4.82,12
977,Entry short,2024-09-30 08:00,Sq_Short,5776,10,288800,937.5,0.32,0,987.5,0.34,-1137.5,-0.39,48187.5,4.82,12
978,Exit long,2024-09-30 14:30,MR_Long_Exit,5770.25,10,288425,87.5,0.03,0,87.5,0.03,-287.5,-0.10,48275,4.83,0
978,Entry long,2024-09-30 14:30,MR_Long,5768.5,10,288425,87.5,0.03,0,87.5,0.03,-287.5,-0.10,48275,4.83,0
979,Exit long,2024-09-30 16:00,MR_Short,5816,10,290800,0,0.00,0,0,0.00,0,0.00,48275,4.83,0
979,Entry long,2024-09-30 16:00,Sq_Long,5816,10,290800,0,0.00,0,0,0.00,0,0.00,48275,4.83,0
980,Exit long,2024-09-30 16:30,Session Flatten,5813,10,290800,-150,-0.05,0,12.5,0.00,-425,-0.15,48125,4.81,1
980,Entry long,2024-09-30 16:00,Sq_Long,5816,10,290800,-150,-0.05,0,12.5,0.00,-425,-0.15,48125,4.81,1
981,Exit short,2024-10-01 00:30,MR_Short_Exit,5810.75,10,290650,112.5,0.04,0,112.5,0.04,-487.5,-0.17,48237.5,4.82,7
981,Entry short,2024-09-30 21:00,MR_Short,5813,10,290650,112.5,0.04,0,112.5,0.04,-487.5,-0.17,48237.5,4.82,7
982,Exit long,2024-10-01 10:00,Sq_Short,5770.25,10,288512.5,0,0.00,0,0,0.00,0,0.00,48237.5,4.82,0
982,Entry long,2024-10-01 10:00,MR_Long,5770.25,10,288512.5,0,0.00,0,0,0.00,0,0.00,48237.5,4.82,0
983,Exit short,2024-10-01 10:00,Sq_Short_Exit,5742.25,10,288512.5,1400,0.49,0,1450,0.50,-337.5,-0.12,49637.5,4.96,0
983,Entry short,2024-10-01 10:00,Sq_Short,5770.25,10,288512.5,1400,0.49,0,1450,0.50,-337.5,-0.12,49637.5,4.96,0
984,Exit long,2024-10-03 01:00,MR_Long_Exit,5750.75,10,287437.5,100,0.03,0,100,0.03,-12.5,0.00,49737.5,4.97,0
984,Entry long,2024-10-03 01:00,MR_Long,5748.75,10,287437.5,100,0.03,0,100,0.03,-12.5,0.00,49737.5,4.97,0
985,Exit long,2024-10-03 02:00,MR_Long_Exit,5749.5,10,287362.5,112.5,0.04,0,112.5,0.04,-25,-0.01,49850,4.98,0
985,Entry long,2024-10-03 02:00,MR_Long,5747.25,10,287362.5,112.5,0.04,0,112.5,0.04,-25,-0.01,49850,4.98,0
986,Exit long,2024-10-03 04:00,MR_Long_Exit,5738,10,286800,100,0.03,0,100,0.03,-475,-0.17,49950,5.00,1
986,Entry long,2024-10-03 03:30,MR_Long,5736,10,286800,100,0.03,0,100,0.03,-475,-0.17,49950,5.00,1
987,Exit long,2024-10-03 22:30,MR_Short,5762.75,10,288137.5,0,0.00,0,0,0.00,0,0.00,49950,5.00,0
987,Entry long,2024-10-03 22:30,Sq_Long,5762.75,10,288137.5,0,0.00,0,0,0.00,0,0.00,49950,5.00,0
988,Exit long,2024-10-04 06:30,Sq_Long_Exit,5764.75,10,288137.5,100,0.03,0,150,0.05,-975,-0.34,50050,5.01,16
988,Entry long,2024-10-03 22:30,Sq_Long,5762.75,10,288137.5,100,0.03,0,150,0.05,-975,-0.34,50050,5.01,16
989,Exit long,2024-10-04 09:00,MR_Short,5799.25,10,289962.5,0,0.00,0,0,0.00,0,0.00,50050,5.01,0
989,Entry long,2024-10-04 09:00,Sq_Long,5799.25,10,289962.5,0,0.00,0,0,0.00,0,0.00,50050,5.01,0
990,Exit long,2024-10-04 09:00,Sq_Long_Exit,5801.5,10,289962.5,112.5,0.04,0,162.5,0.06,0,0.00,50162.5,5.02,0
990,Entry long,2024-10-04 09:00,Sq_Long,5799.25,10,289962.5,112.5,0.04,0,162.5,0.06,0,0.00,50162.5,5.02,0
991,Exit short,2024-10-04 16:00,MR_Short_Exit,5797.75,10,290000,112.5,0.04,0,112.5,0.04,-50,-0.02,50275,5.03,0
991,Entry short,2024-10-04 16:00,MR_Short,5800,10,290000,112.5,0.04,0,112.5,0.04,-50,-0.02,50275,5.03,0
992,Exit short,2024-10-06 18:30,MR_Short_Exit,5805.25,10,290375,112.5,0.04,0,112.5,0.04,-37.5,-0.01,50387.5,5.04,0
992,Entry short,2024-10-06 18:30,MR_Short,5807.5,10,290375,112.5,0.04,0,112.5,0.04,-37.5,-0.01,50387.5,5.04,0
993,Exit long,2024-10-07 03:30,MR_Long_Exit,5782.5,10,289037.5,87.5,0.03,0,87.5,0.03,0,0.00,50475,5.05,0
993,Entry long,2024-10-07 03:30,MR_Long,5780.75,10,289037.5,87.5,0.03,0,87.5,0.03,0,0.00,50475,5.05,0
994,Exit short,2024-10-07 05:00,Sq_Short_Exit,5763.5,10,288887.5,712.5,0.25,0,762.5,0.26,-350,-0.12,51187.5,5.12,2
994,Entry short,2024-10-07 04:00,Sq_Short,5777.75,10,288887.5,712.5,0.25,0,762.5,0.26,-350,-0.12,51187.5,5.12,2
995,Exit long,2024-10-07 15:00,Sq_Short,5736.5,10,286825,0,0.00,0,0,0.00,0,0.00,51187.5,5.12,0
995,Entry long,2024-10-07 15:00,MR_Long,5736.5,10,286825,0,0.00,0,0,0.00,0,0.00,51187.5,5.12,0
996,Exit short,2024-10-07 16:30,Session Flatten,5749.25,10,286825,-637.5,-0.22,0,87.5,0.03,-962.5,-0.34,50550,5.06,3
996,Entry short,2024-10-07 15:00,Sq_Short,5736.5,10,286825,-637.5,-0.22,0,87.5,0.03,-962.5,-0.34,50550,5.06,3
997,Exit short,2024-10-08 05:30,MR_Short_Exit,5764,10,288300,100,0.03,0,100,0.03,-100,-0.03,50650,5.07,0
997,Entry short,2024-10-08 05:30,MR_Short,5766,10,288300,100,0.03,0,100,0.03,-100,-0.03,50650,5.07,0
998,Exit long,2024-10-08 06:00,Sq_Long_Exit,5768,10,288250,150,0.05,0,200,0.07,-12.5,0.00,50800,5.08,0
998,Entry long,2024-10-08 06:00,Sq_Long,5765,10,288250,150,0.05,0,200,0.07,-12.5,0.00,50800,5.08,0
999,Exit short,2024-10-08 14:30,MR_Short_Exit,5787,10,289450,100,0.03,0,100,0.03,0,0.00,50900,5.09,0
999,Entry short,2024-10-08 14:30,MR_Short,5789,10,289450,100,0.03,0,100,0.03,0,0.00,50900,5.09,0
1000,Exit long,2024-10-09 03:00,MR_Long_Exit,5788.25,10,289312.5,100,0.03,0,100,0.03,-125,-0.04,51000,5.10,1
1000,Entry long,2024-10-09 02:30,MR_Long,5786.25,10,289312.5,100,0.03,0,100,0.03,-125,-0.04,51000,5.10,1
1001,Exit long,2024-10-09 03:30,MR_Long_Exit,5786.5,10,289212.5,112.5,0.04,0,112.5,0.04,-100,-0.03,51112.5,5.11,0
1001,Entry long,2024-10-09 03:30,MR_Long,5784.25,10,289212.5,112.5,0.04,0,112.5,0.04,-100,-0.03,51112.5,5.11,0
1002,Exit long,2024-10-09 04:30,MR_Long_Exit,5785.25,10,289150,112.5,0.04,0,112.5,0.04,-37.5,-0.01,51225,5.12,0
1002,Entry long,2024-10-09 04:30,MR_Long,5783,10,289150,112.5,0.04,0,112.5,0.04,-37.5,-0.01,51225,5.12,0
1003,Exit short,2024-10-09 15:30,MR_Short_Exit,5845,10,290200,-2050,-0.71,0,62.5,0.02,-2050,-0.71,49175,4.92,11
1003,Entry short,2024-10-09 10:00,MR_Short,5804,10,290200,-2050,-0.71,0,62.5,0.02,-2050,-0.71,49175,4.92,11
1004,Exit long,2024-10-10 04:00,MR_Long_Exit,5832.5,10,291525,100,0.03,0,100,0.03,-125,-0.04,49275,4.93,0
1004,Entry long,2024-10-10 04:00,MR_Long,5830.5,10,291525,100,0.03,0,100,0.03,-125,-0.04,49275,4.93,0
1005,Exit long,2024-10-10 05:30,MR_Long_Exit,5832.5,10,291537.5,87.5,0.03,0,87.5,0.03,-125,-0.04,49362.5,4.94,1
1005,Entry long,2024-10-10 05:00,MR_Long,5830.75,10,291537.5,87.5,0.03,0,87.5,0.03,-125,-0.04,49362.5,4.94,1
1006,Exit long,2024-10-10 09:00,MR_Long_Exit,5822.75,10,291037.5,100,0.03,0,100,0.03,-87.5,-0.03,49462.5,4.95,0
1006,Entry long,2024-10-10 09:00,MR_Long,5820.75,10,291037.5,100,0.03,0,100,0.03,-87.5,-0.03,49462.5,4.95,0
1007,Exit long,2024-10-10 10:00,MR_Long_Exit,5823,10,291062.5,87.5,0.03,0,87.5,0.03,-50,-0.02,49550,4.96,0
1007,Entry long,2024-10-10 10:00,MR_Long,5821.25,10,291062.5,87.5,0.03,0,87.5,0.03,-50,-0.02,49550,4.96,0
1008,Exit long,2024-10-11 03:30,MR_Long_Exit,5824,10,291087.5,112.5,0.04,0,112.5,0.04,-87.5,-0.03,49662.5,4.97,0
1008,Entry long,2024-10-11 03:30,MR_Long,5821.75,10,291087.5,112.5,0.04,0,112.5,0.04,-87.5,-0.03,49662.5,4.97,0
1009,Exit long,2024-10-11 06:30,MR_Long_Exit,5824.5,10,291125,100,0.03,0,100,0.03,-325,-0.11,49762.5,4.98,4
1009,Entry long,2024-10-11 04:30,MR_Long,5822.5,10,291125,100,0.03,0,100,0.03,-325,-0.11,49762.5,4.98,4
1010,Exit long,2024-10-11 10:00,MR_Short,5838,10,291900,0,0.00,0,0,0.00,0,0.00,49762.5,4.98,0
1010,Entry long,2024-10-11 10:00,Sq_Long,5838,10,291900,0,0.00,0,0,0.00,0,0.00,49762.5,4.98,0
1011,Exit long,2024-10-11 10:00,Sq_Long_Exit,5865.25,10,291900,1362.5,0.47,0,1412.5,0.48,-287.5,-0.10,51125,5.11,0
1011,Entry long,2024-10-11 10:00,Sq_Long,5838,10,291900,1362.5,0.47,0,1412.5,0.48,-287.5,-0.10,51125,5.11,0
1012,Exit short,2024-10-14 04:00,MR_Short_Exit,5862.25,10,293225,112.5,0.04,0,112.5,0.04,-75,-0.03,51237.5,5.12,0
1012,Entry short,2024-10-14 04:00,MR_Short,5864.5,10,293225,112.5,0.04,0,112.5,0.04,-75,-0.03,51237.5,5.12,0
1013,Exit short,2024-10-14 13:00,MR_Short_Exit,5907,10,293300,-2050,-0.70,0,37.5,0.01,-2050,-0.70,49187.5,4.92,15
1013,Entry short,2024-10-14 05:30,MR_Short,5866,10,293300,-2050,-0.70,0,37.5,0.01,-2050,-0.70,49187.5,4.92,15
1014,Exit long,2024-10-15 04:30,MR_Long_Exit,5905,10,295137.5,112.5,0.04,0,112.5,0.04,-12.5,0.00,49300,4.93,0
1014,Entry long,2024-10-15 04:30,MR_Long,5902.75,10,295137.5,112.5,0.04,0,112.5,0.04,-12.5,0.00,49300,4.93,0
1015,Exit long,2024-10-15 06:00,MR_Long_Exit,5906,10,295212.5,87.5,0.03,0,87.5,0.03,-100,-0.03,49387.5,4.94,0
1015,Entry long,2024-10-15 06:00,MR_Long,5904.25,10,295212.5,87.5,0.03,0,87.5,0.03,-100,-0.03,49387.5,4.94,0
1016,Exit long,2024-10-15 15:00,MR_Long_Exit,5856.75,10,294875,-2037.5,-0.69,0,37.5,0.01,-2037.5,-0.69,47350,4.74,9
1016,Entry long,2024-10-15 10:30,MR_Long,5897.5,10,294875,-2037.5,-0.69,0,37.5,0.01,-2037.5,-0.69,47350,4.74,9
1017,Exit long,2024-10-16 10:00,MR_Long_Exit,5857.25,10,292775,87.5,0.03,0,87.5,0.03,-62.5,-0.02,47437.5,4.74,0
1017,Entry long,2024-10-16 10:00,MR_Long,5855.5,10,292775,87.5,0.03,0,87.5,0.03,-62.5,-0.02,47437.5,4.74,0
1018,Exit short,2024-10-16 13:00,MR_Short_Exit,5876.25,10,293912.5,100,0.03,0,100,0.03,-112.5,-0.04,47537.5,4.75,0
1018,Entry short,2024-10-16 13:00,MR_Short,5878.25,10,293912.5,100,0.03,0,100,0.03,-112.5,-0.04,47537.5,4.75,0
1019,Exit long,2024-10-16 14:00,MR_Short,5880.75,10,294037.5,0,0.00,0,0,0.00,0,0.00,47537.5,4.75,0
1019,Entry long,2024-10-16 14:00,Sq_Long,5880.75,10,294037.5,0,0.00,0,0,0.00,0,0.00,47537.5,4.75,0
1020,Exit long,2024-10-16 14:00,Sq_Long_Exit,5891.25,10,294037.5,525,0.18,0,575,0.20,-87.5,-0.03,48062.5,4.81,0
1020,Entry long,2024-10-16 14:00,Sq_Long,5880.75,10,294037.5,525,0.18,0,575,0.20,-87.5,-0.03,48062.5,4.81,0
1021,Exit long,2024-10-17 01:00,MR_Long_Exit,5875.5,10,293687.5,87.5,0.03,0,87.5,0.03,-50,-0.02,48150,4.81,1
1021,Entry long,2024-10-17 00:30,MR_Long,5873.75,10,293687.5,87.5,0.03,0,87.5,0.03,-50,-0.02,48150,4.81,1
1022,Exit short,2024-10-17 15:30,MR_Short_Exit,5885,10,294375,125,0.04,0,125,0.04,-1975,-0.67,48275,4.83,26
1022,Entry short,2024-10-17 02:30,MR_Short,5887.5,10,294375,125,0.04,0,125,0.04,-1975,-0.67,48275,4.83,26
1023,Exit long,2024-10-17 16:00,MR_Long_Exit,5888.5,10,294325,100,0.03,0,100,0.03,-87.5,-0.03,48375,4.84,0
1023,Entry long,2024-10-17 16:00,MR_Long,5886.5,10,294325,100,0.03,0,100,0.03,-87.5,-0.03,48375,4.84,0
1024,Exit long,2024-10-17 20:30,MR_Long_Exit,5881.5,10,293975,100,0.03,0,100,0.03,-162.5,-0.06,48475,4.85,0
1024,Entry long,2024-10-17 20:30,MR_Long,5879.5,10,293975,100,0.03,0,100,0.03,-162.5,-0.06,48475,4.85,0
1025,Exit short,2024-10-18 04:30,MR_Short_Exit,5895,10,294850,100,0.03,0,100,0.03,-137.5,-0.05,48575,4.86,1
1025,Entry short,2024-10-18 04:00,MR_Short,5897,10,294850,100,0.03,0,100,0.03,-137.5,-0.05,48575,4.86,1
1026,Exit short,2024-10-18 08:00,MR_Short_Exit,5897,10,294962.5,112.5,0.04,0,112.5,0.04,-87.5,-0.03,48687.5,4.87,1
1026,Entry short,2024-10-18 07:30,MR_Short,5899.25,10,294962.5,112.5,0.04,0,112.5,0.04,-87.5,-0.03,48687.5,4.87,1
1027,Exit short,2024-10-18 09:00,MR_Short_Exit,5898.25,10,295025,112.5,0.04,0,112.5,0.04,0,0.00,48800,4.88,0
1027,Entry short,2024-10-18 09:00,MR_Short,5900.5,10,295025,112.5,0.04,0,112.5,0.04,0,0.00,48800,4.88,0
1028,Exit short,2024-10-18 14:30,MR_Short_Exit,5911,10,295637.5,87.5,0.03,0,87.5,0.03,-50,-0.02,48887.5,4.89,0
1028,Entry short,2024-10-18 14:30,MR_Short,5912.75,10,295637.5,87.5,0.03,0,87.5,0.03,-50,-0.02,48887.5,4.89,0
1029,Exit short,2024-10-20 19:30,MR_Short_Exit,5912.5,10,295725,100,0.03,0,100,0.03,-12.5,0.00,48987.5,4.90,0
1029,Entry short,2024-10-20 19:30,MR_Short,5914.5,10,295725,100,0.03,0,100,0.03,-12.5,0.00,48987.5,4.90,0
1030,Exit long,2024-10-21 02:00,Sq_Short,5902.5,10,295125,0,0.00,0,0,0.00,0,0.00,48987.5,4.90,0
1030,Entry long,2024-10-21 02:00,MR_Long,5902.5,10,295125,0,0.00,0,0,0.00,0,0.00,48987.5,4.90,0
1031,Exit short,2024-10-21 02:30,Sq_Short_Exit,5900.25,10,295125,112.5,0.04,0,162.5,0.06,-87.5,-0.03,49100,4.91,1
1031,Entry short,2024-10-21 02:00,Sq_Short,5902.5,10,295125,112.5,0.04,0,162.5,0.06,-87.5,-0.03,49100,4.91,1
1032,Exit long,2024-10-21 05:30,MR_Long_Exit,5900.25,10,294912.5,100,0.03,0,100,0.03,0,0.00,49200,4.92,0
1032,Entry long,2024-10-21 05:30,MR_Long,5898.25,10,294912.5,100,0.03,0,100,0.03,0,0.00,49200,4.92,0
1033,Exit long,2024-10-21 12:30,MR_Long_Exit,5887.25,10,294262.5,100,0.03,0,100,0.03,-1012.5,-0.34,49300,4.93,3
1033,Entry long,2024-10-21 11:00,MR_Long,5885.25,10,294262.5,100,0.03,0,100,0.03,-1012.5,-0.34,49300,4.93,3
1034,Exit long,2024-10-22 10:00,MR_Long_Exit,5877.5,10,293787.5,87.5,0.03,0,87.5,0.03,-737.5,-0.25,49387.5,4.94,10
1034,Entry long,2024-10-22 05:00,MR_Long,5875.75,10,293787.5,87.5,0.03,0,87.5,0.03,-737.5,-0.25,49387.5,4.94,10
1035,Exit short,2024-10-22 16:30,Session Flatten,5889.25,10,294287.5,-175,-0.06,0,25,0.01,-925,-0.31,49212.5,4.92,6
1035,Entry short,2024-10-22 13:30,MR_Short,5885.75,10,294287.5,-175,-0.06,0,25,0.01,-925,-0.31,49212.5,4.92,6
1036,Exit long,2024-10-23 07:00,MR_Long_Exit,5880.25,10,293912.5,100,0.03,0,100,0.03,-137.5,-0.05,49312.5,4.93,1
1036,Entry long,2024-10-23 06:30,MR_Long,5878.25,10,293912.5,100,0.03,0,100,0.03,-137.5,-0.05,49312.5,4.93,1
1037,Exit short,2024-10-23 08:30,Sq_Short_Exit,5871.75,10,293887.5,300,0.10,0,350,0.12,-187.5,-0.06,49612.5,4.96,2
1037,Entry short,2024-10-23 07:30,Sq_Short,5877.75,10,293887.5,300,0.10,0,350,0.12,-187.5,-0.06,49612.5,4.96,2
1038,Exit long,2024-10-23 09:30,MR_Long_Exit,5874.25,10,293612.5,100,0.03,0,100,0.03,-250,-0.09,49712.5,4.97,1
1038,Entry long,2024-10-23 09:00,MR_Long,5872.25,10,293612.5,100,0.03,0,100,0.03,-250,-0.09,49712.5,4.97,1
1039,Exit short,2024-10-23 23:30,MR_Short_Exit,5850,10,292600,100,0.03,0,100,0.03,-125,-0.04,49812.5,4.98,1
1039,Entry short,2024-10-23 23:00,MR_Short,5852,10,292600,100,0.03,0,100,0.03,-125,-0.04,49812.5,4.98,1
1040,Exit short,2024-10-24 04:30,MR_Short_Exit,5858.25,10,293012.5,100,0.03,0,100,0.03,-325,-0.11,49912.5,4.99,2
1040,Entry short,2024-10-24 03:30,MR_Short,5860.25,10,293012.5,100,0.03,0,100,0.03,-325,-0.11,49912.5,4.99,2
1041,Exit short,2024-10-24 06:30,MR_Short_Exit,5863,10,293250,100,0.03,0,100,0.03,-50,-0.02,50012.5,5.00,0
1041,Entry short,2024-10-24 06:30,MR_Short,5865,10,293250,100,0.03,0,100,0.03,-50,-0.02,50012.5,5.00,0
1042,Exit short,2024-10-24 08:00,MR_Short_Exit,5863.5,10,293262.5,87.5,0.03,0,87.5,0.03,-162.5,-0.06,50100,5.01,1
1042,Entry short,2024-10-24 07:30,MR_Short,5865.25,10,293262.5,87.5,0.03,0,87.5,0.03,-162.5,-0.06,50100,5.01,1
1043,Exit long,2024-10-24 10:30,MR_Long_Exit,5848.25,10,292312.5,100,0.03,0,100,0.03,-275,-0.09,50200,5.02,0
1043,Entry long,2024-10-24 10:30,MR_Long,5846.25,10,292312.5,100,0.03,0,100,0.03,-275,-0.09,50200,5.02,0
1044,Exit short,2024-10-25 04:00,MR_Short_Exit,5858.75,10,293025,87.5,0.03,0,87.5,0.03,-37.5,-0.01,50287.5,5.03,0
1044,Entry short,2024-10-25 04:00,MR_Short,5860.5,10,293025,87.5,0.03,0,87.5,0.03,-37.5,-0.01,50287.5,5.03,0
1045,Exit long,2024-10-25 05:30,MR_Short,5863.5,10,293175,0,0.00,0,0,0.00,0,0.00,50287.5,5.03,0
1045,Entry long,2024-10-25 05:30,Sq_Long,5863.5,10,293175,0,0.00,0,0,0.00,0,0.00,50287.5,5.03,0
1046,Exit long,2024-10-25 07:30,Sq_Long_Exit,5866.5,10,293175,150,0.05,0,200,0.07,-275,-0.09,50437.5,5.04,4
1046,Entry long,2024-10-25 05:30,Sq_Long,5863.5,10,293175,150,0.05,0,200,0.07,-275,-0.09,50437.5,5.04,4
1047,Exit short,2024-10-25 13:00,MR_Short_Exit,5862.5,10,293225,100,0.03,0,100,0.03,-1812.5,-0.62,50537.5,5.05,10
1047,Entry short,2024-10-25 08:00,MR_Short,5864.5,10,293225,100,0.03,0,100,0.03,-1812.5,-0.62,50537.5,5.05,10
1048,Exit long,2024-10-25 14:00,MR_Long_Exit,5848.5,10,292325,100,0.03,0,100,0.03,0,0.00,50637.5,5.06,0
1048,Entry long,2024-10-25 14:00,MR_Long,5846.5,10,292325,100,0.03,0,100,0.03,0,0.00,50637.5,5.06,0
1049,Exit long,2024-10-25 15:30,MR_Long_Exit,5851.75,10,292487.5,100,0.03,0,100,0.03,0,0.00,50737.5,5.07,0
1049,Entry long,2024-10-25 15:30,MR_Long,5849.75,10,292487.5,100,0.03,0,100,0.03,0,0.00,50737.5,5.07,0
1050,Exit short,2024-10-28 01:00,MR_Short_Exit,5877.25,10,293962.5,100,0.03,0,100,0.03,-12.5,0.00,50837.5,5.08,0
1050,Entry short,2024-10-28 01:00,MR_Short,5879.25,10,293962.5,100,0.03,0,100,0.03,-12.5,0.00,50837.5,5.08,0
1051,Exit long,2024-10-29 00:00,MR_Long_Exit,5853.75,10,292587.5,100,0.03,0,100,0.03,-62.5,-0.02,50937.5,5.09,0
1051,Entry long,2024-10-29 00:00,MR_Long,5851.75,10,292587.5,100,0.03,0,100,0.03,-62.5,-0.02,50937.5,5.09,0
1052,Exit long,2024-10-29 09:00,MR_Long_Exit,5852.25,10,292500,112.5,0.04,0,112.5,0.04,-75,-0.03,51050,5.10,0
1052,Entry long,2024-10-29 09:00,MR_Long,5850,10,292500,112.5,0.04,0,112.5,0.04,-75,-0.03,51050,5.10,0
1053,Exit short,2024-10-29 15:30,MR_Short_Exit,5875.5,10,293887.5,112.5,0.04,0,112.5,0.04,-275,-0.09,51162.5,5.12,2
1053,Entry short,2024-10-29 14:30,MR_Short,5877.75,10,293887.5,112.5,0.04,0,112.5,0.04,-275,-0.09,51162.5,5.12,2
1054,Exit short,2024-10-29 23:30,MR_Short_Exit,5881.25,10,294150,87.5,0.03,0,87.5,0.03,-500,-0.17,51250,5.13,10
1054,Entry short,2024-10-29 18:30,MR_Short,5883,10,294150,87.5,0.03,0,87.5,0.03,-500,-0.17,51250,5.13,10
1055,Exit long,2024-10-30 09:00,Sq_Short,5868.75,10,293437.5,0,0.00,0,0,0.00,0,0.00,51250,5.13,0
1055,Entry long,2024-10-30 09:00,MR_Long,5868.75,10,293437.5,0,0.00,0,0,0.00,0,0.00,51250,5.13,0
1056,Exit short,2024-10-30 09:00,Sq_Short_Exit,5862.5,10,293437.5,312.5,0.11,0,362.5,0.12,0,0.00,51562.5,5.16,0
1056,Entry short,2024-10-30 09:00,Sq_Short,5868.75,10,293437.5,312.5,0.11,0,362.5,0.12,0,0.00,51562.5,5.16,0
1057,Exit long,2024-10-30 14:00,Sq_Short,5859,10,292950,0,0.00,0,0,0.00,0,0.00,51562.5,5.16,0
1057,Entry long,2024-10-30 14:00,MR_Long,5859,10,292950,0,0.00,0,0,0.00,0,0.00,51562.5,5.16,0
1058,Exit short,2024-10-30 15:00,Sq_Short_Exit,5854.75,10,292950,212.5,0.07,0,262.5,0.09,-587.5,-0.20,51775,5.18,2
1058,Entry short,2024-10-30 14:00,Sq_Short,5859,10,292950,212.5,0.07,0,262.5,0.09,-587.5,-0.20,51775,5.18,2
1059,Exit long,2024-10-30 16:00,MR_Long_Exit,5860.5,10,292925,100,0.03,0,100,0.03,-612.5,-0.21,51875,5.19,1
1059,Entry long,2024-10-30 15:30,MR_Long,5858.5,10,292925,100,0.03,0,100,0.03,-612.5,-0.21,51875,5.19,1
1060,Exit long,2024-10-31 14:30,MR_Long_Exit,5747.25,10,289412.5,-2050,-0.71,0,12.5,0.00,-2050,-0.71,49825,4.98,9
1060,Entry long,2024-10-31 10:00,MR_Long,5788.25,10,289412.5,-2050,-0.71,0,12.5,0.00,-2050,-0.71,49825,4.98,9
1061,Exit short,2024-11-01 07:00,MR_Short_Exit,5758.75,10,288025,87.5,0.03,0,87.5,0.03,-62.5,-0.02,49912.5,4.99,0
1061,Entry short,2024-11-01 07:00,MR_Short,5760.5,10,288025,87.5,0.03,0,87.5,0.03,-62.5,-0.02,49912.5,4.99,0
1062,Exit short,2024-11-01 09:00,MR_Short_Exit,5764.5,10,288325,100,0.03,0,100,0.03,-12.5,0.00,50012.5,5.00,0
1062,Entry short,2024-11-01 09:00,MR_Short,5766.5,10,288325,100,0.03,0,100,0.03,-12.5,0.00,50012.5,5.00,0
1063,Exit short,2024-11-01 10:00,MR_Short_Exit,5777.5,10,288975,100,0.03,0,100,0.03,0,0.00,50112.5,5.01,0
1063,Entry short,2024-11-01 10:00,MR_Short,5779.5,10,288975,100,0.03,0,100,0.03,0,0.00,50112.5,5.01,0
1064,Exit long,2024-11-03 20:00,MR_Long_Exit,5751.75,10,287500,87.5,0.03,0,87.5,0.03,-312.5,-0.11,50200,5.02,2
1064,Entry long,2024-11-03 19:00,MR_Long,5750,10,287500,87.5,0.03,0,87.5,0.03,-312.5,-0.11,50200,5.02,2
1065,Exit short,2024-11-04 01:30,MR_Short_Exit,5773.25,10,288762.5,100,0.03,0,100,0.03,-62.5,-0.02,50300,5.03,0
1065,Entry short,2024-11-04 01:30,MR_Short,5775.25,10,288762.5,100,0.03,0,100,0.03,-62.5,-0.02,50300,5.03,0
1066,Exit long,2024-11-04 12:00,MR_Long_Exit,5736.25,10,286712.5,100,0.03,0,100,0.03,-500,-0.17,50400,5.04,0
1066,Entry long,2024-11-04 12:00,MR_Long,5734.25,10,286712.5,100,0.03,0,100,0.03,-500,-0.17,50400,5.04,0
1067,Exit long,2024-11-05 10:00,MR_Short,5786.5,10,289325,0,0.00,0,0,0.00,0,0.00,50400,5.04,0
1067,Entry long,2024-11-05 10:00,Sq_Long,5786.5,10,289325,0,0.00,0,0,0.00,0,0.00,50400,5.04,0
1068,Exit long,2024-11-05 10:00,Sq_Long_Exit,5793.25,10,289325,337.5,0.12,0,387.5,0.13,-275,-0.10,50737.5,5.07,0
1068,Entry long,2024-11-05 10:00,Sq_Long,5786.5,10,289325,337.5,0.12,0,387.5,0.13,-275,-0.10,50737.5,5.07,0
1069,Exit short,2024-11-06 07:30,MR_Short_Exit,5936,10,296925,125,0.04,0,125,0.04,0,0.00,50862.5,5.09,0
1069,Entry short,2024-11-06 07:30,MR_Short,5938.5,10,296925,125,0.04,0,125,0.04,0,0.00,50862.5,5.09,0
1070,Exit short,2024-11-07 10:00,MR_Short_Exit,5984,10,299287.5,87.5,0.03,0,87.5,0.03,0,0.00,50950,5.10,0
1070,Entry short,2024-11-07 10:00,MR_Short,5985.75,10,299287.5,87.5,0.03,0,87.5,0.03,0,0.00,50950,5.10,0
1071,Exit long,2024-11-07 10:30,Sq_Long_Exit,5995.25,10,299450,312.5,0.10,0,362.5,0.12,-112.5,-0.04,51262.5,5.13,0
1071,Entry long,2024-11-07 10:30,Sq_Long,5989,10,299450,312.5,0.10,0,362.5,0.12,-112.5,-0.04,51262.5,5.13,0
1072,Exit short,2024-11-07 15:00,MR_Short_Exit,6004.75,10,300337.5,100,0.03,0,100,0.03,0,0.00,51362.5,5.14,0
1072,Entry short,2024-11-07 15:00,MR_Short,6006.75,10,300337.5,100,0.03,0,100,0.03,0,0.00,51362.5,5.14,0
1073,Exit long,2024-11-08 06:00,MR_Long_Exit,5996.25,10,299712.5,100,0.03,0,100,0.03,0,0.00,51462.5,5.15,0
1073,Entry long,2024-11-08 06:00,MR_Long,5994.25,10,299712.5,100,0.03,0,100,0.03,0,0.00,51462.5,5.15,0
1074,Exit short,2024-11-08 10:00,MR_Short_Exit,6012.75,10,300750,112.5,0.04,0,112.5,0.04,-200,-0.07,51575,5.16,0
1074,Entry short,2024-11-08 10:00,MR_Short,6015,10,300750,112.5,0.04,0,112.5,0.04,-200,-0.07,51575,5.16,0
1075,Exit short,2024-11-10 19:30,MR_Short_Exit,6034.75,10,301825,87.5,0.03,0,87.5,0.03,-100,-0.03,51662.5,5.17,2
1075,Entry short,2024-11-10 18:30,MR_Short,6036.5,10,301825,87.5,0.03,0,87.5,0.03,-100,-0.03,51662.5,5.17,2
1076,Exit short,2024-11-11 03:30,MR_Short_Exit,6042,10,302212.5,112.5,0.04,0,112.5,0.04,-25,-0.01,51775,5.18,0
1076,Entry short,2024-11-11 03:30,MR_Short,6044.25,10,302212.5,112.5,0.04,0,112.5,0.04,-25,-0.01,51775,5.18,0
1077,Exit short,2024-11-11 08:30,MR_Short_Exit,6045.5,10,302387.5,112.5,0.04,0,112.5,0.04,-275,-0.09,51887.5,5.19,2
1077,Entry short,2024-11-11 07:30,MR_Short,6047.75,10,302387.5,112.5,0.04,0,112.5,0.04,-275,-0.09,51887.5,5.19,2
1078,Exit long,2024-11-11 10:30,MR_Long_Exit,6034.5,10,301637.5,87.5,0.03,0,87.5,0.03,-25,-0.01,51975,5.20,0
1078,Entry long,2024-11-11 10:30,MR_Long,6032.75,10,301637.5,87.5,0.03,0,87.5,0.03,-25,-0.01,51975,5.20,0
1079,Exit long,2024-11-11 13:30,MR_Long_Exit,6028,10,301300,100,0.03,0,100,0.03,-625,-0.21,52075,5.21,1
1079,Entry long,2024-11-11 13:00,MR_Long,6026,10,301300,100,0.03,0,100,0.03,-625,-0.21,52075,5.21,1
1080,Exit long,2024-11-12 05:30,MR_Long_Exit,6016.5,10,300712.5,112.5,0.04,0,112.5,0.04,-50,-0.02,52187.5,5.22,0
1080,Entry long,2024-11-12 05:30,MR_Long,6014.25,10,300712.5,112.5,0.04,0,112.5,0.04,-50,-0.02,52187.5,5.22,0
1081,Exit long,2024-11-12 12:00,MR_Long_Exit,6010,10,300400,100,0.03,0,100,0.03,0,0.00,52287.5,5.23,0
1081,Entry long,2024-11-12 12:00,MR_Long,6008,10,300400,100,0.03,0,100,0.03,0,0.00,52287.5,5.23,0
1082,Exit long,2024-11-13 03:00,MR_Long_Exit,6001.75,10,299975,112.5,0.04,0,112.5,0.04,-325,-0.11,52400,5.24,4
1082,Entry long,2024-11-13 01:00,MR_Long,5999.5,10,299975,112.5,0.04,0,112.5,0.04,-325,-0.11,52400,5.24,4
1083,Exit short,2024-11-13 09:00,MR_Short_Exit,6012,10,300687.5,87.5,0.03,0,87.5,0.03,0,0.00,52487.5,5.25,0
1083,Entry short,2024-11-13 09:00,MR_Short,6013.75,10,300687.5,87.5,0.03,0,87.5,0.03,0,0.00,52487.5,5.25,0
1084,Exit long,2024-11-13 11:30,MR_Short,6022.25,10,301112.5,0,0.00,0,0,0.00,0,0.00,52487.5,5.25,0
1084,Entry long,2024-11-13 11:30,Sq_Long,6022.25,10,301112.5,0,0.00,0,0,0.00,0,0.00,52487.5,5.25,0
1085,Exit long,2024-11-13 11:30,Sq_Long_Exit,6025,10,301112.5,137.5,0.05,0,187.5,0.06,0,0.00,52625,5.26,0
1085,Entry long,2024-11-13 11:30,Sq_Long,6022.25,10,301112.5,137.5,0.05,0,187.5,0.06,0,0.00,52625,5.26,0
1086,Exit short,2024-11-14 07:00,MR_Short_Exit,6022,10,301200,100,0.03,0,100,0.03,-62.5,-0.02,52725,5.27,0
1086,Entry short,2024-11-14 07:00,MR_Short,6024,10,301200,100,0.03,0,100,0.03,-62.5,-0.02,52725,5.27,0
1087,Exit long,2024-11-14 12:00,MR_Long_Exit,6000.5,10,299937.5,87.5,0.03,0,87.5,0.03,0,0.00,52812.5,5.28,0
1087,Entry long,2024-11-14 12:00,MR_Long,5998.75,10,299937.5,87.5,0.03,0,87.5,0.03,0,0.00,52812.5,5.28,0
1088,Exit long,2024-11-14 15:30,MR_Long_Exit,5985.5,10,299175,100,0.03,0,100,0.03,0,0.00,52912.5,5.29,0
1088,Entry long,2024-11-14 15:30,MR_Long,5983.5,10,299175,100,0.03,0,100,0.03,0,0.00,52912.5,5.29,0
1089,Exit long,2024-11-15 10:00,MR_Long_Exit,5915,10,297812.5,-2062.5,-0.69,0,0,0.00,-2062.5,-0.69,50850,5.09,18
1089,Entry long,2024-11-15 01:00,MR_Long,5956.25,10,297812.5,-2062.5,-0.69,0,0,0.00,-2062.5,-0.69,50850,5.09,18
1090,Exit long,2024-11-15 10:30,MR_Long_Exit,5909.75,10,295375,112.5,0.04,0,112.5,0.04,0,0.00,50962.5,5.10,0
1090,Entry long,2024-11-15 10:30,MR_Long,5907.5,10,295375,112.5,0.04,0,112.5,0.04,0,0.00,50962.5,5.10,0
1091,Exit short,2024-11-18 00:00,MR_Short_Exit,5912.25,10,295687.5,75,0.03,0,75,0.03,-37.5,-0.01,51037.5,5.10,0
1091,Entry short,2024-11-18 00:00,MR_Short,5913.75,10,295687.5,75,0.03,0,75,0.03,-37.5,-0.01,51037.5,5.10,0
1092,Exit long,2024-11-18 04:30,MR_Long_Exit,5901,10,294962.5,87.5,0.03,0,87.5,0.03,0,0.00,51125,5.11,0
1092,Entry long,2024-11-18 04:30,MR_Long,5899.25,10,294962.5,87.5,0.03,0,87.5,0.03,0,0.00,51125,5.11,0
1093,Exit long,2024-11-18 08:30,MR_Long_Exit,5892.25,10,294500,112.5,0.04,0,112.5,0.04,-25,-0.01,51237.5,5.12,0
1093,Entry long,2024-11-18 08:30,MR_Long,5890,10,294500,112.5,0.04,0,112.5,0.04,-25,-0.01,51237.5,5.12,0
1094,Exit short,2024-11-18 11:30,MR_Short_Exit,5918.25,10,296000,87.5,0.03,0,87.5,0.03,-462.5,-0.16,51325,5.13,1
1094,Entry short,2024-11-18 11:00,MR_Short,5920,10,296000,87.5,0.03,0,87.5,0.03,-462.5,-0.16,51325,5.13,1
1095,Exit short,2024-11-18 23:30,MR_Short_Exit,5930.75,10,296625,87.5,0.03,0,87.5,0.03,-87.5,-0.03,51412.5,5.14,0
1095,Entry short,2024-11-18 23:30,MR_Short,5932.5,10,296625,87.5,0.03,0,87.5,0.03,-87.5,-0.03,51412.5,5.14,0
1096,Exit long,2024-11-19 04:30,MR_Long_Exit,5891.5,10,294475,100,0.03,0,100,0.03,0,0.00,51512.5,5.15,0
1096,Entry long,2024-11-19 04:30,MR_Long,5889.5,10,294475,100,0.03,0,100,0.03,0,0.00,51512.5,5.15,0
1097,Exit long,2024-11-19 09:00,MR_Long_Exit,5856.75,10,294887.5,-2050,-0.70,0,37.5,0.01,-2050,-0.70,49462.5,4.95,1
1097,Entry long,2024-11-19 08:30,MR_Long,5897.75,10,294887.5,-2050,-0.70,0,37.5,0.01,-2050,-0.70,49462.5,4.95,1
1098,Exit short,2024-11-19 11:30,MR_Short_Exit,5923.5,10,296275,100,0.03,0,100,0.03,-175,-0.06,49562.5,4.96,0
1098,Entry short,2024-11-19 11:30,MR_Short,5925.5,10,296275,100,0.03,0,100,0.03,-175,-0.06,49562.5,4.96,0
1099,Exit long,2024-11-20 10:00,Sq_Short,5908.5,10,295425,0,0.00,0,0,0.00,0,0.00,49562.5,4.96,0
1099,Entry long,2024-11-20 10:00,MR_Long,5908.5,10,295425,0,0.00,0,0,0.00,0,0.00,49562.5,4.96,0
1100,Exit short,2024-11-20 10:00,Sq_Short_Exit,5881,10,295425,1375,0.47,0,1425,0.48,-375,-0.13,50937.5,5.09,0
1100,Entry short,2024-11-20 10:00,Sq_Short,5908.5,10,295425,1375,0.47,0,1425,0.48,-375,-0.13,50937.5,5.09,0
1101,Exit long,2024-11-20 12:30,MR_Long_Exit,5908.5,10,295325,100,0.03,0,100,0.03,-187.5,-0.06,51037.5,5.10,0
1101,Entry long,2024-11-20 12:30,MR_Long,5906.5,10,295325,100,0.03,0,100,0.03,-187.5,-0.06,51037.5,5.10,0
1102,Exit long,2024-11-20 14:30,MR_Long_Exit,5904.5,10,295100,125,0.04,0,125,0.04,-275,-0.09,51162.5,5.12,1
1102,Entry long,2024-11-20 14:00,MR_Long,5902,10,295100,125,0.04,0,125,0.04,-275,-0.09,51162.5,5.12,1
1103,Exit short,2024-11-21 09:30,MR_Short_Exit,5939.25,10,297062.5,100,0.03,0,100,0.03,-1525,-0.51,51262.5,5.13,5
1103,Entry short,2024-11-21 07:00,MR_Short,5941.25,10,297062.5,100,0.03,0,100,0.03,-1525,-0.51,51262.5,5.13,5
1104,Exit short,2024-11-21 14:00,MR_Short_Exit,5969.5,10,298575,100,0.03,0,100,0.03,-550,-0.18,51362.5,5.14,2
1104,Entry short,2024-11-21 13:00,MR_Short,5971.5,10,298575,100,0.03,0,100,0.03,-550,-0.18,51362.5,5.14,2
1105,Exit long,2024-11-22 04:30,MR_Long_Exit,5952,10,297500,100,0.03,0,100,0.03,-437.5,-0.15,51462.5,5.15,0
1105,Entry long,2024-11-22 04:30,MR_Long,5950,10,297500,100,0.03,0,100,0.03,-437.5,-0.15,51462.5,5.15,0
1106,Exit long,2024-11-22 05:30,MR_Long_Exit,5950.75,10,297425,112.5,0.04,0,112.5,0.04,-37.5,-0.01,51575,5.16,0
1106,Entry long,2024-11-22 05:30,MR_Long,5948.5,10,297425,112.5,0.04,0,112.5,0.04,-37.5,-0.01,51575,5.16,0
1107,Exit short,2024-11-22 10:00,MR_Short_Exit,5989,10,299575,125,0.04,0,125,0.04,-25,-0.01,51700,5.17,0
1107,Entry short,2024-11-22 10:00,MR_Short,5991.5,10,299575,125,0.04,0,125,0.04,-25,-0.01,51700,5.17,0
1108,Exit short,2024-11-22 11:00,MR_Short_Exit,5987.75,10,299475,87.5,0.03,0,87.5,0.03,-62.5,-0.02,51787.5,5.18,0
1108,Entry short,2024-11-22 11:00,MR_Short,5989.5,10,299475,87.5,0.03,0,87.5,0.03,-62.5,-0.02,51787.5,5.18,0
1109,Exit short,2024-11-22 12:30,MR_Short_Exit,5985.75,10,299375,87.5,0.03,0,87.5,0.03,-137.5,-0.05,51875,5.19,0
1109,Entry short,2024-11-22 12:30,MR_Short,5987.5,10,299375,87.5,0.03,0,87.5,0.03,-137.5,-0.05,51875,5.19,0
1110,Exit short,2024-11-24 18:30,MR_Short_Exit,6007.5,10,300475,100,0.03,0,100,0.03,-75,-0.02,51975,5.20,0
1110,Entry short,2024-11-24 18:30,MR_Short,6009.5,10,300475,100,0.03,0,100,0.03,-75,-0.02,51975,5.20,0
1111,Exit short,2024-11-25 09:00,MR_Short_Exit,6025.75,10,301375,87.5,0.03,0,87.5,0.03,0,0.00,52062.5,5.21,0
1111,Entry short,2024-11-25 09:00,MR_Short,6027.5,10,301375,87.5,0.03,0,87.5,0.03,0,0.00,52062.5,5.21,0
1112,Exit long,2024-11-25 12:30,Sq_Short,5991,10,299550,0,0.00,0,0,0.00,0,0.00,52062.5,5.21,0
1112,Entry long,2024-11-25 12:30,MR_Long,5991,10,299550,0,0.00,0,0,0.00,0,0.00,52062.5,5.21,0
1113,Exit short,2024-11-25 12:30,Sq_Short_Exit,5983.5,10,299550,375,0.13,0,425,0.14,-300,-0.10,52437.5,5.24,0
1113,Entry short,2024-11-25 12:30,Sq_Short,5991,10,299550,375,0.13,0,425,0.14,-300,-0.10,52437.5,5.24,0
1114,Exit long,2024-11-25 20:30,MR_Long_Exit,5992.5,10,299525,100,0.03,0,100,0.03,-712.5,-0.24,52537.5,5.25,2
1114,Entry long,2024-11-25 19:30,MR_Long,5990.5,10,299525,100,0.03,0,100,0.03,-712.5,-0.24,52537.5,5.25,2
1115,Exit short,2024-11-26 07:00,MR_Short_Exit,6018.25,10,301000,87.5,0.03,0,87.5,0.03,0,0.00,52625,5.26,0
1115,Entry short,2024-11-26 07:00,MR_Short,6020,10,301000,87.5,0.03,0,87.5,0.03,0,0.00,52625,5.26,0
1116,Exit long,2024-11-26 08:00,Sq_Long_Exit,6023,10,301087.5,62.5,0.02,0,112.5,0.04,0,0.00,52687.5,5.27,0
1116,Entry long,2024-11-26 08:00,Sq_Long,6021.75,10,301087.5,62.5,0.02,0,112.5,0.04,0,0.00,52687.5,5.27,0
1117,Exit short,2024-11-26 12:00,MR_Short_Exit,6024,10,301300,100,0.03,0,100,0.03,-187.5,-0.06,52787.5,5.28,1
1117,Entry short,2024-11-26 11:30,MR_Short,6026,10,301300,100,0.03,0,100,0.03,-187.5,-0.06,52787.5,5.28,1
1118,Exit short,2024-11-26 13:00,MR_Short_Exit,6029.75,10,301575,87.5,0.03,0,87.5,0.03,-37.5,-0.01,52875,5.29,0
1118,Entry short,2024-11-26 13:00,MR_Short,6031.5,10,301575,87.5,0.03,0,87.5,0.03,-37.5,-0.01,52875,5.29,0
1119,Exit short,2024-11-26 14:00,MR_Short_Exit,6030.25,10,301600,87.5,0.03,0,87.5,0.03,-150,-0.05,52962.5,5.30,0
1119,Entry short,2024-11-26 14:00,MR_Short,6032,10,301600,87.5,0.03,0,87.5,0.03,-150,-0.05,52962.5,5.30,0
1120,Exit short,2024-11-26 16:30,Session Flatten,6042.5,10,301850,-275,-0.09,0,12.5,0.00,-312.5,-0.10,52687.5,5.27,1
1120,Entry short,2024-11-26 16:00,MR_Short,6037,10,301850,-275,-0.09,0,12.5,0.00,-312.5,-0.10,52687.5,5.27,1
1121,Exit short,2024-11-26 19:00,MR_Short_Exit,6038.5,10,302037.5,112.5,0.04,0,112.5,0.04,-37.5,-0.01,52800,5.28,0
1121,Entry short,2024-11-26 19:00,MR_Short,6040.75,10,302037.5,112.5,0.04,0,112.5,0.04,-37.5,-0.01,52800,5.28,0
1122,Exit short,2024-11-26 21:30,MR_Short_Exit,6043.75,10,302312.5,125,0.04,0,125,0.04,-12.5,0.00,52925,5.29,0
1122,Entry short,2024-11-26 21:30,MR_Short,6046.25,10,302312.5,125,0.04,0,125,0.04,-12.5,0.00,52925,5.29,0
1123,Exit long,2024-11-27 03:30,MR_Long_Exit,6032.25,10,301512.5,100,0.03,0,100,0.03,0,0.00,53025,5.30,0
1123,Entry long,2024-11-27 03:30,MR_Long,6030.25,10,301512.5,100,0.03,0,100,0.03,0,0.00,53025,5.30,0
1124,Exit short,2024-11-27 04:30,Sq_Short_Exit,6025.5,10,301412.5,137.5,0.05,0,187.5,0.06,-12.5,0.00,53162.5,5.32,0
1124,Entry short,2024-11-27 04:30,Sq_Short,6028.25,10,301412.5,137.5,0.05,0,187.5,0.06,-12.5,0.00,53162.5,5.32,0
1125,Exit long,2024-11-27 06:30,MR_Long_Exit,6027.25,10,301262.5,100,0.03,0,100,0.03,-12.5,0.00,53262.5,5.33,0
1125,Entry long,2024-11-27 06:30,MR_Long,6025.25,10,301262.5,100,0.03,0,100,0.03,-12.5,0.00,53262.5,5.33,0
1126,Exit long,2024-11-27 10:30,MR_Long_Exit,6024,10,301100,100,0.03,0,100,0.03,0,0.00,53362.5,5.34,0
1126,Entry long,2024-11-27 10:30,MR_Long,6022,10,301100,100,0.03,0,100,0.03,0,0.00,53362.5,5.34,0
1127,Exit short,2024-11-27 11:00,Sq_Short_Exit,6011.5,10,300862.5,287.5,0.10,0,337.5,0.11,-12.5,0.00,53650,5.37,0
1127,Entry short,2024-11-27 11:00,Sq_Short,6017.25,10,300862.5,287.5,0.10,0,337.5,0.11,-12.5,0.00,53650,5.37,0
1128,Exit short,2024-11-28 18:00,MR_Short_Exit,6026,10,301412.5,112.5,0.04,0,112.5,0.04,-212.5,-0.07,53762.5,5.38,6
1128,Entry short,2024-11-28 10:00,MR_Short,6028.25,10,301412.5,112.5,0.04,0,112.5,0.04,-212.5,-0.07,53762.5,5.38,6
1129,Exit long,2024-11-28 20:00,MR_Long_Exit,6022.5,10,301012.5,112.5,0.04,0,112.5,0.04,-112.5,-0.04,53875,5.39,0
1129,Entry long,2024-11-28 20:00,MR_Long,6020.25,10,301012.5,112.5,0.04,0,112.5,0.04,-112.5,-0.04,53875,5.39,0
1130,Exit short,2024-11-29 00:00,MR_Short_Exit,6032.75,10,301737.5,100,0.03,0,100,0.03,-37.5,-0.01,53975,5.40,0
1130,Entry short,2024-11-29 00:00,MR_Short,6034.75,10,301737.5,100,0.03,0,100,0.03,-37.5,-0.01,53975,5.40,0
1131,Exit long,2024-11-29 09:00,MR_Long_Exit,6027.75,10,301287.5,100,0.03,0,100,0.03,-362.5,-0.12,54075,5.41,1
1131,Entry long,2024-11-29 08:30,MR_Long,6025.75,10,301287.5,100,0.03,0,100,0.03,-362.5,-0.12,54075,5.41,1
1132,Exit short,2024-12-02 01:00,MR_Short_Exit,6038.25,10,302025,112.5,0.04,0,112.5,0.04,-975,-0.32,54187.5,5.42,20
1132,Entry short,2024-11-29 10:30,MR_Short,6040.5,10,302025,112.5,0.04,0,112.5,0.04,-975,-0.32,54187.5,5.42,20
1133,Exit long,2024-12-02 01:30,MR_Long_Exit,6039.25,10,301862.5,100,0.03,0,100,0.03,-75,-0.02,54287.5,5.43,0
1133,Entry long,2024-12-02 01:30,MR_Long,6037.25,10,301862.5,100,0.03,0,100,0.03,-75,-0.02,54287.5,5.43,0
1134,Exit short,2024-12-02 16:30,Session Flatten,6063.75,10,302475,-712.5,-0.24,0,100,0.03,-950,-0.31,53575,5.36,18
1134,Entry short,2024-12-02 07:30,MR_Short,6049.5,10,302475,-712.5,-0.24,0,100,0.03,-950,-0.31,53575,5.36,18
1135,Exit long,2024-12-03 10:30,Sq_Short,6049.25,10,302462.5,0,0.00,0,0,0.00,0,0.00,53575,5.36,0
1135,Entry long,2024-12-03 10:30,MR_Long,6049.25,10,302462.5,0,0.00,0,0,0.00,0,0.00,53575,5.36,0
1136,Exit short,2024-12-03 16:30,Session Flatten,6069.75,10,302462.5,-1025,-0.34,0,87.5,0.03,-1075,-0.36,52550,5.26,12
1136,Entry short,2024-12-03 10:30,Sq_Short,6049.25,10,302462.5,-1025,-0.34,0,87.5,0.03,-1075,-0.36,52550,5.26,12
1137,Exit short,2024-12-03 19:00,MR_Short_Exit,6067.25,10,303462.5,100,0.03,0,100,0.03,-12.5,0.00,52650,5.27,0
1137,Entry short,2024-12-03 19:00,MR_Short,6069.25,10,303462.5,100,0.03,0,100,0.03,-12.5,0.00,52650,5.27,0
1138,Exit short,2024-12-04 10:00,MR_Short_Exit,6074.5,10,303825,100,0.03,0,100,0.03,-462.5,-0.15,52750,5.28,12
1138,Entry short,2024-12-04 04:00,MR_Short,6076.5,10,303825,100,0.03,0,100,0.03,-462.5,-0.15,52750,5.28,12
1139,Exit short,2024-12-04 12:00,MR_Short_Exit,6083.5,10,304262.5,87.5,0.03,0,87.5,0.03,-175,-0.06,52837.5,5.28,2
1139,Entry short,2024-12-04 11:00,MR_Short,6085.25,10,304262.5,87.5,0.03,0,87.5,0.03,-175,-0.06,52837.5,5.28,2
1140,Exit short,2024-12-04 16:30,Session Flatten,6095.75,10,304562.5,-225,-0.07,0,62.5,0.02,-550,-0.18,52612.5,5.26,4
1140,Entry short,2024-12-04 14:30,MR_Short,6091.25,10,304562.5,-225,-0.07,0,62.5,0.02,-550,-0.18,52612.5,5.26,4
1141,Exit long,2024-12-05 13:00,MR_Short,6106.5,10,305325,0,0.00,0,0,0.00,0,0.00,52612.5,5.26,0
1141,Entry long,2024-12-05 13:00,Sq_Long,6106.5,10,305325,0,0.00,0,0,0.00,0,0.00,52612.5,5.26,0
1142,Exit long,2024-12-05 16:30,Session Flatten,6085.25,10,305325,-1062.5,-0.35,0,12.5,0.00,-1250,-0.41,51550,5.16,7
1142,Entry long,2024-12-05 13:00,Sq_Long,6106.5,10,305325,-1062.5,-0.35,0,12.5,0.00,-1250,-0.41,51550,5.16,7
1143,Exit long,2024-12-05 21:30,MR_Long_Exit,6085.75,10,304200,87.5,0.03,0,87.5,0.03,-162.5,-0.05,51637.5,5.16,6
1143,Entry long,2024-12-05 18:30,MR_Long,6084,10,304200,87.5,0.03,0,87.5,0.03,-162.5,-0.05,51637.5,5.16,6
1144,Exit short,2024-12-06 12:30,MR_Short_Exit,6092.75,10,304737.5,100,0.03,0,100,0.03,-912.5,-0.30,51737.5,5.17,7
1144,Entry short,2024-12-06 09:00,MR_Short,6094.75,10,304737.5,100,0.03,0,100,0.03,-912.5,-0.30,51737.5,5.17,7
1145,Exit short,2024-12-09 03:00,MR_Short_Exit,6101.5,10,305162.5,87.5,0.03,0,87.5,0.03,0,0.00,51825,5.18,0
1145,Entry short,2024-12-09 03:00,MR_Short,6103.25,10,305162.5,87.5,0.03,0,87.5,0.03,0,0.00,51825,5.18,0
1146,Exit long,2024-12-09 10:30,Sq_Short,6082.75,10,304137.5,0,0.00,0,0,0.00,0,0.00,51825,5.18,0
1146,Entry long,2024-12-09 10:30,MR_Long,6082.75,10,304137.5,0,0.00,0,0,0.00,0,0.00,51825,5.18,0
1147,Exit short,2024-12-09 10:30,Sq_Short_Exit,6072.5,10,304137.5,512.5,0.17,0,562.5,0.18,-137.5,-0.05,52337.5,5.23,0
1147,Entry short,2024-12-09 10:30,Sq_Short,6082.75,10,304137.5,512.5,0.17,0,562.5,0.18,-137.5,-0.05,52337.5,5.23,0
1148,Exit long,2024-12-09 16:30,Session Flatten,6062.5,10,303625,-500,-0.16,0,37.5,0.01,-637.5,-0.21,51837.5,5.18,4
1148,Entry long,2024-12-09 14:30,MR_Long,6072.5,10,303625,-500,-0.16,0,37.5,0.01,-637.5,-0.21,51837.5,5.18,4
1149,Exit short,2024-12-10 08:00,MR_Short_Exit,6067.25,10,303462.5,100,0.03,0,100,0.03,-125,-0.04,51937.5,5.19,3
1149,Entry short,2024-12-10 06:30,MR_Short,6069.25,10,303462.5,100,0.03,0,100,0.03,-125,-0.04,51937.5,5.19,3
1150,Exit short,2024-12-10 09:30,MR_Short_Exit,6069.75,10,303587.5,100,0.03,0,100,0.03,-12.5,0.00,52037.5,5.20,0
1150,Entry short,2024-12-10 09:30,MR_Short,6071.75,10,303587.5,100,0.03,0,100,0.03,-12.5,0.00,52037.5,5.20,0
1151,Exit long,2024-12-10 16:30,Session Flatten,6052,10,302762.5,-162.5,-0.05,0,0,0.00,-787.5,-0.26,51875,5.19,3
1151,Entry long,2024-12-10 15:00,MR_Long,6055.25,10,302762.5,-162.5,-0.05,0,0,0.00,-787.5,-0.26,51875,5.19,3
1152,Exit short,2024-12-11 08:30,MR_Short_Exit,6054,10,302725,25,0.01,0,25,0.01,0,0.00,51900,5.19,0
1152,Entry short,2024-12-11 08:30,MR_Short,6054.5,10,302725,25,0.01,0,25,0.01,0,0.00,51900,5.19,0
1153,Exit long,2024-12-11 09:00,Sq_Long_Exit,6076.25,10,303537.5,275,0.09,0,325,0.11,-25,-0.01,52175,5.22,0
1153,Entry long,2024-12-11 09:00,Sq_Long,6070.75,10,303537.5,275,0.09,0,325,0.11,-25,-0.01,52175,5.22,0
1154,Exit long,2024-12-11 23:30,MR_Long_Exit,6085.25,10,304175,87.5,0.03,0,87.5,0.03,-50,-0.02,52262.5,5.23,5
1154,Entry long,2024-12-11 21:00,MR_Long,6083.5,10,304175,87.5,0.03,0,87.5,0.03,-50,-0.02,52262.5,5.23,5
1155,Exit long,2024-12-12 14:30,MR_Long_Exit,6067,10,303250,100,0.03,0,100,0.03,0,0.00,52362.5,5.24,0
1155,Entry long,2024-12-12 14:30,MR_Long,6065,10,303250,100,0.03,0,100,0.03,0,0.00,52362.5,5.24,0
1156,Exit short,2024-12-12 15:00,Sq_Short_Exit,6063,10,303337.5,187.5,0.06,0,237.5,0.08,-75,-0.02,52550,5.26,0
1156,Entry short,2024-12-12 15:00,Sq_Short,6066.75,10,303337.5,187.5,0.06,0,237.5,0.08,-75,-0.02,52550,5.26,0
1157,Exit long,2024-12-13 03:30,MR_Short,6075.75,10,303787.5,0,0.00,0,0,0.00,0,0.00,52550,5.26,0
1157,Entry long,2024-12-13 03:30,Sq_Long,6075.75,10,303787.5,0,0.00,0,0,0.00,0,0.00,52550,5.26,0
1158,Exit long,2024-12-13 05:00,Sq_Long_Exit,6078.25,10,303787.5,125,0.04,0,175,0.06,-162.5,-0.05,52675,5.27,3
1158,Entry long,2024-12-13 03:30,Sq_Long,6075.75,10,303787.5,125,0.04,0,175,0.06,-162.5,-0.05,52675,5.27,3
1159,Exit long,2024-12-13 10:30,MR_Long_Exit,6065.75,10,303187.5,100,0.03,0,100,0.03,0,0.00,52775,5.28,0
1159,Entry long,2024-12-13 10:30,MR_Long,6063.75,10,303187.5,100,0.03,0,100,0.03,0,0.00,52775,5.28,0
1160,Exit short,2024-12-16 05:30,MR_Short_Exit,6065.75,10,303387.5,100,0.03,0,100,0.03,-62.5,-0.02,52875,5.29,0
1160,Entry short,2024-12-16 05:30,MR_Short,6067.75,10,303387.5,100,0.03,0,100,0.03,-62.5,-0.02,52875,5.29,0
1161,Exit long,2024-12-16 07:30,MR_Short,6069.5,10,303475,0,0.00,0,0,0.00,0,0.00,52875,5.29,0
1161,Entry long,2024-12-16 07:30,Sq_Long,6069.5,10,303475,0,0.00,0,0,0.00,0,0.00,52875,5.29,0
1162,Exit long,2024-12-16 08:00,Sq_Long_Exit,6073.75,10,303475,212.5,0.07,0,262.5,0.09,-125,-0.04,53087.5,5.31,1
1162,Entry long,2024-12-16 07:30,Sq_Long,6069.5,10,303475,212.5,0.07,0,262.5,0.09,-125,-0.04,53087.5,5.31,1
1163,Exit short,2024-12-17 01:00,MR_Short_Exit,6143.25,10,307262.5,100,0.03,0,100,0.03,-375,-0.12,53187.5,5.32,13
1163,Entry short,2024-12-16 18:30,MR_Short,6145.25,10,307262.5,100,0.03,0,100,0.03,-375,-0.12,53187.5,5.32,13
1164,Exit long,2024-12-17 04:00,MR_Long_Exit,6135,10,306650,100,0.03,0,100,0.03,-12.5,0.00,53287.5,5.33,0
1164,Entry long,2024-12-17 04:00,MR_Long,6133,10,306650,100,0.03,0,100,0.03,-12.5,0.00,53287.5,5.33,0
1165,Exit long,2024-12-17 09:00,MR_Long_Exit,6133.5,10,306587.5,87.5,0.03,0,87.5,0.03,-337.5,-0.11,53375,5.34,2
1165,Entry long,2024-12-17 08:00,MR_Long,6131.75,10,306587.5,87.5,0.03,0,87.5,0.03,-337.5,-0.11,53375,5.34,2
1166,Exit long,2024-12-17 09:30,MR_Long_Exit,6129.25,10,306362.5,100,0.03,0,100,0.03,-287.5,-0.09,53475,5.35,0
1166,Entry long,2024-12-17 09:30,MR_Long,6127.25,10,306362.5,100,0.03,0,100,0.03,-287.5,-0.09,53475,5.35,0
1167,Exit long,2024-12-17 10:30,MR_Long_Exit,6119.25,10,305875,87.5,0.03,0,87.5,0.03,-12.5,0.00,53562.5,5.36,0
1167,Entry long,2024-12-17 10:30,MR_Long,6117.5,10,305875,87.5,0.03,0,87.5,0.03,-12.5,0.00,53562.5,5.36,0
1168,Exit long,2024-12-17 15:30,MR_Long_Exit,6121.75,10,305987.5,100,0.03,0,100,0.03,-275,-0.09,53662.5,5.37,1
1168,Entry long,2024-12-17 15:00,MR_Long,6119.75,10,305987.5,100,0.03,0,100,0.03,-275,-0.09,53662.5,5.37,1
1169,Exit short,2024-12-18 01:30,MR_Short_Exit,6134.5,10,306825,100,0.03,0,100,0.03,-75,-0.02,53762.5,5.38,1
1169,Entry short,2024-12-18 01:00,MR_Short,6136.5,10,306825,100,0.03,0,100,0.03,-75,-0.02,53762.5,5.38,1
1170,Exit short,2024-12-18 05:30,MR_Short_Exit,6142.75,10,307225,87.5,0.03,0,87.5,0.03,-37.5,-0.01,53850,5.39,0
1170,Entry short,2024-12-18 05:30,MR_Short,6144.5,10,307225,87.5,0.03,0,87.5,0.03,-37.5,-0.01,53850,5.39,0
1171,Exit long,2024-12-18 07:00,Sq_Long_Exit,6145.75,10,307212.5,75,0.02,0,125,0.04,-100,-0.03,53925,5.39,2
1171,Entry long,2024-12-18 06:00,Sq_Long,6144.25,10,307212.5,75,0.02,0,125,0.04,-100,-0.03,53925,5.39,2
1172,Exit short,2024-12-18 08:30,MR_Short_Exit,6142.5,10,307237.5,112.5,0.04,0,112.5,0.04,-125,-0.04,54037.5,5.40,2
1172,Entry short,2024-12-18 07:30,MR_Short,6144.75,10,307237.5,112.5,0.04,0,112.5,0.04,-125,-0.04,54037.5,5.40,2
1173,Exit long,2024-12-18 09:30,MR_Long_Exit,6126,10,306200,100,0.03,0,100,0.03,-275,-0.09,54137.5,5.41,0
1173,Entry long,2024-12-18 09:30,MR_Long,6124,10,306200,100,0.03,0,100,0.03,-275,-0.09,54137.5,5.41,0
1174,Exit long,2024-12-18 14:30,MR_Long_Exit,6082,10,304000,100,0.03,0,100,0.03,0,0.00,54237.5,5.42,0
1174,Entry long,2024-12-18 14:30,MR_Long,6080,10,304000,100,0.03,0,100,0.03,0,0.00,54237.5,5.42,0
1175,Exit long,2024-12-19 05:30,MR_Short,5971.75,10,298587.5,0,0.00,0,0,0.00,0,0.00,54237.5,5.42,0
1175,Entry long,2024-12-19 05:30,Sq_Long,5971.75,10,298587.5,0,0.00,0,0,0.00,0,0.00,54237.5,5.42,0
1176,Exit long,2024-12-19 07:00,Sq_Long_Exit,5983.5,10,298587.5,587.5,0.20,0,637.5,0.21,-612.5,-0.21,54825,5.48,3
1176,Entry long,2024-12-19 05:30,Sq_Long,5971.75,10,298587.5,587.5,0.20,0,637.5,0.21,-612.5,-0.21,54825,5.48,3
1177,Exit short,2024-12-19 07:30,MR_Short_Exit,5980,10,299100,100,0.03,0,100,0.03,0,0.00,54925,5.49,0
1177,Entry short,2024-12-19 07:30,MR_Short,5982,10,299100,100,0.03,0,100,0.03,0,0.00,54925,5.49,0
1178,Exit long,2024-12-19 16:00,Sq_Short,5934.25,10,296712.5,0,0.00,0,0,0.00,0,0.00,54925,5.49,0
1178,Entry long,2024-12-19 16:00,MR_Long,5934.25,10,296712.5,0,0.00,0,0,0.00,0,0.00,54925,5.49,0
1179,Exit short,2024-12-19 16:00,Sq_Short_Exit,5932.25,10,296712.5,100,0.03,0,150,0.05,0,0.00,55025,5.50,0
1179,Entry short,2024-12-19 16:00,Sq_Short,5934.25,10,296712.5,100,0.03,0,150,0.05,0,0.00,55025,5.50,0
1180,Exit long,2024-12-19 19:00,MR_Long_Exit,5936.25,10,296712.5,100,0.03,0,100,0.03,0,0.00,55125,5.51,0
1180,Entry long,2024-12-19 19:00,MR_Long,5934.25,10,296712.5,100,0.03,0,100,0.03,0,0.00,55125,5.51,0
1181,Exit long,2024-12-20 04:30,MR_Long_Exit,5890.5,10,294425,100,0.03,0,100,0.03,0,0.00,55225,5.52,0
1181,Entry long,2024-12-20 04:30,MR_Long,5888.5,10,294425,100,0.03,0,100,0.03,0,0.00,55225,5.52,0
1182,Exit short,2024-12-20 11:00,MR_Short_Exit,6000.75,10,297975,-2062.5,-0.69,0,37.5,0.01,-2062.5,-0.69,53162.5,5.32,1
1182,Entry short,2024-12-20 10:30,MR_Short,5959.5,10,297975,-2062.5,-0.69,0,37.5,0.01,-2062.5,-0.69,53162.5,5.32,1
1183,Exit short,2024-12-22 19:00,MR_Short_Exit,6016.25,10,300900,87.5,0.03,0,87.5,0.03,-225,-0.07,53250,5.33,1
1183,Entry short,2024-12-22 18:30,MR_Short,6018,10,300900,87.5,0.03,0,87.5,0.03,-225,-0.07,53250,5.33,1
1184,Exit long,2024-12-23 07:30,MR_Long_Exit,6008.25,10,300325,87.5,0.03,0,87.5,0.03,-700,-0.23,53337.5,5.33,3
1184,Entry long,2024-12-23 06:00,MR_Long,6006.5,10,300325,87.5,0.03,0,87.5,0.03,-700,-0.23,53337.5,5.33,3
1185,Exit long,2024-12-23 09:00,MR_Long_Exit,5991,10,299462.5,87.5,0.03,0,87.5,0.03,-137.5,-0.05,53425,5.34,0
1185,Entry long,2024-12-23 09:00,MR_Long,5989.25,10,299462.5,87.5,0.03,0,87.5,0.03,-137.5,-0.05,53425,5.34,0
1186,Exit short,2024-12-23 14:30,MR_Short_Exit,6025,10,301350,100,0.03,0,100,0.03,-325,-0.11,53525,5.35,1
1186,Entry short,2024-12-23 14:00,MR_Short,6027,10,301350,100,0.03,0,100,0.03,-325,-0.11,53525,5.35,1
1187,Exit short,2024-12-23 16:00,MR_Short_Exit,6035,10,301850,100,0.03,0,100,0.03,-225,-0.07,53625,5.36,0
1187,Entry short,2024-12-23 16:00,MR_Short,6037,10,301850,100,0.03,0,100,0.03,-225,-0.07,53625,5.36,0
1188,Exit short,2024-12-23 20:00,MR_Short_Exit,6033,10,301775,125,0.04,0,125,0.04,-37.5,-0.01,53750,5.38,0
1188,Entry short,2024-12-23 20:00,MR_Short,6035.5,10,301775,125,0.04,0,125,0.04,-37.5,-0.01,53750,5.38,0
1189,Exit long,2024-12-24 10:00,MR_Short,6059,10,302950,0,0.00,0,0,0.00,0,0.00,53750,5.38,0
1189,Entry long,2024-12-24 10:00,Sq_Long,6059,10,302950,0,0.00,0,0,0.00,0,0.00,53750,5.38,0
1190,Exit long,2024-12-24 10:00,Sq_Long_Exit,6069.75,10,302950,537.5,0.18,0,587.5,0.19,-12.5,0.00,54287.5,5.43,0
1190,Entry long,2024-12-24 10:00,Sq_Long,6059,10,302950,537.5,0.18,0,587.5,0.19,-12.5,0.00,54287.5,5.43,0
1191,Exit long,2024-12-26 11:00,MR_Long_Exit,6092,10,304500,100,0.03,0,100,0.03,-1400,-0.46,54387.5,5.44,15
1191,Entry long,2024-12-26 03:30,MR_Long,6090,10,304500,100,0.03,0,100,0.03,-1400,-0.46,54387.5,5.44,15
1192,Exit short,2024-12-26 12:00,MR_Short_Exit,6098.5,10,305025,100,0.03,0,100,0.03,0,0.00,54487.5,5.45,0
1192,Entry short,2024-12-26 12:00,MR_Short,6100.5,10,305025,100,0.03,0,100,0.03,0,0.00,54487.5,5.45,0
1193,Exit short,2024-12-26 13:30,MR_Short_Exit,6097.25,10,304975,112.5,0.04,0,112.5,0.04,-50,-0.02,54600,5.46,0
1193,Entry short,2024-12-26 13:30,MR_Short,6099.5,10,304975,112.5,0.04,0,112.5,0.04,-50,-0.02,54600,5.46,0
1194,Exit short,2024-12-26 15:00,MR_Short_Exit,6097.75,10,305000,112.5,0.04,0,112.5,0.04,0,0.00,54712.5,5.47,0
1194,Entry short,2024-12-26 15:00,MR_Short,6100,10,305000,112.5,0.04,0,112.5,0.04,0,0.00,54712.5,5.47,0
1195,Exit long,2024-12-27 01:30,MR_Long_Exit,6080.25,10,303912.5,100,0.03,0,100,0.03,-12.5,0.00,54812.5,5.48,0
1195,Entry long,2024-12-27 01:30,MR_Long,6078.25,10,303912.5,100,0.03,0,100,0.03,-12.5,0.00,54812.5,5.48,0
1196,Exit long,2024-12-27 10:00,MR_Long_Exit,6036,10,303850,-2050,-0.67,0,87.5,0.03,-2050,-0.67,52762.5,5.28,14
1196,Entry long,2024-12-27 03:00,MR_Long,6077,10,303850,-2050,-0.67,0,87.5,0.03,-2050,-0.67,52762.5,5.28,14
1197,Exit long,2024-12-27 10:30,MR_Long_Exit,6009.5,10,300375,100,0.03,0,100,0.03,-487.5,-0.16,52862.5,5.29,0
1197,Entry long,2024-12-27 10:30,MR_Long,6007.5,10,300375,100,0.03,0,100,0.03,-487.5,-0.16,52862.5,5.29,0
1198,Exit long,2024-12-27 15:30,MR_Long_Exit,6016.5,10,300725,100,0.03,0,100,0.03,-575,-0.19,52962.5,5.30,0
1198,Entry long,2024-12-27 15:30,MR_Long,6014.5,10,300725,100,0.03,0,100,0.03,-575,-0.19,52962.5,5.30,0
1199,Exit long,2024-12-30 02:30,MR_Long_Exit,6007.5,10,300262.5,112.5,0.04,0,112.5,0.04,-87.5,-0.03,53075,5.31,0
1199,Entry long,2024-12-30 02:30,MR_Long,6005.25,10,300262.5,112.5,0.04,0,112.5,0.04,-87.5,-0.03,53075,5.31,0
1200,Exit long,2024-12-30 08:00,Sq_Short,5970.5,10,298525,0,0.00,0,0,0.00,0,0.00,53075,5.31,0
1200,Entry long,2024-12-30 08:00,MR_Long,5970.5,10,298525,0,0.00,0,0,0.00,0,0.00,53075,5.31,0
1201,Exit short,2024-12-30 08:00,Sq_Short_Exit,5964.75,10,298525,287.5,0.10,0,337.5,0.11,-150,-0.05,53362.5,5.34,0
1201,Entry short,2024-12-30 08:00,Sq_Short,5970.5,10,298525,287.5,0.10,0,337.5,0.11,-150,-0.05,53362.5,5.34,0
1202,Exit short,2024-12-31 04:30,MR_Short_Exit,5971.25,10,298662.5,100,0.03,0,100,0.03,0,0.00,53462.5,5.35,0
1202,Entry short,2024-12-31 04:30,MR_Short,5973.25,10,298662.5,100,0.03,0,100,0.03,0,0.00,53462.5,5.35,0
1203,Exit long,2024-12-31 05:30,Sq_Long_Exit,5979,10,298687.5,262.5,0.09,0,312.5,0.10,-37.5,-0.01,53725,5.37,0
1203,Entry long,2024-12-31 05:30,Sq_Long,5973.75,10,298687.5,262.5,0.09,0,312.5,0.10,-37.5,-0.01,53725,5.37,0
1204,Exit long,2024-12-31 11:30,MR_Long_Exit,5944.25,10,297125,87.5,0.03,0,87.5,0.03,-212.5,-0.07,53812.5,5.38,0
1204,Entry long,2024-12-31 11:30,MR_Long,5942.5,10,297125,87.5,0.03,0,87.5,0.03,-212.5,-0.07,53812.5,5.38,0
1205,Exit long,2025-01-01 19:30,MR_Long_Exit,5918.5,10,295812.5,112.5,0.04,0,112.5,0.04,-100,-0.03,53925,5.39,0
1205,Entry long,2025-01-01 19:30,MR_Long,5916.25,10,295812.5,112.5,0.04,0,112.5,0.04,-100,-0.03,53925,5.39,0
1206,Exit short,2025-01-02 02:30,MR_Short_Exit,5961.75,10,298200,112.5,0.04,0,112.5,0.04,-287.5,-0.10,54037.5,5.40,3
1206,Entry short,2025-01-02 01:00,MR_Short,5964,10,298200,112.5,0.04,0,112.5,0.04,-287.5,-0.10,54037.5,5.40,3
1207,Exit long,2025-01-02 07:00,MR_Short,5989.5,10,299475,0,0.00,0,0,0.00,0,0.00,54037.5,5.40,0
1207,Entry long,2025-01-02 07:00,Sq_Long,5989.5,10,299475,0,0.00,0,0,0.00,0,0.00,54037.5,5.40,0
1208,Exit long,2025-01-02 07:00,Sq_Long_Exit,5994.25,10,299475,237.5,0.08,0,287.5,0.10,-87.5,-0.03,54275,5.43,0
1208,Entry long,2025-01-02 07:00,Sq_Long,5989.5,10,299475,237.5,0.08,0,287.5,0.10,-87.5,-0.03,54275,5.43,0
1209,Exit long,2025-01-02 13:30,MR_Long_Exit,5875.25,10,295800,-2037.5,-0.69,0,0,0.00,-2037.5,-0.69,52237.5,5.22,2
1209,Entry long,2025-01-02 12:30,MR_Long,5916,10,295800,-2037.5,-0.69,0,0,0.00,-2037.5,-0.69,52237.5,5.22,2
1210,Exit short,2025-01-03 09:30,MR_Short_Exit,5942.75,10,297237.5,100,0.03,0,100,0.03,0,0.00,52337.5,5.23,0
1210,Entry short,2025-01-03 09:30,MR_Short,5944.75,10,297237.5,100,0.03,0,100,0.03,0,0.00,52337.5,5.23,0
1211,Exit long,2025-01-03 11:00,Sq_Long_Exit,5968.5,10,298100,325,0.11,0,375,0.13,0,0.00,52662.5,5.27,0
1211,Entry long,2025-01-03 11:00,Sq_Long,5962,10,298100,325,0.11,0,375,0.13,0,0.00,52662.5,5.27,0
1212,Exit short,2025-01-06 07:30,MR_Short_Exit,6038.75,10,299900,-2037.5,-0.68,0,50,0.02,-2037.5,-0.68,50625,5.06,10
1212,Entry short,2025-01-06 02:30,MR_Short,5998,10,299900,-2037.5,-0.68,0,50,0.02,-2037.5,-0.68,50625,5.06,10
1213,Exit long,2025-01-06 14:30,MR_Long_Exit,6024.5,10,301125,100,0.03,0,100,0.03,0,0.00,50725,5.07,0
1213,Entry long,2025-01-06 14:30,MR_Long,6022.5,10,301125,100,0.03,0,100,0.03,0,0.00,50725,5.07,0
1214,Exit long,2025-01-06 20:30,MR_Long_Exit,6021.75,10,300987.5,100,0.03,0,100,0.03,-25,-0.01,50825,5.08,0
1214,Entry long,2025-01-06 20:30,MR_Long,6019.75,10,300987.5,100,0.03,0,100,0.03,-25,-0.01,50825,5.08,0
1215,Exit long,2025-01-06 22:30,MR_Long_Exit,6019.25,10,300862.5,100,0.03,0,100,0.03,-200,-0.07,50925,5.09,1
1215,Entry long,2025-01-06 22:00,MR_Long,6017.25,10,300862.5,100,0.03,0,100,0.03,-200,-0.07,50925,5.09,1
1216,Exit short,2025-01-07 09:30,MR_Short_Exit,6035.25,10,301862.5,100,0.03,0,100,0.03,-412.5,-0.14,51025,5.10,1
1216,Entry short,2025-01-07 09:00,MR_Short,6037.25,10,301862.5,100,0.03,0,100,0.03,-412.5,-0.14,51025,5.10,1
1217,Exit long,2025-01-07 10:30,MR_Long_Exit,6005.25,10,300175,87.5,0.03,0,87.5,0.03,0,0.00,51112.5,5.11,0
1217,Entry long,2025-01-07 10:30,MR_Long,6003.5,10,300175,87.5,0.03,0,87.5,0.03,0,0.00,51112.5,5.11,0
1218,Exit long,2025-01-08 07:30,Sq_Short,5932.25,10,296612.5,0,0.00,0,0,0.00,0,0.00,51112.5,5.11,0
1218,Entry long,2025-01-08 07:30,MR_Long,5932.25,10,296612.5,0,0.00,0,0,0.00,0,0.00,51112.5,5.11,0
1219,Exit short,2025-01-08 07:30,Sq_Short_Exit,5927.5,10,296612.5,237.5,0.08,0,287.5,0.10,0,0.00,51350,5.14,0
1219,Entry short,2025-01-08 07:30,Sq_Short,5932.25,10,296612.5,237.5,0.08,0,287.5,0.10,0,0.00,51350,5.14,0
1220,Exit long,2025-01-08 10:00,MR_Long_Exit,5941.75,10,296987.5,100,0.03,0,100,0.03,0,0.00,51450,5.15,0
1220,Entry long,2025-01-08 10:00,MR_Long,5939.75,10,296987.5,100,0.03,0,100,0.03,0,0.00,51450,5.15,0
1221,Exit long,2025-01-08 12:30,MR_Long_Exit,5923.75,10,296087.5,100,0.03,0,100,0.03,-237.5,-0.08,51550,5.16,0
1221,Entry long,2025-01-08 12:30,MR_Long,5921.75,10,296087.5,100,0.03,0,100,0.03,-237.5,-0.08,51550,5.16,0
1222,Exit long,2025-01-09 19:00,MR_Long_Exit,5932.5,10,296537.5,87.5,0.03,0,87.5,0.03,0,0.00,51637.5,5.16,0
1222,Entry long,2025-01-09 19:00,MR_Long,5930.75,10,296537.5,87.5,0.03,0,87.5,0.03,0,0.00,51637.5,5.16,0
1223,Exit short,2025-01-09 20:00,Sq_Short_Exit,5923.25,10,296275,112.5,0.04,0,162.5,0.05,-150,-0.05,51750,5.18,1
1223,Entry short,2025-01-09 19:30,Sq_Short,5925.5,10,296275,112.5,0.04,0,162.5,0.05,-150,-0.05,51750,5.18,1
1224,Exit long,2025-01-10 09:00,Sq_Short,5902.75,10,295137.5,0,0.00,0,0,0.00,0,0.00,51750,5.18,0
1224,Entry long,2025-01-10 09:00,MR_Long,5902.75,10,295137.5,0,0.00,0,0,0.00,0,0.00,51750,5.18,0
1225,Exit short,2025-01-10 09:00,Sq_Short_Exit,5897.5,10,295137.5,262.5,0.09,0,312.5,0.11,0,0.00,52012.5,5.20,0
1225,Entry short,2025-01-10 09:00,Sq_Short,5902.75,10,295137.5,262.5,0.09,0,312.5,0.11,0,0.00,52012.5,5.20,0
1226,Exit long,2025-01-10 15:30,MR_Long_Exit,5866.75,10,293225,112.5,0.04,0,112.5,0.04,-325,-0.11,52125,5.21,0
1226,Entry long,2025-01-10 15:30,MR_Long,5864.5,10,293225,112.5,0.04,0,112.5,0.04,-325,-0.11,52125,5.21,0
1227,Exit long,2025-01-12 21:00,MR_Long_Exit,5846.75,10,292237.5,100,0.03,0,100,0.03,-137.5,-0.05,52225,5.22,0
1227,Entry long,2025-01-12 21:00,MR_Long,5844.75,10,292237.5,100,0.03,0,100,0.03,-137.5,-0.05,52225,5.22,0
1228,Exit long,2025-01-12 22:00,MR_Long_Exit,5845.5,10,292175,100,0.03,0,100,0.03,0,0.00,52325,5.23,0
1228,Entry long,2025-01-12 22:00,MR_Long,5843.5,10,292175,100,0.03,0,100,0.03,0,0.00,52325,5.23,0
1229,Exit long,2025-01-13 03:30,MR_Long_Exit,5830.5,10,291425,100,0.03,0,100,0.03,0,0.00,52425,5.24,0
1229,Entry long,2025-01-13 03:30,MR_Long,5828.5,10,291425,100,0.03,0,100,0.03,0,0.00,52425,5.24,0
1230,Exit short,2025-01-13 13:00,MR_Short_Exit,5853.25,10,292762.5,100,0.03,0,100,0.03,-137.5,-0.05,52525,5.25,0
1230,Entry short,2025-01-13 13:00,MR_Short,5855.25,10,292762.5,100,0.03,0,100,0.03,-137.5,-0.05,52525,5.25,0
1231,Exit long,2025-01-13 13:30,Sq_Long_Exit,5862.75,10,292900,237.5,0.08,0,287.5,0.10,-187.5,-0.06,52762.5,5.28,0
1231,Entry long,2025-01-13 13:30,Sq_Long,5858,10,292900,237.5,0.08,0,287.5,0.10,-187.5,-0.06,52762.5,5.28,0
1232,Exit short,2025-01-14 03:30,MR_Short_Exit,5901.75,10,295187.5,100,0.03,0,100,0.03,0,0.00,52862.5,5.29,0
1232,Entry short,2025-01-14 03:30,MR_Short,5903.75,10,295187.5,100,0.03,0,100,0.03,0,0.00,52862.5,5.29,0
1233,Exit long,2025-01-14 08:30,Sq_Short,5878.25,10,293912.5,0,0.00,0,0,0.00,0,0.00,52862.5,5.29,0
1233,Entry long,2025-01-14 08:30,MR_Long,5878.25,10,293912.5,0,0.00,0,0,0.00,0,0.00,52862.5,5.29,0
1234,Exit short,2025-01-14 08:30,Sq_Short_Exit,5918.75,10,293912.5,-2025,-0.69,0,37.5,0.01,-2025,-0.69,50837.5,5.08,0
1234,Entry short,2025-01-14 08:30,Sq_Short,5878.25,10,293912.5,-2025,-0.69,0,37.5,0.01,-2025,-0.69,50837.5,5.08,0
1235,Exit long,2025-01-14 11:30,Sq_Short,5868,10,293400,0,0.00,0,0,0.00,0,0.00,50837.5,5.08,0
1235,Entry long,2025-01-14 11:30,MR_Long,5868,10,293400,0,0.00,0,0,0.00,0,0.00,50837.5,5.08,0
1236,Exit short,2025-01-14 12:00,Sq_Short_Exit,5845.75,10,293400,1112.5,0.38,0,1162.5,0.40,-287.5,-0.10,51950,5.20,1
1236,Entry short,2025-01-14 11:30,Sq_Short,5868,10,293400,1112.5,0.38,0,1162.5,0.40,-287.5,-0.10,51950,5.20,1
1237,Exit short,2025-01-15 07:00,MR_Short_Exit,5900.75,10,295137.5,100,0.03,0,100,0.03,-150,-0.05,52050,5.21,0
1237,Entry short,2025-01-15 07:00,MR_Short,5902.75,10,295137.5,100,0.03,0,100,0.03,-150,-0.05,52050,5.21,0
1238,Exit long,2025-01-15 07:30,Sq_Long_Exit,5904.25,10,294975,237.5,0.08,0,287.5,0.10,-87.5,-0.03,52287.5,5.23,0
1238,Entry long,2025-01-15 07:30,Sq_Long,5899.5,10,294975,237.5,0.08,0,287.5,0.10,-87.5,-0.03,52287.5,5.23,0
1239,Exit short,2025-01-16 03:30,MR_Short_Exit,6006.75,10,300437.5,100,0.03,0,100,0.03,-437.5,-0.15,52387.5,5.24,2
1239,Entry short,2025-01-16 02:30,MR_Short,6008.75,10,300437.5,100,0.03,0,100,0.03,-437.5,-0.15,52387.5,5.24,2
1240,Exit long,2025-01-16 10:00,MR_Long_Exit,5983.75,10,299087.5,100,0.03,0,100,0.03,-437.5,-0.15,52487.5,5.25,0
1240,Entry long,2025-01-16 10:00,MR_Long,5981.75,10,299087.5,100,0.03,0,100,0.03,-437.5,-0.15,52487.5,5.25,0
1241,Exit long,2025-01-16 14:00,Sq_Short,5973.5,10,298675,0,0.00,0,0,0.00,0,0.00,52487.5,5.25,0
1241,Entry long,2025-01-16 14:00,MR_Long,5973.5,10,298675,0,0.00,0,0,0.00,0,0.00,52487.5,5.25,0
1242,Exit short,2025-01-16 14:00,Sq_Short_Exit,5971,10,298675,125,0.04,0,175,0.06,0,0.00,52612.5,5.26,0
1242,Entry short,2025-01-16 14:00,Sq_Short,5973.5,10,298675,125,0.04,0,175,0.06,0,0.00,52612.5,5.26,0
1243,Exit long,2025-01-17 04:30,MR_Short,5997.75,10,299887.5,0,0.00,0,0,0.00,0,0.00,52612.5,5.26,0
1243,Entry long,2025-01-17 04:30,Sq_Long,5997.75,10,299887.5,0,0.00,0,0,0.00,0,0.00,52612.5,5.26,0
1244,Exit long,2025-01-17 06:30,Sq_Long_Exit,5999.75,10,299887.5,100,0.03,0,150,0.05,-312.5,-0.10,52712.5,5.27,4
1244,Entry long,2025-01-17 04:30,Sq_Long,5997.75,10,299887.5,100,0.03,0,150,0.05,-312.5,-0.10,52712.5,5.27,4
1245,Exit short,2025-01-17 16:30,Session Flatten,6031.25,10,300562.5,-1000,-0.33,0,0,0.00,-2025,-0.67,51712.5,5.17,16
1245,Entry short,2025-01-17 08:30,MR_Short,6011.25,10,300562.5,-1000,-0.33,0,0,0.00,-2025,-0.67,51712.5,5.17,16
1246,Exit short,2025-01-20 03:00,MR_Short_Exit,6039.25,10,302062.5,100,0.03,0,100,0.03,-112.5,-0.04,51812.5,5.18,0
1246,Entry short,2025-01-20 03:00,MR_Short,6041.25,10,302062.5,100,0.03,0,100,0.03,-112.5,-0.04,51812.5,5.18,0
1247,Exit long,2025-01-20 08:30,MR_Long_Exit,6025.75,10,301187.5,100,0.03,0,100,0.03,-250,-0.08,51912.5,5.19,0
1247,Entry long,2025-01-20 08:30,MR_Long,6023.75,10,301187.5,100,0.03,0,100,0.03,-250,-0.08,51912.5,5.19,0
1248,Exit long,2025-01-20 09:00,MR_Short,6057.25,10,302862.5,0,0.00,0,0,0.00,0,0.00,51912.5,5.19,0
1248,Entry long,2025-01-20 09:00,Sq_Long,6057.25,10,302862.5,0,0.00,0,0,0.00,0,0.00,51912.5,5.19,0
1249,Exit long,2025-01-20 09:00,Sq_Long_Exit,6065,10,302862.5,387.5,0.13,0,437.5,0.14,-362.5,-0.12,52300,5.23,0
1249,Entry long,2025-01-20 09:00,Sq_Long,6057.25,10,302862.5,387.5,0.13,0,437.5,0.14,-362.5,-0.12,52300,5.23,0
1250,Exit short,2025-01-20 11:30,MR_Short_Exit,6057.25,10,302975,112.5,0.04,0,112.5,0.04,-100,-0.03,52412.5,5.24,0
1250,Entry short,2025-01-20 11:30,MR_Short,6059.5,10,302975,112.5,0.04,0,112.5,0.04,-100,-0.03,52412.5,5.24,0
1251,Exit short,2025-01-20 18:30,MR_Short_Exit,6063,10,303250,100,0.03,0,100,0.03,-200,-0.07,52512.5,5.25,0
1251,Entry short,2025-01-20 18:30,MR_Short,6065,10,303250,100,0.03,0,100,0.03,-200,-0.07,52512.5,5.25,0
1252,Exit long,2025-01-20 20:00,MR_Long_Exit,6013,10,300525,125,0.04,0,125,0.04,-800,-0.27,52637.5,5.26,0
1252,Entry long,2025-01-20 20:00,MR_Long,6010.5,10,300525,125,0.04,0,125,0.04,-800,-0.27,52637.5,5.26,0
1253,Exit short,2025-01-21 05:30,MR_Short_Exit,6058.5,10,303025,100,0.03,0,100,0.03,-362.5,-0.12,52737.5,5.27,1
1253,Entry short,2025-01-21 05:00,MR_Short,6060.5,10,303025,100,0.03,0,100,0.03,-362.5,-0.12,52737.5,5.27,1
1254,Exit long,2025-01-21 13:00,MR_Short,6081.5,10,304075,0,0.00,0,0,0.00,0,0.00,52737.5,5.27,0
1254,Entry long,2025-01-21 13:00,Sq_Long,6081.5,10,304075,0,0.00,0,0,0.00,0,0.00,52737.5,5.27,0
1255,Exit long,2025-01-21 13:00,Sq_Long_Exit,6085.5,10,304075,200,0.07,0,250,0.08,-175,-0.06,52937.5,5.29,0
1255,Entry long,2025-01-21 13:00,Sq_Long,6081.5,10,304075,200,0.07,0,250,0.08,-175,-0.06,52937.5,5.29,0
1256,Exit short,2025-01-21 15:30,MR_Short_Exit,6082.5,10,304237.5,112.5,0.04,0,112.5,0.04,-137.5,-0.05,53050,5.31,0
1256,Entry short,2025-01-21 15:30,MR_Short,6084.75,10,304237.5,112.5,0.04,0,112.5,0.04,-137.5,-0.05,53050,5.31,0
1257,Exit short,2025-01-22 00:00,MR_Short_Exit,6102.5,10,305212.5,87.5,0.03,0,87.5,0.03,0,0.00,53137.5,5.31,0
1257,Entry short,2025-01-22 00:00,MR_Short,6104.25,10,305212.5,87.5,0.03,0,87.5,0.03,0,0.00,53137.5,5.31,0
1258,Exit short,2025-01-22 16:30,Session Flatten,6116,10,305462.5,-337.5,-0.11,0,75,0.02,-1312.5,-0.43,52800,5.28,25
1258,Entry short,2025-01-22 04:00,MR_Short,6109.25,10,305462.5,-337.5,-0.11,0,75,0.02,-1312.5,-0.43,52800,5.28,25
1259,Exit long,2025-01-22 22:00,MR_Long_Exit,6115.5,10,305675,100,0.03,0,100,0.03,-187.5,-0.06,52900,5.29,2
1259,Entry long,2025-01-22 21:00,MR_Long,6113.5,10,305675,100,0.03,0,100,0.03,-187.5,-0.06,52900,5.29,2
1260,Exit long,2025-01-23 04:00,MR_Long_Exit,6107.25,10,305250,112.5,0.04,0,112.5,0.04,0,0.00,53012.5,5.30,0
1260,Entry long,2025-01-23 04:00,MR_Long,6105,10,305250,112.5,0.04,0,112.5,0.04,0,0.00,53012.5,5.30,0
1261,Exit long,2025-01-23 11:00,MR_Short,6124.75,10,306237.5,0,0.00,0,0,0.00,0,0.00,53012.5,5.30,0
1261,Entry long,2025-01-23 11:00,Sq_Long,6124.75,10,306237.5,0,0.00,0,0,0.00,0,0.00,53012.5,5.30,0
1262,Exit long,2025-01-23 11:00,Sq_Long_Exit,6132,10,306237.5,362.5,0.12,0,412.5,0.13,-250,-0.08,53375,5.34,0
1262,Entry long,2025-01-23 11:00,Sq_Long,6124.75,10,306237.5,362.5,0.12,0,412.5,0.13,-250,-0.08,53375,5.34,0
1263,Exit short,2025-01-24 10:00,MR_Short_Exit,6155,10,307850,100,0.03,0,100,0.03,-112.5,-0.04,53475,5.35,0
1263,Entry short,2025-01-24 10:00,MR_Short,6157,10,307850,100,0.03,0,100,0.03,-112.5,-0.04,53475,5.35,0
1264,Exit long,2025-01-24 14:00,Sq_Short,6128.5,10,306425,0,0.00,0,0,0.00,0,0.00,53475,5.35,0
1264,Entry long,2025-01-24 14:00,MR_Long,6128.5,10,306425,0,0.00,0,0,0.00,0,0.00,53475,5.35,0
1265,Exit short,2025-01-24 14:00,Sq_Short_Exit,6124.25,10,306425,212.5,0.07,0,262.5,0.09,-212.5,-0.07,53687.5,5.37,0
1265,Entry short,2025-01-24 14:00,Sq_Short,6128.5,10,306425,212.5,0.07,0,262.5,0.09,-212.5,-0.07,53687.5,5.37,0
1266,Exit long,2025-01-27 00:00,MR_Long_Exit,6062.25,10,305175,-2062.5,-0.68,0,75,0.02,-2062.5,-0.68,51625,5.16,11
1266,Entry long,2025-01-26 18:30,MR_Long,6103.5,10,305175,-2062.5,-0.68,0,75,0.02,-2062.5,-0.68,51625,5.16,11
1267,Exit short,2025-01-27 14:30,MR_Short_Exit,6039.75,10,302087.5,100,0.03,0,100,0.03,0,0.00,51725,5.17,0
1267,Entry short,2025-01-27 14:30,MR_Short,6041.75,10,302087.5,100,0.03,0,100,0.03,0,0.00,51725,5.17,0
1268,Exit short,2025-01-27 16:00,MR_Short_Exit,6044.75,10,302337.5,100,0.03,0,100,0.03,0,0.00,51825,5.18,0
1268,Entry short,2025-01-27 16:00,MR_Short,6046.75,10,302337.5,100,0.03,0,100,0.03,0,0.00,51825,5.18,0
1269,Exit short,2025-01-28 04:00,MR_Short_Exit,6062.5,10,303225,100,0.03,0,100,0.03,0,0.00,51925,5.19,0
1269,Entry short,2025-01-28 04:00,MR_Short,6064.5,10,303225,100,0.03,0,100,0.03,0,0.00,51925,5.19,0
1270,Exit short,2025-01-28 06:00,MR_Short_Exit,6065.75,10,303400,112.5,0.04,0,112.5,0.04,-250,-0.08,52037.5,5.20,2
1270,Entry short,2025-01-28 05:00,MR_Short,6068,10,303400,112.5,0.04,0,112.5,0.04,-250,-0.08,52037.5,5.20,2
1271,Exit long,2025-01-28 11:00,MR_Short,6082,10,304100,0,0.00,0,0,0.00,0,0.00,52037.5,5.20,0
1271,Entry long,2025-01-28 11:00,Sq_Long,6082,10,304100,0,0.00,0,0,0.00,0,0.00,52037.5,5.20,0
1272,Exit long,2025-01-28 11:00,Sq_Long_Exit,6086.25,10,304100,212.5,0.07,0,262.5,0.09,0,0.00,52250,5.23,0
1272,Entry long,2025-01-28 11:00,Sq_Long,6082,10,304100,212.5,0.07,0,262.5,0.09,0,0.00,52250,5.23,0
1273,Exit long,2025-01-28 12:30,MR_Short,6088.75,10,304437.5,0,0.00,0,0,0.00,0,0.00,52250,5.23,0
1273,Entry long,2025-01-28 12:30,Sq_Long,6088.75,10,304437.5,0,0.00,0,0,0.00,0,0.00,52250,5.23,0
1274,Exit long,2025-01-28 12:30,Sq_Long_Exit,6091.25,10,304437.5,125,0.04,0,175,0.06,0,0.00,52375,5.24,0
1274,Entry long,2025-01-28 12:30,Sq_Long,6088.75,10,304437.5,125,0.04,0,175,0.06,0,0.00,52375,5.24,0
1275,Exit short,2025-01-28 16:00,MR_Short_Exit,6090,10,304587.5,87.5,0.03,0,87.5,0.03,-687.5,-0.23,52462.5,5.25,3
1275,Entry short,2025-01-28 14:30,MR_Short,6091.75,10,304587.5,87.5,0.03,0,87.5,0.03,-687.5,-0.23,52462.5,5.25,3
1276,Exit short,2025-01-29 02:00,MR_Short_Exit,6105.5,10,305362.5,87.5,0.03,0,87.5,0.03,-25,-0.01,52550,5.26,0
1276,Entry short,2025-01-29 02:00,MR_Short,6107.25,10,305362.5,87.5,0.03,0,87.5,0.03,-25,-0.01,52550,5.26,0
1277,Exit long,2025-01-29 08:30,MR_Long_Exit,6085.25,10,304150,112.5,0.04,0,112.5,0.04,0,0.00,52662.5,5.27,0
1277,Entry long,2025-01-29 08:30,MR_Long,6083,10,304150,112.5,0.04,0,112.5,0.04,0,0.00,52662.5,5.27,0
1278,Exit short,2025-01-29 09:00,Sq_Short_Exit,6084,10,304275,75,0.02,0,125,0.04,0,0.00,52737.5,5.27,0
1278,Entry short,2025-01-29 09:00,Sq_Short,6085.5,10,304275,75,0.02,0,125,0.04,0,0.00,52737.5,5.27,0
1279,Exit long,2025-01-29 13:00,MR_Long_Exit,6073,10,303550,100,0.03,0,100,0.03,0,0.00,52837.5,5.28,0
1279,Entry long,2025-01-29 13:00,MR_Long,6071,10,303550,100,0.03,0,100,0.03,0,0.00,52837.5,5.28,0
1280,Exit long,2025-01-29 14:30,MR_Long_Exit,6067.5,10,303275,100,0.03,0,100,0.03,-1162.5,-0.38,52937.5,5.29,1
1280,Entry long,2025-01-29 14:00,MR_Long,6065.5,10,303275,100,0.03,0,100,0.03,-1162.5,-0.38,52937.5,5.29,1
1281,Exit short,2025-01-30 03:30,MR_Short_Exit,6097.25,10,304950,87.5,0.03,0,87.5,0.03,-125,-0.04,53025,5.30,0
1281,Entry short,2025-01-30 03:30,MR_Short,6099,10,304950,87.5,0.03,0,87.5,0.03,-125,-0.04,53025,5.30,0
1282,Exit long,2025-01-30 07:30,MR_Long_Exit,6079.25,10,303862.5,100,0.03,0,100,0.03,-150,-0.05,53125,5.31,0
1282,Entry long,2025-01-30 07:30,MR_Long,6077.25,10,303862.5,100,0.03,0,100,0.03,-150,-0.05,53125,5.31,0
1283,Exit long,2025-01-30 11:00,MR_Long_Exit,6066.25,10,303225,87.5,0.03,0,87.5,0.03,-412.5,-0.14,53212.5,5.32,0
1283,Entry long,2025-01-30 11:00,MR_Long,6064.5,10,303225,87.5,0.03,0,87.5,0.03,-412.5,-0.14,53212.5,5.32,0
1284,Exit short,2025-01-30 15:30,MR_Short_Exit,6104.75,10,305337.5,100,0.03,0,100,0.03,-475,-0.16,53312.5,5.33,1
1284,Entry short,2025-01-30 15:00,MR_Short,6106.75,10,305337.5,100,0.03,0,100,0.03,-475,-0.16,53312.5,5.33,1
1285,Exit short,2025-01-30 21:00,MR_Short_Exit,6115.5,10,305887.5,112.5,0.04,0,112.5,0.04,-100,-0.03,53425,5.34,0
1285,Entry short,2025-01-30 21:00,MR_Short,6117.75,10,305887.5,112.5,0.04,0,112.5,0.04,-100,-0.03,53425,5.34,0
1286,Exit short,2025-01-31 03:00,MR_Short_Exit,6121.25,10,306162.5,100,0.03,0,100,0.03,-62.5,-0.02,53525,5.35,1
1286,Entry short,2025-01-31 02:30,MR_Short,6123.25,10,306162.5,100,0.03,0,100,0.03,-62.5,-0.02,53525,5.35,1
1287,Exit short,2025-01-31 04:30,MR_Short_Exit,6125.5,10,306387.5,112.5,0.04,0,112.5,0.04,-37.5,-0.01,53637.5,5.36,0
1287,Entry short,2025-01-31 04:30,MR_Short,6127.75,10,306387.5,112.5,0.04,0,112.5,0.04,-37.5,-0.01,53637.5,5.36,0
1288,Exit short,2025-01-31 11:30,MR_Short_Exit,6135.25,10,306875,112.5,0.04,0,112.5,0.04,-512.5,-0.17,53750,5.38,2
1288,Entry short,2025-01-31 10:30,MR_Short,6137.5,10,306875,112.5,0.04,0,112.5,0.04,-512.5,-0.17,53750,5.38,2
1289,Exit short,2025-01-31 12:30,MR_Short_Exit,6141.5,10,307175,100,0.03,0,100,0.03,-87.5,-0.03,53850,5.39,0
1289,Entry short,2025-01-31 12:30,MR_Short,6143.5,10,307175,100,0.03,0,100,0.03,-87.5,-0.03,53850,5.39,0
1290,Exit long,2025-01-31 14:00,MR_Long_Exit,6103.75,10,305075,112.5,0.04,0,112.5,0.04,0,0.00,53962.5,5.40,0
1290,Entry long,2025-01-31 14:00,MR_Long,6101.5,10,305075,112.5,0.04,0,112.5,0.04,0,0.00,53962.5,5.40,0
1291,Exit short,2025-02-03 04:00,MR_Short_Exit,5978.5,10,299025,100,0.03,0,100,0.03,-162.5,-0.05,54062.5,5.41,0
1291,Entry short,2025-02-03 04:00,MR_Short,5980.5,10,299025,100,0.03,0,100,0.03,-162.5,-0.05,54062.5,5.41,0
1292,Exit short,2025-02-03 06:30,MR_Short_Exit,5979.75,10,299075,87.5,0.03,0,87.5,0.03,-62.5,-0.02,54150,5.42,0
1292,Entry short,2025-02-03 06:30,MR_Short,5981.5,10,299075,87.5,0.03,0,87.5,0.03,-62.5,-0.02,54150,5.42,0
1293,Exit long,2025-02-03 10:30,MR_Short,6009,10,300450,0,0.00,0,0,0.00,0,0.00,54150,5.42,0
1293,Entry long,2025-02-03 10:30,Sq_Long,6009,10,300450,0,0.00,0,0,0.00,0,0.00,54150,5.42,0
1294,Exit long,2025-02-03 10:30,Sq_Long_Exit,6031,10,300450,1100,0.37,0,1150,0.38,-337.5,-0.11,55250,5.53,0
1294,Entry long,2025-02-03 10:30,Sq_Long,6009,10,300450,1100,0.37,0,1150,0.38,-337.5,-0.11,55250,5.53,0
1295,Exit short,2025-02-03 18:30,MR_Short_Exit,6054.25,10,302812.5,100,0.03,0,100,0.03,-112.5,-0.04,55350,5.54,0
1295,Entry short,2025-02-03 18:30,MR_Short,6056.25,10,302812.5,100,0.03,0,100,0.03,-112.5,-0.04,55350,5.54,0
1296,Exit long,2025-02-04 00:30,Sq_Short,6009.25,10,300462.5,0,0.00,0,0,0.00,0,0.00,55350,5.54,0
1296,Entry long,2025-02-04 00:30,MR_Long,6009.25,10,300462.5,0,0.00,0,0,0.00,0,0.00,55350,5.54,0
1297,Exit short,2025-02-04 00:30,Sq_Short_Exit,6006,10,300462.5,162.5,0.05,0,212.5,0.07,0,0.00,55512.5,5.55,0
1297,Entry short,2025-02-04 00:30,Sq_Short,6009.25,10,300462.5,162.5,0.05,0,212.5,0.07,0,0.00,55512.5,5.55,0
1298,Exit long,2025-02-04 03:30,MR_Long_Exit,6010,10,300400,100,0.03,0,100,0.03,0,0.00,55612.5,5.56,0
1298,Entry long,2025-02-04 03:30,MR_Long,6008,10,300400,100,0.03,0,100,0.03,0,0.00,55612.5,5.56,0
1299,Exit short,2025-02-04 16:30,Session Flatten,6048.25,10,301762.5,-650,-0.22,0,12.5,0.00,-1687.5,-0.56,54962.5,5.50,13
1299,Entry short,2025-02-04 10:00,MR_Short,6035.25,10,301762.5,-650,-0.22,0,12.5,0.00,-1687.5,-0.56,54962.5,5.50,13
1300,Exit long,2025-02-05 05:00,MR_Long_Exit,6024.25,10,301112.5,100,0.03,0,100,0.03,-112.5,-0.04,55062.5,5.51,0
1300,Entry long,2025-02-05 05:00,MR_Long,6022.25,10,301112.5,100,0.03,0,100,0.03,-112.5,-0.04,55062.5,5.51,0
1301,Exit short,2025-02-05 09:30,MR_Short_Exit,6049.25,10,302550,87.5,0.03,0,87.5,0.03,-225,-0.07,55150,5.52,0
1301,Entry short,2025-02-05 09:30,MR_Short,6051,10,302550,87.5,0.03,0,87.5,0.03,-225,-0.07,55150,5.52,0
1302,Exit short,2025-02-05 10:30,MR_Short_Exit,6048.5,10,302525,100,0.03,0,100,0.03,-200,-0.07,55250,5.53,0
1302,Entry short,2025-02-05 10:30,MR_Short,6050.5,10,302525,100,0.03,0,100,0.03,-200,-0.07,55250,5.53,0
1303,Exit short,2025-02-05 16:30,Session Flatten,6088.75,10,302837.5,-1600,-0.53,0,62.5,0.02,-1762.5,-0.58,53650,5.37,10
1303,Entry short,2025-02-05 11:30,MR_Short,6056.75,10,302837.5,-1600,-0.53,0,62.5,0.02,-1762.5,-0.58,53650,5.37,10
1304,Exit short,2025-02-06 02:30,MR_Short_Exit,6094.75,10,304837.5,100,0.03,0,100,0.03,-325,-0.11,53750,5.38,6
1304,Entry short,2025-02-05 23:30,MR_Short,6096.75,10,304837.5,100,0.03,0,100,0.03,-325,-0.11,53750,5.38,6
1305,Exit long,2025-02-06 07:00,MR_Long_Exit,6090.25,10,304400,112.5,0.04,0,112.5,0.04,-100,-0.03,53862.5,5.39,0
1305,Entry long,2025-02-06 07:00,MR_Long,6088,10,304400,112.5,0.04,0,112.5,0.04,-100,-0.03,53862.5,5.39,0
1306,Exit long,2025-02-06 15:00,MR_Long_Exit,6082.75,10,304050,87.5,0.03,0,87.5,0.03,-100,-0.03,53950,5.40,0
1306,Entry long,2025-02-06 15:00,MR_Long,6081,10,304050,87.5,0.03,0,87.5,0.03,-100,-0.03,53950,5.40,0
1307,Exit short,2025-02-07 10:00,MR_Short_Exit,6118.5,10,306025,100,0.03,0,100,0.03,0,0.00,54050,5.41,0
1307,Entry short,2025-02-07 10:00,MR_Short,6120.5,10,306025,100,0.03,0,100,0.03,0,0.00,54050,5.41,0
1308,Exit long,2025-02-07 10:30,MR_Long_Exit,6089,10,304337.5,112.5,0.04,0,112.5,0.04,0,0.00,54162.5,5.42,0
1308,Entry long,2025-02-07 10:30,MR_Long,6086.75,10,304337.5,112.5,0.04,0,112.5,0.04,0,0.00,54162.5,5.42,0
1309,Exit short,2025-02-07 11:00,Sq_Short_Exit,6057,10,303787.5,937.5,0.31,0,987.5,0.33,-537.5,-0.18,55100,5.51,0
1309,Entry short,2025-02-07 11:00,Sq_Short,6075.75,10,303787.5,937.5,0.31,0,987.5,0.33,-537.5,-0.18,55100,5.51,0
1310,Exit long,2025-02-07 14:00,MR_Long_Exit,6055,10,302662.5,87.5,0.03,0,87.5,0.03,0,0.00,55187.5,5.52,0
1310,Entry long,2025-02-07 14:00,MR_Long,6053.25,10,302662.5,87.5,0.03,0,87.5,0.03,0,0.00,55187.5,5.52,0
1311,Exit long,2025-02-10 08:30,MR_Short,6083,10,304150,0,0.00,0,0,0.00,0,0.00,55187.5,5.52,0
1311,Entry long,2025-02-10 08:30,Sq_Long,6083,10,304150,0,0.00,0,0,0.00,0,0.00,55187.5,5.52,0
1312,Exit long,2025-02-10 09:00,Sq_Long_Exit,6086,10,304150,150,0.05,0,200,0.07,-37.5,-0.01,55337.5,5.53,1
1312,Entry long,2025-02-10 08:30,Sq_Long,6083,10,304150,150,0.05,0,200,0.07,-37.5,-0.01,55337.5,5.53,1
1313,Exit short,2025-02-10 10:30,MR_Short_Exit,6086.25,10,304425,112.5,0.04,0,112.5,0.04,0,0.00,55450,5.55,0
1313,Entry short,2025-02-10 10:30,MR_Short,6088.5,10,304425,112.5,0.04,0,112.5,0.04,0,0.00,55450,5.55,0
1314,Exit long,2025-02-10 22:00,MR_Long_Exit,6073,10,303550,100,0.03,0,100,0.03,-137.5,-0.05,55550,5.56,1
1314,Entry long,2025-02-10 21:30,MR_Long,6071,10,303550,100,0.03,0,100,0.03,-137.5,-0.05,55550,5.56,1
1315,Exit long,2025-02-11 03:00,MR_Long_Exit,6067.5,10,303250,125,0.04,0,125,0.04,-125,-0.04,55675,5.57,0
1315,Entry long,2025-02-11 03:00,MR_Long,6065,10,303250,125,0.04,0,125,0.04,-125,-0.04,55675,5.57,0
1316,Exit long,2025-02-11 09:00,MR_Long_Exit,6061.5,10,302962.5,112.5,0.04,0,112.5,0.04,-75,-0.02,55787.5,5.58,0
1316,Entry long,2025-02-11 09:00,MR_Long,6059.25,10,302962.5,112.5,0.04,0,112.5,0.04,-75,-0.02,55787.5,5.58,0
1317,Exit long,2025-02-11 11:00,MR_Short,6086.75,10,304337.5,0,0.00,0,0,0.00,0,0.00,55787.5,5.58,0
1317,Entry long,2025-02-11 11:00,Sq_Long,6086.75,10,304337.5,0,0.00,0,0,0.00,0,0.00,55787.5,5.58,0
1318,Exit long,2025-02-11 11:00,Sq_Long_Exit,6089,10,304337.5,112.5,0.04,0,162.5,0.05,-100,-0.03,55900,5.59,0
1318,Entry long,2025-02-11 11:00,Sq_Long,6086.75,10,304337.5,112.5,0.04,0,162.5,0.05,-100,-0.03,55900,5.59,0
1319,Exit short,2025-02-11 15:00,MR_Short_Exit,6092.25,10,304712.5,100,0.03,0,100,0.03,-125,-0.04,56000,5.60,0
1319,Entry short,2025-02-11 15:00,MR_Short,6094.25,10,304712.5,100,0.03,0,100,0.03,-125,-0.04,56000,5.60,0
1320,Exit long,2025-02-12 04:30,MR_Long_Exit,6081.5,10,303987.5,87.5,0.03,0,87.5,0.03,-12.5,0.00,56087.5,5.61,0
1320,Entry long,2025-02-12 04:30,MR_Long,6079.75,10,303987.5,87.5,0.03,0,87.5,0.03,-12.5,0.00,56087.5,5.61,0
1321,Exit long,2025-02-12 09:00,Sq_Short,6031.25,10,301562.5,0,0.00,0,0,0.00,0,0.00,56087.5,5.61,0
1321,Entry long,2025-02-12 09:00,MR_Long,6031.25,10,301562.5,0,0.00,0,0,0.00,0,0.00,56087.5,5.61,0
1322,Exit short,2025-02-12 09:00,Sq_Short_Exit,6021.75,10,301562.5,475,0.16,0,525,0.17,-125,-0.04,56562.5,5.66,0
1322,Entry short,2025-02-12 09:00,Sq_Short,6031.25,10,301562.5,475,0.16,0,525,0.17,-125,-0.04,56562.5,5.66,0
1323,Exit long,2025-02-12 11:30,MR_Long_Exit,6046.75,10,302237.5,100,0.03,0,100,0.03,-25,-0.01,56662.5,5.67,0
1323,Entry long,2025-02-12 11:30,MR_Long,6044.75,10,302237.5,100,0.03,0,100,0.03,-25,-0.01,56662.5,5.67,0
1324,Exit long,2025-02-13 04:00,MR_Long_Exit,6063.75,10,303087.5,100,0.03,0,100,0.03,-412.5,-0.14,56762.5,5.68,1
1324,Entry long,2025-02-13 03:30,MR_Long,6061.75,10,303087.5,100,0.03,0,100,0.03,-412.5,-0.14,56762.5,5.68,1
1325,Exit short,2025-02-13 11:30,MR_Short_Exit,6097,10,304950,100,0.03,0,100,0.03,-725,-0.24,56862.5,5.69,2
1325,Entry short,2025-02-13 10:30,MR_Short,6099,10,304950,100,0.03,0,100,0.03,-725,-0.24,56862.5,5.69,2
1326,Exit long,2025-02-14 08:30,MR_Long_Exit,6131,10,306450,100,0.03,0,100,0.03,-387.5,-0.13,56962.5,5.70,5
1326,Entry long,2025-02-14 06:00,MR_Long,6129,10,306450,100,0.03,0,100,0.03,-387.5,-0.13,56962.5,5.70,5
1327,Exit short,2025-02-17 02:00,MR_Short_Exit,6142.75,10,307225,87.5,0.03,0,87.5,0.03,-87.5,-0.03,57050,5.71,4
1327,Entry short,2025-02-17 00:00,MR_Short,6144.5,10,307225,87.5,0.03,0,87.5,0.03,-87.5,-0.03,57050,5.71,4
1328,Exit long,2025-02-18 02:00,MR_Short,6154,10,307700,0,0.00,0,0,0.00,0,0.00,57050,5.71,0
1328,Entry long,2025-02-18 02:00,Sq_Long,6154,10,307700,0,0.00,0,0,0.00,0,0.00,57050,5.71,0
1329,Exit long,2025-02-18 02:00,Sq_Long_Exit,6156.25,10,307700,112.5,0.04,0,162.5,0.05,-12.5,0.00,57162.5,5.72,0
1329,Entry long,2025-02-18 02:00,Sq_Long,6154,10,307700,112.5,0.04,0,162.5,0.05,-12.5,0.00,57162.5,5.72,0
1330,Exit short,2025-02-18 04:00,MR_Short_Exit,6150,10,307587.5,87.5,0.03,0,87.5,0.03,-100,-0.03,57250,5.73,0
1330,Entry short,2025-02-18 04:00,MR_Short,6151.75,10,307587.5,87.5,0.03,0,87.5,0.03,-100,-0.03,57250,5.73,0
1331,Exit short,2025-02-18 09:00,MR_Short_Exit,6154.75,10,307837.5,100,0.03,0,100,0.03,-25,-0.01,57350,5.74,0
1331,Entry short,2025-02-18 09:00,MR_Short,6156.75,10,307837.5,100,0.03,0,100,0.03,-25,-0.01,57350,5.74,0
1332,Exit long,2025-02-18 15:30,MR_Long_Exit,6145.25,10,307162.5,100,0.03,0,100,0.03,-1250,-0.41,57450,5.75,12
1332,Entry long,2025-02-18 09:30,MR_Long,6143.25,10,307162.5,100,0.03,0,100,0.03,-1250,-0.41,57450,5.75,12
1333,Exit short,2025-02-19 03:00,MR_Short_Exit,6149.5,10,307550,75,0.02,0,75,0.02,-300,-0.10,57525,5.75,15
1333,Entry short,2025-02-18 19:30,MR_Short,6151,10,307550,75,0.02,0,75,0.02,-300,-0.10,57525,5.75,15
1334,Exit long,2025-02-19 07:00,MR_Long_Exit,6144.5,10,307112.5,112.5,0.04,0,112.5,0.04,-362.5,-0.12,57637.5,5.76,3
1334,Entry long,2025-02-19 05:30,MR_Long,6142.25,10,307112.5,112.5,0.04,0,112.5,0.04,-362.5,-0.12,57637.5,5.76,3
1335,Exit long,2025-02-19 08:00,MR_Long_Exit,6142.75,10,307050,87.5,0.03,0,87.5,0.03,0,0.00,57725,5.77,0
1335,Entry long,2025-02-19 08:00,MR_Long,6141,10,307050,87.5,0.03,0,87.5,0.03,0,0.00,57725,5.77,0
1336,Exit short,2025-02-19 15:00,MR_Short_Exit,6160.25,10,308112.5,100,0.03,0,100,0.03,-200,-0.06,57825,5.78,1
1336,Entry short,2025-02-19 14:30,MR_Short,6162.25,10,308112.5,100,0.03,0,100,0.03,-200,-0.06,57825,5.78,1
1337,Exit short,2025-02-19 16:00,MR_Short_Exit,6161,10,308162.5,112.5,0.04,0,112.5,0.04,0,0.00,57937.5,5.79,0
1337,Entry short,2025-02-19 16:00,MR_Short,6163.25,10,308162.5,112.5,0.04,0,112.5,0.04,0,0.00,57937.5,5.79,0
1338,Exit long,2025-02-20 02:30,MR_Long_Exit,6146.25,10,307200,112.5,0.04,0,112.5,0.04,-137.5,-0.04,58050,5.81,3
1338,Entry long,2025-02-20 01:00,MR_Long,6144,10,307200,112.5,0.04,0,112.5,0.04,-137.5,-0.04,58050,5.81,3
1339,Exit long,2025-02-20 10:00,Sq_Short,6117,10,305850,0,0.00,0,0,0.00,0,0.00,58050,5.81,0
1339,Entry long,2025-02-20 10:00,MR_Long,6117,10,305850,0,0.00,0,0,0.00,0,0.00,58050,5.81,0
1340,Exit short,2025-02-20 10:00,Sq_Short_Exit,6103.75,10,305850,662.5,0.22,0,712.5,0.23,-462.5,-0.15,58712.5,5.87,0
1340,Entry short,2025-02-20 10:00,Sq_Short,6117,10,305850,662.5,0.22,0,712.5,0.23,-462.5,-0.15,58712.5,5.87,0
1341,Exit long,2025-02-21 10:00,Sq_Short,6115.25,10,305762.5,0,0.00,0,0,0.00,0,0.00,58712.5,5.87,0
1341,Entry long,2025-02-21 10:00,MR_Long,6115.25,10,305762.5,0,0.00,0,0,0.00,0,0.00,58712.5,5.87,0
1342,Exit short,2025-02-21 10:00,Sq_Short_Exit,6096.25,10,305762.5,950,0.31,0,1000,0.33,-75,-0.02,59662.5,5.97,0
1342,Entry short,2025-02-21 10:00,Sq_Short,6115.25,10,305762.5,950,0.31,0,1000,0.33,-75,-0.02,59662.5,5.97,0
1343,Exit short,2025-02-23 23:30,MR_Short_Exit,6057.75,10,302987.5,100,0.03,0,100,0.03,-12.5,0.00,59762.5,5.98,0
1343,Entry short,2025-02-23 23:30,MR_Short,6059.75,10,302987.5,100,0.03,0,100,0.03,-12.5,0.00,59762.5,5.98,0
1344,Exit short,2025-02-24 02:00,MR_Short_Exit,6057.25,10,302975,112.5,0.04,0,112.5,0.04,-200,-0.07,59875,5.99,3
1344,Entry short,2025-02-24 00:30,MR_Short,6059.5,10,302975,112.5,0.04,0,112.5,0.04,-200,-0.07,59875,5.99,3
1345,Exit long,2025-02-24 10:00,Sq_Short,6017.25,10,300862.5,0,0.00,0,0,0.00,0,0.00,59875,5.99,0
1345,Entry long,2025-02-24 10:00,MR_Long,6017.25,10,300862.5,0,0.00,0,0,0.00,0,0.00,59875,5.99,0
1346,Exit short,2025-02-24 10:00,Sq_Short_Exit,5995.25,10,300862.5,1100,0.37,0,1150,0.38,-337.5,-0.11,60975,6.10,0
1346,Entry short,2025-02-24 10:00,Sq_Short,6017.25,10,300862.5,1100,0.37,0,1150,0.38,-337.5,-0.11,60975,6.10,0
1347,Exit long,2025-02-24 16:00,MR_Long_Exit,6004.25,10,300112.5,100,0.03,0,100,0.03,-150,-0.05,61075,6.11,0
1347,Entry long,2025-02-24 16:00,MR_Long,6002.25,10,300112.5,100,0.03,0,100,0.03,-150,-0.05,61075,6.11,0
1348,Exit long,2025-02-25 02:30,MR_Long_Exit,5993.5,10,299562.5,112.5,0.04,0,112.5,0.04,0,0.00,61187.5,6.12,0
1348,Entry long,2025-02-25 02:30,MR_Long,5991.25,10,299562.5,112.5,0.04,0,112.5,0.04,0,0.00,61187.5,6.12,0
1349,Exit short,2025-02-25 05:00,Sq_Short_Exit,5980.25,10,299125,112.5,0.04,0,162.5,0.05,-1112.5,-0.37,61300,6.13,4
1349,Entry short,2025-02-25 03:00,Sq_Short,5982.5,10,299125,112.5,0.04,0,162.5,0.05,-1112.5,-0.37,61300,6.13,4
1350,Exit long,2025-02-25 06:00,MR_Long_Exit,5982.5,10,299025,100,0.03,0,100,0.03,-162.5,-0.05,61400,6.14,0
1350,Entry long,2025-02-25 06:00,MR_Long,5980.5,10,299025,100,0.03,0,100,0.03,-162.5,-0.05,61400,6.14,0
1351,Exit long,2025-02-25 10:30,MR_Long_Exit,5938.75,10,296850,87.5,0.03,0,87.5,0.03,-187.5,-0.06,61487.5,6.15,0
1351,Entry long,2025-02-25 10:30,MR_Long,5937,10,296850,87.5,0.03,0,87.5,0.03,-187.5,-0.06,61487.5,6.15,0
1352,Exit short,2025-02-26 11:00,MR_Short_Exit,6014.5,10,300837.5,112.5,0.04,0,112.5,0.04,0,0.00,61600,6.16,0
1352,Entry short,2025-02-26 11:00,MR_Short,6016.75,10,300837.5,112.5,0.04,0,112.5,0.04,0,0.00,61600,6.16,0
1353,Exit long,2025-02-26 13:30,Sq_Short,5966.25,10,298312.5,0,0.00,0,0,0.00,0,0.00,61600,6.16,0
1353,Entry long,2025-02-26 13:30,MR_Long,5966.25,10,298312.5,0,0.00,0,0,0.00,0,0.00,61600,6.16,0
1354,Exit short,2025-02-26 13:30,Sq_Short_Exit,5949.5,10,298312.5,837.5,0.28,0,887.5,0.30,-350,-0.12,62437.5,6.24,0
1354,Entry short,2025-02-26 13:30,Sq_Short,5966.25,10,298312.5,837.5,0.28,0,887.5,0.30,-350,-0.12,62437.5,6.24,0
1355,Exit short,2025-02-27 01:30,MR_Short_Exit,5993,10,299737.5,87.5,0.03,0,87.5,0.03,-50,-0.02,62525,6.25,0
1355,Entry short,2025-02-27 01:30,MR_Short,5994.75,10,299737.5,87.5,0.03,0,87.5,0.03,-50,-0.02,62525,6.25,0
1356,Exit long,2025-02-27 02:30,MR_Short,5999.5,10,299975,0,0.00,0,0,0.00,0,0.00,62525,6.25,0
1356,Entry long,2025-02-27 02:30,Sq_Long,5999.5,10,299975,0,0.00,0,0,0.00,0,0.00,62525,6.25,0
1357,Exit long,2025-02-27 02:30,Sq_Long_Exit,6001.75,10,299975,112.5,0.04,0,162.5,0.05,0,0.00,62637.5,6.26,0
1357,Entry long,2025-02-27 02:30,Sq_Long,5999.5,10,299975,112.5,0.04,0,162.5,0.05,0,0.00,62637.5,6.26,0
1358,Exit short,2025-02-27 04:00,MR_Short_Exit,6002,10,300187.5,87.5,0.03,0,87.5,0.03,-62.5,-0.02,62725,6.27,0
1358,Entry short,2025-02-27 04:00,MR_Short,6003.75,10,300187.5,87.5,0.03,0,87.5,0.03,-62.5,-0.02,62725,6.27,0
1359,Exit long,2025-02-27 10:00,MR_Long_Exit,5952.75,10,297550,87.5,0.03,0,87.5,0.03,-987.5,-0.33,62812.5,6.28,0
1359,Entry long,2025-02-27 10:00,MR_Long,5951,10,297550,87.5,0.03,0,87.5,0.03,-987.5,-0.33,62812.5,6.28,0
1360,Exit long,2025-02-27 11:00,MR_Long_Exit,5963.25,10,298062.5,100,0.03,0,100,0.03,-112.5,-0.04,62912.5,6.29,0
1360,Entry long,2025-02-27 11:00,MR_Long,5961.25,10,298062.5,100,0.03,0,100,0.03,-112.5,-0.04,62912.5,6.29,0
1361,Exit long,2025-02-27 12:00,MR_Long_Exit,5953,10,297550,100,0.03,0,100,0.03,-550,-0.18,63012.5,6.30,0
1361,Entry long,2025-02-27 12:00,MR_Long,5951,10,297550,100,0.03,0,100,0.03,-550,-0.18,63012.5,6.30,0
1362,Exit long,2025-02-27 15:00,MR_Long_Exit,5893,10,296700,-2050,-0.69,0,12.5,0.00,-2050,-0.69,60962.5,6.10,1
1362,Entry long,2025-02-27 14:30,MR_Long,5934,10,296700,-2050,-0.69,0,12.5,0.00,-2050,-0.69,60962.5,6.10,1
1363,Exit short,2025-02-28 06:30,MR_Short_Exit,5896.5,10,294925,100,0.03,0,100,0.03,-100,-0.03,61062.5,6.11,0
1363,Entry short,2025-02-28 06:30,MR_Short,5898.5,10,294925,100,0.03,0,100,0.03,-100,-0.03,61062.5,6.11,0
1364,Exit short,2025-02-28 11:00,MR_Short_Exit,5910.5,10,295625,100,0.03,0,100,0.03,-87.5,-0.03,61162.5,6.12,0
1364,Entry short,2025-02-28 11:00,MR_Short,5912.5,10,295625,100,0.03,0,100,0.03,-87.5,-0.03,61162.5,6.12,0
1365,Exit long,2025-02-28 13:00,MR_Long_Exit,5862.5,10,293012.5,112.5,0.04,0,112.5,0.04,0,0.00,61275,6.13,0
1365,Entry long,2025-02-28 13:00,MR_Long,5860.25,10,293012.5,112.5,0.04,0,112.5,0.04,0,0.00,61275,6.13,0
1366,Exit long,2025-02-28 14:00,MR_Long_Exit,5861.75,10,292975,112.5,0.04,0,112.5,0.04,-37.5,-0.01,61387.5,6.14,0
1366,Entry long,2025-02-28 14:00,MR_Long,5859.5,10,292975,112.5,0.04,0,112.5,0.04,-37.5,-0.01,61387.5,6.14,0
1367,Exit short,2025-02-28 15:30,MR_Short_Exit,5918,10,295987.5,87.5,0.03,0,87.5,0.03,0,0.00,61475,6.15,0
1367,Entry short,2025-02-28 15:30,MR_Short,5919.75,10,295987.5,87.5,0.03,0,87.5,0.03,0,0.00,61475,6.15,0
1368,Exit short,2025-03-03 07:30,MR_Short_Exit,5992.5,10,299725,100,0.03,0,100,0.03,-75,-0.03,61575,6.16,0
1368,Entry short,2025-03-03 07:30,MR_Short,5994.5,10,299725,100,0.03,0,100,0.03,-75,-0.03,61575,6.16,0
1369,Exit long,2025-03-03 10:00,MR_Long_Exit,5955.25,10,297587.5,175,0.06,0,175,0.06,0,0.00,61750,6.18,0
1369,Entry long,2025-03-03 10:00,MR_Long,5951.75,10,297587.5,175,0.06,0,175,0.06,0,0.00,61750,6.18,0
1370,Exit long,2025-03-03 11:00,Sq_Short,5947.25,10,297362.5,0,0.00,0,0,0.00,0,0.00,61750,6.18,0
1370,Entry long,2025-03-03 11:00,MR_Long,5947.25,10,297362.5,0,0.00,0,0,0.00,0,0.00,61750,6.18,0
1371,Exit short,2025-03-03 11:30,Sq_Short_Exit,5935.25,10,297362.5,600,0.20,0,650,0.22,-1075,-0.36,62350,6.24,1
1371,Entry short,2025-03-03 11:00,Sq_Short,5947.25,10,297362.5,600,0.20,0,650,0.22,-1075,-0.36,62350,6.24,1
1372,Exit long,2025-03-03 13:00,MR_Long_Exit,5902.5,10,297162.5,-2037.5,-0.69,0,75,0.03,-2037.5,-0.69,60312.5,6.03,0
1372,Entry long,2025-03-03 13:00,MR_Long,5943.25,10,297162.5,-2037.5,-0.69,0,75,0.03,-2037.5,-0.69,60312.5,6.03,0
1373,Exit long,2025-03-04 07:30,Sq_Short,5822,10,291100,0,0.00,0,0,0.00,0,0.00,60312.5,6.03,0
1373,Entry long,2025-03-04 07:30,MR_Long,5822,10,291100,0,0.00,0,0,0.00,0,0.00,60312.5,6.03,0
1374,Exit short,2025-03-04 08:00,Sq_Short_Exit,5812.75,10,291100,462.5,0.16,0,512.5,0.18,-712.5,-0.24,60775,6.08,1
1374,Entry short,2025-03-04 07:30,Sq_Short,5822,10,291100,462.5,0.16,0,512.5,0.18,-712.5,-0.24,60775,6.08,1
1375,Exit long,2025-03-04 13:00,MR_Long_Exit,5788.5,10,289337.5,87.5,0.03,0,87.5,0.03,-250,-0.09,60862.5,6.09,0
1375,Entry long,2025-03-04 13:00,MR_Long,5786.75,10,289337.5,87.5,0.03,0,87.5,0.03,-250,-0.09,60862.5,6.09,0
1376,Exit short,2025-03-04 15:30,MR_Short_Exit,5858.25,10,293012.5,100,0.03,0,100,0.03,-100,-0.03,60962.5,6.10,0
1376,Entry short,2025-03-04 15:30,MR_Short,5860.25,10,293012.5,100,0.03,0,100,0.03,-100,-0.03,60962.5,6.10,0
1377,Exit long,2025-03-05 08:30,MR_Long_Exit,5791,10,289450,100,0.03,0,100,0.03,-175,-0.06,61062.5,6.11,0
1377,Entry long,2025-03-05 08:30,MR_Long,5789,10,289450,100,0.03,0,100,0.03,-175,-0.06,61062.5,6.11,0
1378,Exit short,2025-03-05 09:00,Sq_Short_Exit,5780,10,289437.5,437.5,0.15,0,487.5,0.17,0,0.00,61500,6.15,0
1378,Entry short,2025-03-05 09:00,Sq_Short,5788.75,10,289437.5,437.5,0.15,0,487.5,0.17,0,0.00,61500,6.15,0
1379,Exit long,2025-03-05 11:30,MR_Long_Exit,5770.75,10,288437.5,100,0.03,0,100,0.03,-900,-0.31,61600,6.16,0
1379,Entry long,2025-03-05 11:30,MR_Long,5768.75,10,288437.5,100,0.03,0,100,0.03,-900,-0.31,61600,6.16,0
1380,Exit short,2025-03-05 14:30,MR_Short_Exit,5846,10,292425,125,0.04,0,125,0.04,0,0.00,61725,6.17,0
1380,Entry short,2025-03-05 14:30,MR_Short,5848.5,10,292425,125,0.04,0,125,0.04,0,0.00,61725,6.17,0
1381,Exit long,2025-03-06 03:00,MR_Long_Exit,5826.75,10,291225,112.5,0.04,0,112.5,0.04,0,0.00,61837.5,6.18,0
1381,Entry long,2025-03-06 03:00,MR_Long,5824.5,10,291225,112.5,0.04,0,112.5,0.04,0,0.00,61837.5,6.18,0
1382,Exit short,2025-03-06 04:00,Sq_Short_Exit,5791,10,290187.5,637.5,0.22,0,687.5,0.24,-487.5,-0.17,62475,6.25,0
1382,Entry short,2025-03-06 04:00,Sq_Short,5803.75,10,290187.5,637.5,0.22,0,687.5,0.24,-487.5,-0.17,62475,6.25,0
1383,Exit long,2025-03-06 12:30,MR_Long_Exit,5746.25,10,287225,87.5,0.03,0,87.5,0.03,0,0.00,62562.5,6.26,0
1383,Entry long,2025-03-06 12:30,MR_Long,5744.5,10,287225,87.5,0.03,0,87.5,0.03,0,0.00,62562.5,6.26,0
1384,Exit long,2025-03-07 09:00,MR_Long_Exit,5736.5,10,286712.5,112.5,0.04,0,112.5,0.04,0,0.00,62675,6.27,0
1384,Entry long,2025-03-07 09:00,MR_Long,5734.25,10,286712.5,112.5,0.04,0,112.5,0.04,0,0.00,62675,6.27,0
1385,Exit long,2025-03-07 11:30,Sq_Short,5693.5,10,284675,0,0.00,0,0,0.00,0,0.00,62675,6.27,0
1385,Entry long,2025-03-07 11:30,MR_Long,5693.5,10,284675,0,0.00,0,0,0.00,0,0.00,62675,6.27,0
1386,Exit short,2025-03-07 11:30,Sq_Short_Exit,5674,10,284675,975,0.34,0,1025,0.36,-187.5,-0.07,63650,6.37,0
1386,Entry short,2025-03-07 11:30,Sq_Short,5693.5,10,284675,975,0.34,0,1025,0.36,-187.5,-0.07,63650,6.37,0
1387,Exit long,2025-03-10 05:00,MR_Long_Exit,5707.75,10,285275,112.5,0.04,0,112.5,0.04,-137.5,-0.05,63762.5,6.38,0
1387,Entry long,2025-03-10 05:00,MR_Long,5705.5,10,285275,112.5,0.04,0,112.5,0.04,-137.5,-0.05,63762.5,6.38,0
1388,Exit long,2025-03-10 06:30,MR_Long_Exit,5715.5,10,285662.5,112.5,0.04,0,112.5,0.04,0,0.00,63875,6.39,0
1388,Entry long,2025-03-10 06:30,MR_Long,5713.25,10,285662.5,112.5,0.04,0,112.5,0.04,0,0.00,63875,6.39,0
1389,Exit long,2025-03-10 09:30,MR_Long_Exit,5708.5,10,285337.5,87.5,0.03,0,87.5,0.03,-1387.5,-0.49,63962.5,6.40,3
1389,Entry long,2025-03-10 08:00,MR_Long,5706.75,10,285337.5,87.5,0.03,0,87.5,0.03,-1387.5,-0.49,63962.5,6.40,3
1390,Exit long,2025-03-10 19:00,MR_Long_Exit,5613.25,10,280562.5,100,0.04,0,100,0.04,0,0.00,64062.5,6.41,0
1390,Entry long,2025-03-10 19:00,MR_Long,5611.25,10,280562.5,100,0.04,0,100,0.04,0,0.00,64062.5,6.41,0
1391,Exit long,2025-03-10 21:00,MR_Long_Exit,5575.5,10,278662.5,112.5,0.04,0,112.5,0.04,0,0.00,64175,6.42,0
1391,Entry long,2025-03-10 21:00,MR_Long,5573.25,10,278662.5,112.5,0.04,0,112.5,0.04,0,0.00,64175,6.42,0
1392,Exit short,2025-03-11 04:30,MR_Short_Exit,5641.75,10,282175,87.5,0.03,0,87.5,0.03,-37.5,-0.01,64262.5,6.43,0
1392,Entry short,2025-03-11 04:30,MR_Short,5643.5,10,282175,87.5,0.03,0,87.5,0.03,-37.5,-0.01,64262.5,6.43,0
1393,Exit long,2025-03-11 09:30,MR_Long_Exit,5611.5,10,280450,125,0.04,0,125,0.04,-550,-0.20,64387.5,6.44,0
1393,Entry long,2025-03-11 09:30,MR_Long,5609,10,280450,125,0.04,0,125,0.04,-550,-0.20,64387.5,6.44,0
1394,Exit long,2025-03-11 10:30,Sq_Short,5574.25,10,278712.5,0,0.00,0,0,0.00,0,0.00,64387.5,6.44,0
1394,Entry long,2025-03-11 10:30,MR_Long,5574.25,10,278712.5,0,0.00,0,0,0.00,0,0.00,64387.5,6.44,0
1395,Exit short,2025-03-11 10:30,Sq_Short_Exit,5556,10,278712.5,912.5,0.33,0,962.5,0.35,-637.5,-0.23,65300,6.53,0
1395,Entry short,2025-03-11 10:30,Sq_Short,5574.25,10,278712.5,912.5,0.33,0,962.5,0.35,-637.5,-0.23,65300,6.53,0
1396,Exit short,2025-03-12 06:00,MR_Short_Exit,5613.5,10,280775,100,0.04,0,100,0.04,-62.5,-0.02,65400,6.54,0
1396,Entry short,2025-03-12 06:00,MR_Short,5615.5,10,280775,100,0.04,0,100,0.04,-62.5,-0.02,65400,6.54,0
1397,Exit long,2025-03-12 07:30,MR_Short,5622.75,10,281137.5,0,0.00,0,0,0.00,0,0.00,65400,6.54,0
1397,Entry long,2025-03-12 07:30,Sq_Long,5622.75,10,281137.5,0,0.00,0,0,0.00,0,0.00,65400,6.54,0
1398,Exit long,2025-03-12 07:30,Sq_Long_Exit,5626.5,10,281137.5,187.5,0.07,0,237.5,0.08,-175,-0.06,65587.5,6.56,0
1398,Entry long,2025-03-12 07:30,Sq_Long,5622.75,10,281137.5,187.5,0.07,0,237.5,0.08,-175,-0.06,65587.5,6.56,0
1399,Exit long,2025-03-12 11:00,MR_Long_Exit,5571.75,10,278475,112.5,0.04,0,112.5,0.04,0,0.00,65700,6.57,0
1399,Entry long,2025-03-12 11:00,MR_Long,5569.5,10,278475,112.5,0.04,0,112.5,0.04,0,0.00,65700,6.57,0
1400,Exit long,2025-03-13 01:00,Sq_Short,5580.5,10,279025,0,0.00,0,0,0.00,0,0.00,65700,6.57,0
1400,Entry long,2025-03-13 01:00,MR_Long,5580.5,10,279025,0,0.00,0,0,0.00,0,0.00,65700,6.57,0
1401,Exit short,2025-03-13 01:00,Sq_Short_Exit,5576.5,10,279025,200,0.07,0,250,0.09,-200,-0.07,65900,6.59,0
1401,Entry short,2025-03-13 01:00,Sq_Short,5580.5,10,279025,200,0.07,0,250,0.09,-200,-0.07,65900,6.59,0
1402,Exit long,2025-03-13 04:00,MR_Long_Exit,5569.25,10,278350,112.5,0.04,0,112.5,0.04,-387.5,-0.14,66012.5,6.60,0
1402,Entry long,2025-03-13 04:00,MR_Long,5567,10,278350,112.5,0.04,0,112.5,0.04,-387.5,-0.14,66012.5,6.60,0
1403,Exit long,2025-03-13 12:00,Sq_Short,5537.75,10,276887.5,0,0.00,0,0,0.00,0,0.00,66012.5,6.60,0
1403,Entry long,2025-03-13 12:00,MR_Long,5537.75,10,276887.5,0,0.00,0,0,0.00,0,0.00,66012.5,6.60,0
1404,Exit short,2025-03-13 12:00,Sq_Short_Exit,5536.25,10,276887.5,75,0.03,0,125,0.05,0,0.00,66087.5,6.61,0
1404,Entry short,2025-03-13 12:00,Sq_Short,5537.75,10,276887.5,75,0.03,0,125,0.05,0,0.00,66087.5,6.61,0
1405,Exit long,2025-03-13 15:30,MR_Long_Exit,5529.25,10,276362.5,100,0.04,0,100,0.04,0,0.00,66187.5,6.62,0
1405,Entry long,2025-03-13 15:30,MR_Long,5527.25,10,276362.5,100,0.04,0,100,0.04,0,0.00,66187.5,6.62,0
1406,Exit short,2025-03-13 23:30,MR_Short_Exit,5568.75,10,278550,112.5,0.04,0,112.5,0.04,-50,-0.02,66300,6.63,0
1406,Entry short,2025-03-13 23:30,MR_Short,5571,10,278550,112.5,0.04,0,112.5,0.04,-50,-0.02,66300,6.63,0
1407,Exit short,2025-03-14 08:30,MR_Short_Exit,5585,10,279350,100,0.04,0,100,0.04,-50,-0.02,66400,6.64,0
1407,Entry short,2025-03-14 08:30,MR_Short,5587,10,279350,100,0.04,0,100,0.04,-50,-0.02,66400,6.64,0
1408,Exit short,2025-03-14 10:00,MR_Short_Exit,5593.5,10,279762.5,87.5,0.03,0,87.5,0.03,-212.5,-0.08,66487.5,6.65,0
1408,Entry short,2025-03-14 10:00,MR_Short,5595.25,10,279762.5,87.5,0.03,0,87.5,0.03,-212.5,-0.08,66487.5,6.65,0
1409,Exit long,2025-03-14 11:00,MR_Short,5613.5,10,280675,0,0.00,0,0,0.00,0,0.00,66487.5,6.65,0
1409,Entry long,2025-03-14 11:00,Sq_Long,5613.5,10,280675,0,0.00,0,0,0.00,0,0.00,66487.5,6.65,0
1410,Exit long,2025-03-14 11:00,Sq_Long_Exit,5625,10,280675,575,0.20,0,625,0.22,-175,-0.06,67062.5,6.71,0
1410,Entry long,2025-03-14 11:00,Sq_Long,5613.5,10,280675,575,0.20,0,625,0.22,-175,-0.06,67062.5,6.71,0
1411,Exit short,2025-03-14 15:00,MR_Short_Exit,5626.5,10,281425,100,0.04,0,100,0.04,0,0.00,67162.5,6.72,0
1411,Entry short,2025-03-14 15:00,MR_Short,5628.5,10,281425,100,0.04,0,100,0.04,0,0.00,67162.5,6.72,0
1412,Exit short,2025-03-17 07:30,MR_Short_Exit,5625.5,10,281362.5,87.5,0.03,0,87.5,0.03,-362.5,-0.13,67250,6.73,1
1412,Entry short,2025-03-17 07:00,MR_Short,5627.25,10,281362.5,87.5,0.03,0,87.5,0.03,-362.5,-0.13,67250,6.73,1
1413,Exit short,2025-03-17 09:00,MR_Short_Exit,5639.75,10,282075,87.5,0.03,0,87.5,0.03,-75,-0.03,67337.5,6.73,0
1413,Entry short,2025-03-17 09:00,MR_Short,5641.5,10,282075,87.5,0.03,0,87.5,0.03,-75,-0.03,67337.5,6.73,0
1414,Exit short,2025-03-17 13:00,MR_Short_Exit,5654,10,282800,100,0.04,0,100,0.04,0,0.00,67437.5,6.74,0
1414,Entry short,2025-03-17 13:00,MR_Short,5656,10,282800,100,0.04,0,100,0.04,0,0.00,67437.5,6.74,0
1415,Exit short,2025-03-17 19:00,MR_Short_Exit,5733,10,286762.5,112.5,0.04,0,112.5,0.04,-137.5,-0.05,67550,6.76,1
1415,Entry short,2025-03-17 18:30,MR_Short,5735.25,10,286762.5,112.5,0.04,0,112.5,0.04,-137.5,-0.05,67550,6.76,1
1416,Exit long,2025-03-18 10:00,Sq_Short,5668.5,10,283425,0,0.00,0,0,0.00,0,0.00,67550,6.76,0
1416,Entry long,2025-03-18 10:00,MR_Long,5668.5,10,283425,0,0.00,0,0,0.00,0,0.00,67550,6.76,0
1417,Exit short,2025-03-18 10:00,Sq_Short_Exit,5662.75,10,283425,287.5,0.10,0,337.5,0.12,0,0.00,67837.5,6.78,0
1417,Entry short,2025-03-18 10:00,Sq_Short,5668.5,10,283425,287.5,0.10,0,337.5,0.12,0,0.00,67837.5,6.78,0
1418,Exit long,2025-03-19 04:00,MR_Long_Exit,5663.75,10,283087.5,100,0.04,0,100,0.04,-25,-0.01,67937.5,6.79,0
1418,Entry long,2025-03-19 04:00,MR_Long,5661.75,10,283087.5,100,0.04,0,100,0.04,-25,-0.01,67937.5,6.79,0
1419,Exit short,2025-03-19 10:30,MR_Short_Exit,5697.5,10,284975,100,0.04,0,100,0.04,-712.5,-0.25,68037.5,6.80,1
1419,Entry short,2025-03-19 10:00,MR_Short,5699.5,10,284975,100,0.04,0,100,0.04,-712.5,-0.25,68037.5,6.80,1
1420,Exit short,2025-03-19 11:30,MR_Short_Exit,5703.75,10,285287.5,100,0.04,0,100,0.04,0,0.00,68137.5,6.81,0
1420,Entry short,2025-03-19 11:30,MR_Short,5705.75,10,285287.5,100,0.04,0,100,0.04,0,0.00,68137.5,6.81,0
1421,Exit short,2025-03-19 15:00,MR_Short_Exit,5740.75,10,287125,87.5,0.03,0,87.5,0.03,0,0.00,68225,6.82,0
1421,Entry short,2025-03-19 15:00,MR_Short,5742.5,10,287125,87.5,0.03,0,87.5,0.03,0,0.00,68225,6.82,0
1422,Exit short,2025-03-20 05:30,MR_Short_Exit,5739,10,287062.5,112.5,0.04,0,112.5,0.04,-937.5,-0.33,68337.5,6.83,22
1422,Entry short,2025-03-19 18:30,MR_Short,5741.25,10,287062.5,112.5,0.04,0,112.5,0.04,-937.5,-0.33,68337.5,6.83,22
1423,Exit long,2025-03-20 06:00,MR_Long_Exit,5688.75,10,286500,-2062.5,-0.72,0,25,0.01,-2062.5,-0.72,66275,6.63,0
1423,Entry long,2025-03-20 06:00,MR_Long,5730,10,286500,-2062.5,-0.72,0,25,0.01,-2062.5,-0.72,66275,6.63,0
1424,Exit short,2025-03-20 06:30,Sq_Short_Exit,5684.25,10,284525,312.5,0.11,0,362.5,0.13,0,0.00,66587.5,6.66,0
1424,Entry short,2025-03-20 06:30,Sq_Short,5690.5,10,284525,312.5,0.11,0,362.5,0.13,0,0.00,66587.5,6.66,0
1425,Exit long,2025-03-21 04:30,MR_Long_Exit,5691.5,10,284500,75,0.03,0,75,0.03,0,0.00,66662.5,6.67,0
1425,Entry long,2025-03-21 04:30,MR_Long,5690,10,284500,75,0.03,0,75,0.03,0,0.00,66662.5,6.67,0
1426,Exit short,2025-03-21 05:00,Sq_Short_Exit,5685.75,10,284587.5,300,0.11,0,350,0.12,-87.5,-0.03,66962.5,6.70,0
1426,Entry short,2025-03-21 05:00,Sq_Short,5691.75,10,284587.5,300,0.11,0,350,0.12,-87.5,-0.03,66962.5,6.70,0
1427,Exit long,2025-03-21 09:30,MR_Long_Exit,5668,10,283300,100,0.04,0,100,0.04,-737.5,-0.26,67062.5,6.71,1
1427,Entry long,2025-03-21 09:00,MR_Long,5666,10,283300,100,0.04,0,100,0.04,-737.5,-0.26,67062.5,6.71,1
1428,Exit long,2025-03-21 12:00,MR_Long_Exit,5667.75,10,283300,87.5,0.03,0,87.5,0.03,-362.5,-0.13,67150,6.72,0
1428,Entry long,2025-03-21 12:00,MR_Long,5666,10,283300,87.5,0.03,0,87.5,0.03,-362.5,-0.13,67150,6.72,0
1429,Exit short,2025-03-23 18:30,MR_Short_Exit,5745.5,10,287375,100,0.03,0,100,0.03,-25,-0.01,67250,6.73,0
1429,Entry short,2025-03-23 18:30,MR_Short,5747.5,10,287375,100,0.03,0,100,0.03,-25,-0.01,67250,6.73,0
1430,Exit short,2025-03-24 09:30,MR_Short_Exit,5804.5,10,288187.5,-2037.5,-0.71,0,37.5,0.01,-2037.5,-0.71,65212.5,6.52,13
1430,Entry short,2025-03-24 03:00,MR_Short,5763.75,10,288187.5,-2037.5,-0.71,0,37.5,0.01,-2037.5,-0.71,65212.5,6.52,13
1431,Exit short,2025-03-24 10:00,MR_Short_Exit,5799.5,10,290100,125,0.04,0,125,0.04,-300,-0.10,65337.5,6.53,0
1431,Entry short,2025-03-24 10:00,MR_Short,5802,10,290100,125,0.04,0,125,0.04,-300,-0.10,65337.5,6.53,0
1432,Exit short,2025-03-24 15:00,MR_Short_Exit,5809,10,290550,100,0.03,0,100,0.03,0,0.00,65437.5,6.54,0
1432,Entry short,2025-03-24 15:00,MR_Short,5811,10,290550,100,0.03,0,100,0.03,0,0.00,65437.5,6.54,0
1433,Exit short,2025-03-25 07:00,MR_Short_Exit,5816.5,10,290925,100,0.03,0,100,0.03,0,0.00,65537.5,6.55,0
1433,Entry short,2025-03-25 07:00,MR_Short,5818.5,10,290925,100,0.03,0,100,0.03,0,0.00,65537.5,6.55,0
1434,Exit long,2025-03-25 08:30,Sq_Long_Exit,5833,10,291437.5,212.5,0.07,0,262.5,0.09,-150,-0.05,65750,6.58,1
1434,Entry long,2025-03-25 08:00,Sq_Long,5828.75,10,291437.5,212.5,0.07,0,262.5,0.09,-150,-0.05,65750,6.58,1
1435,Exit short,2025-03-25 10:30,MR_Short_Exit,5828.75,10,291550,112.5,0.04,0,112.5,0.04,0,0.00,65862.5,6.59,0
1435,Entry short,2025-03-25 10:30,MR_Short,5831,10,291550,112.5,0.04,0,112.5,0.04,0,0.00,65862.5,6.59,0
1436,Exit long,2025-03-26 02:30,MR_Long_Exit,5821.5,10,290987.5,87.5,0.03,0,87.5,0.03,-125,-0.04,65950,6.60,1
1436,Entry long,2025-03-26 02:00,MR_Long,5819.75,10,290987.5,87.5,0.03,0,87.5,0.03,-125,-0.04,65950,6.60,1
1437,Exit long,2025-03-26 06:00,MR_Long_Exit,5817,10,290725,125,0.04,0,125,0.04,-50,-0.02,66075,6.61,0
1437,Entry long,2025-03-26 06:00,MR_Long,5814.5,10,290725,125,0.04,0,125,0.04,-50,-0.02,66075,6.61,0
1438,Exit long,2025-03-26 10:00,MR_Long_Exit,5810.5,10,290425,100,0.03,0,100,0.03,0,0.00,66175,6.62,0
1438,Entry long,2025-03-26 10:00,MR_Long,5808.5,10,290425,100,0.03,0,100,0.03,0,0.00,66175,6.62,0
1439,Exit short,2025-03-26 10:30,Sq_Short_Exit,5801.5,10,290300,225,0.08,0,275,0.09,-225,-0.08,66400,6.64,0
1439,Entry short,2025-03-26 10:30,Sq_Short,5806,10,290300,225,0.08,0,275,0.09,-225,-0.08,66400,6.64,0
1440,Exit short,2025-03-27 01:00,MR_Short_Exit,5765.25,10,288362.5,100,0.03,0,100,0.03,-62.5,-0.02,66500,6.65,1
1440,Entry short,2025-03-27 00:30,MR_Short,5767.25,10,288362.5,100,0.03,0,100,0.03,-62.5,-0.02,66500,6.65,1
1441,Exit short,2025-03-27 02:30,MR_Short_Exit,5769.75,10,288587.5,100,0.03,0,100,0.03,-62.5,-0.02,66600,6.66,0
1441,Entry short,2025-03-27 02:30,MR_Short,5771.75,10,288587.5,100,0.03,0,100,0.03,-62.5,-0.02,66600,6.66,0
1442,Exit long,2025-03-27 07:30,MR_Long_Exit,5747.5,10,287275,100,0.03,0,100,0.03,0,0.00,66700,6.67,0
1442,Entry long,2025-03-27 07:30,MR_Long,5745.5,10,287275,100,0.03,0,100,0.03,0,0.00,66700,6.67,0
1443,Exit long,2025-03-27 09:30,Sq_Short,5743,10,287150,0,0.00,0,0,0.00,0,0.00,66700,6.67,0
1443,Entry long,2025-03-27 09:30,MR_Long,5743,10,287150,0,0.00,0,0,0.00,0,0.00,66700,6.67,0
1444,Exit short,2025-03-27 09:30,Sq_Short_Exit,5721,10,287150,1100,0.38,0,1150,0.40,-612.5,-0.21,67800,6.78,0
1444,Entry short,2025-03-27 09:30,Sq_Short,5743,10,287150,1100,0.38,0,1150,0.40,-612.5,-0.21,67800,6.78,0
1445,Exit long,2025-03-28 04:00,Sq_Short,5712.5,10,285625,0,0.00,0,0,0.00,0,0.00,67800,6.78,0
1445,Entry long,2025-03-28 04:00,MR_Long,5712.5,10,285625,0,0.00,0,0,0.00,0,0.00,67800,6.78,0
1446,Exit short,2025-03-28 09:00,Sq_Short_Exit,5711.5,10,285625,50,0.02,0,100,0.04,-1362.5,-0.48,67850,6.78,10
1446,Entry short,2025-03-28 04:00,Sq_Short,5712.5,10,285625,50,0.02,0,100,0.04,-1362.5,-0.48,67850,6.78,10
1447,Exit long,2025-03-28 10:00,MR_Long_Exit,5709.25,10,285362.5,100,0.04,0,100,0.04,0,0.00,67950,6.80,0
1447,Entry long,2025-03-28 10:00,MR_Long,5707.25,10,285362.5,100,0.04,0,100,0.04,0,0.00,67950,6.80,0
1448,Exit long,2025-03-31 07:30,MR_Long_Exit,5559.5,10,277887.5,87.5,0.03,0,87.5,0.03,-287.5,-0.10,68037.5,6.80,0
1448,Entry long,2025-03-31 07:30,MR_Long,5557.75,10,277887.5,87.5,0.03,0,87.5,0.03,-287.5,-0.10,68037.5,6.80,0
1449,Exit short,2025-03-31 12:00,MR_Short_Exit,5596.5,10,279925,100,0.04,0,100,0.04,-650,-0.23,68137.5,6.81,0
1449,Entry short,2025-03-31 12:00,MR_Short,5598.5,10,279925,100,0.04,0,100,0.04,-650,-0.23,68137.5,6.81,0
1450,Exit long,2025-03-31 13:00,Sq_Long_Exit,5616.25,10,280562.5,250,0.09,0,300,0.11,-887.5,-0.32,68387.5,6.84,1
1450,Entry long,2025-03-31 12:30,Sq_Long,5611.25,10,280562.5,250,0.09,0,300,0.11,-887.5,-0.32,68387.5,6.84,1
1451,Exit short,2025-03-31 14:30,MR_Short_Exit,5633,10,281750,100,0.04,0,100,0.04,0,0.00,68487.5,6.85,0
1451,Entry short,2025-03-31 14:30,MR_Short,5635,10,281750,100,0.04,0,100,0.04,0,0.00,68487.5,6.85,0
1452,Exit long,2025-04-01 06:00,MR_Short,5660,10,283000,0,0.00,0,0,0.00,0,0.00,68487.5,6.85,0
1452,Entry long,2025-04-01 06:00,Sq_Long,5660,10,283000,0,0.00,0,0,0.00,0,0.00,68487.5,6.85,0
1453,Exit long,2025-04-01 07:30,Sq_Long_Exit,5618.25,10,283000,-2087.5,-0.74,0,25,0.01,-2087.5,-0.74,66400,6.64,3
1453,Entry long,2025-04-01 06:00,Sq_Long,5660,10,283000,-2087.5,-0.74,0,25,0.01,-2087.5,-0.74,66400,6.64,3
1454,Exit long,2025-04-01 10:30,MR_Long_Exit,5617,10,280750,100,0.04,0,100,0.04,-75,-0.03,66500,6.65,0
1454,Entry long,2025-04-01 10:30,MR_Long,5615,10,280750,100,0.04,0,100,0.04,-75,-0.03,66500,6.65,0
1455,Exit long,2025-04-01 11:30,MR_Short,5672.75,10,283637.5,0,0.00,0,0,0.00,0,0.00,66500,6.65,0
1455,Entry long,2025-04-01 11:30,Sq_Long,5672.75,10,283637.5,0,0.00,0,0,0.00,0,0.00,66500,6.65,0
1456,Exit long,2025-04-01 11:30,Sq_Long_Exit,5682,10,283637.5,462.5,0.16,0,512.5,0.18,-300,-0.11,66962.5,6.70,0
1456,Entry long,2025-04-01 11:30,Sq_Long,5672.75,10,283637.5,462.5,0.16,0,512.5,0.18,-300,-0.11,66962.5,6.70,0
1457,Exit short,2025-04-01 18:30,MR_Short_Exit,5686.25,10,284425,112.5,0.04,0,112.5,0.04,-25,-0.01,67075,6.71,0
1457,Entry short,2025-04-01 18:30,MR_Short,5688.5,10,284425,112.5,0.04,0,112.5,0.04,-25,-0.01,67075,6.71,0
1458,Exit short,2025-04-01 19:30,MR_Short_Exit,5684.25,10,284312.5,100,0.04,0,100,0.04,-87.5,-0.03,67175,6.72,0
1458,Entry short,2025-04-01 19:30,MR_Short,5686.25,10,284312.5,100,0.04,0,100,0.04,-87.5,-0.03,67175,6.72,0
1459,Exit long,2025-04-02 07:00,MR_Long_Exit,5645.25,10,282150,112.5,0.04,0,112.5,0.04,0,0.00,67287.5,6.73,0
1459,Entry long,2025-04-02 07:00,MR_Long,5643,10,282150,112.5,0.04,0,112.5,0.04,0,0.00,67287.5,6.73,0
1460,Exit short,2025-04-02 07:30,Sq_Short_Exit,5634.75,10,281987.5,250,0.09,0,300,0.11,-200,-0.07,67537.5,6.75,0
1460,Entry short,2025-04-02 07:30,Sq_Short,5639.75,10,281987.5,250,0.09,0,300,0.11,-200,-0.07,67537.5,6.75,0
1461,Exit short,2025-04-02 11:00,MR_Short_Exit,5683.25,10,284262.5,100,0.04,0,100,0.04,0,0.00,67637.5,6.76,0
1461,Entry short,2025-04-02 11:00,MR_Short,5685.25,10,284262.5,100,0.04,0,100,0.04,0,0.00,67637.5,6.76,0
1462,Exit short,2025-04-02 16:00,MR_Short_Exit,5751.25,10,285512.5,-2050,-0.72,0,0,0.00,-2050,-0.72,65587.5,6.56,0
1462,Entry short,2025-04-02 16:00,MR_Short,5710.25,10,285512.5,-2050,-0.72,0,0,0.00,-2050,-0.72,65587.5,6.56,0
1463,Exit long,2025-04-02 18:30,MR_Long_Exit,5519,10,275862.5,87.5,0.03,0,87.5,0.03,-362.5,-0.13,65675,6.57,0
1463,Entry long,2025-04-02 18:30,MR_Long,5517.25,10,275862.5,87.5,0.03,0,87.5,0.03,-362.5,-0.13,65675,6.57,0
1464,Exit long,2025-04-03 09:00,MR_Long_Exit,5499.25,10,274850,112.5,0.04,0,112.5,0.04,-275,-0.10,65787.5,6.58,0
1464,Entry long,2025-04-03 09:00,MR_Long,5497,10,274850,112.5,0.04,0,112.5,0.04,-275,-0.10,65787.5,6.58,0
1465,Exit long,2025-04-03 10:30,MR_Long_Exit,5492.75,10,274525,112.5,0.04,0,112.5,0.04,0,0.00,65900,6.59,0
1465,Entry long,2025-04-03 10:30,MR_Long,5490.5,10,274525,112.5,0.04,0,112.5,0.04,0,0.00,65900,6.59,0
1466,Exit short,2025-04-03 11:00,Sq_Short_Exit,5455.75,10,273050,262.5,0.10,0,312.5,0.11,0,0.00,66162.5,6.62,0
1466,Entry short,2025-04-03 11:00,Sq_Short,5461,10,273050,262.5,0.10,0,312.5,0.11,0,0.00,66162.5,6.62,0
1467,Exit long,2025-04-03 15:30,MR_Long_Exit,5451.5,10,272487.5,87.5,0.03,0,87.5,0.03,0,0.00,66250,6.63,0
1467,Entry long,2025-04-03 15:30,MR_Long,5449.75,10,272487.5,87.5,0.03,0,87.5,0.03,0,0.00,66250,6.63,0
1468,Exit long,2025-04-03 21:00,MR_Long_Exit,5425.5,10,271175,100,0.04,0,100,0.04,-200,-0.07,66350,6.64,0
1468,Entry long,2025-04-03 21:00,MR_Long,5423.5,10,271175,100,0.04,0,100,0.04,-200,-0.07,66350,6.64,0
1469,Exit long,2025-04-03 22:00,MR_Long_Exit,5416.25,10,270725,87.5,0.03,0,87.5,0.03,-25,-0.01,66437.5,6.64,0
1469,Entry long,2025-04-03 22:00,MR_Long,5414.5,10,270725,87.5,0.03,0,87.5,0.03,-25,-0.01,66437.5,6.64,0
1470,Exit long,2025-04-04 01:30,MR_Long_Exit,5417,10,270750,100,0.04,0,100,0.04,-1725,-0.64,66537.5,6.65,5
1470,Entry long,2025-04-03 23:00,MR_Long,5415,10,270750,100,0.04,0,100,0.04,-1725,-0.64,66537.5,6.65,5
1471,Exit long,2025-04-04 05:30,MR_Long_Exit,5384.5,10,269137.5,87.5,0.03,0,87.5,0.03,-312.5,-0.12,66625,6.66,0
1471,Entry long,2025-04-04 05:30,MR_Long,5382.75,10,269137.5,87.5,0.03,0,87.5,0.03,-312.5,-0.12,66625,6.66,0
1472,Exit long,2025-04-04 06:30,MR_Long_Exit,5292.75,10,264537.5,100,0.04,0,100,0.04,0,0.00,66725,6.67,0
1472,Entry long,2025-04-04 06:30,MR_Long,5290.75,10,264537.5,100,0.04,0,100,0.04,0,0.00,66725,6.67,0
1473,Exit long,2025-04-07 00:00,MR_Long_Exit,4948.75,10,247337.5,100,0.04,0,100,0.04,-1237.5,-0.50,66825,6.68,1
1473,Entry long,2025-04-06 23:30,MR_Long,4946.75,10,247337.5,100,0.04,0,100,0.04,-1237.5,-0.50,66825,6.68,1
1474,Exit long,2025-04-07 03:00,MR_Long_Exit,4865,10,243150,100,0.04,0,100,0.04,-1037.5,-0.43,66925,6.69,0
1474,Entry long,2025-04-07 03:00,MR_Long,4863,10,243150,100,0.04,0,100,0.04,-1037.5,-0.43,66925,6.69,0
1475,Exit short,2025-04-07 07:30,MR_Short_Exit,5011.75,10,250700,112.5,0.04,0,112.5,0.04,-225,-0.09,67037.5,6.70,0
1475,Entry short,2025-04-07 07:30,MR_Short,5014,10,250700,112.5,0.04,0,112.5,0.04,-225,-0.09,67037.5,6.70,0
1476,Exit long,2025-04-07 11:00,MR_Short,5111.25,10,255562.5,0,0.00,0,0,0.00,0,0.00,67037.5,6.70,0
1476,Entry long,2025-04-07 11:00,Sq_Long,5111.25,10,255562.5,0,0.00,0,0,0.00,0,0.00,67037.5,6.70,0
1477,Exit long,2025-04-07 11:00,Sq_Long_Exit,5149,10,255562.5,1887.5,0.74,0,1937.5,0.76,0,0.00,68925,6.89,0
1477,Entry long,2025-04-07 11:00,Sq_Long,5111.25,10,255562.5,1887.5,0.74,0,1937.5,0.76,0,0.00,68925,6.89,0
1478,Exit long,2025-04-07 14:00,MR_Short,5143.25,10,257162.5,0,0.00,0,0,0.00,0,0.00,68925,6.89,0
1478,Entry long,2025-04-07 14:00,Sq_Long,5143.25,10,257162.5,0,0.00,0,0,0.00,0,0.00,68925,6.89,0
1479,Exit long,2025-04-07 14:00,Sq_Long_Exit,5157.25,10,257162.5,700,0.27,0,750,0.29,0,0.00,69625,6.96,0
1479,Entry long,2025-04-07 14:00,Sq_Long,5143.25,10,257162.5,700,0.27,0,750,0.29,0,0.00,69625,6.96,0
1480,Exit short,2025-04-08 08:00,MR_Short_Exit,5233.5,10,261750,75,0.03,0,75,0.03,-637.5,-0.24,69700,6.97,0
1480,Entry short,2025-04-08 08:00,MR_Short,5235,10,261750,75,0.03,0,75,0.03,-637.5,-0.24,69700,6.97,0
1481,Exit long,2025-04-08 09:30,MR_Short,5272.25,10,263612.5,0,0.00,0,0,0.00,0,0.00,69700,6.97,0
1481,Entry long,2025-04-08 09:30,Sq_Long,5272.25,10,263612.5,0,0.00,0,0,0.00,0,0.00,69700,6.97,0
1482,Exit long,2025-04-08 09:30,Sq_Long_Exit,5286,10,263612.5,687.5,0.26,0,737.5,0.28,0,0.00,70387.5,7.04,0
1482,Entry long,2025-04-08 09:30,Sq_Long,5272.25,10,263612.5,687.5,0.26,0,737.5,0.28,0,0.00,70387.5,7.04,0
1483,Exit long,2025-04-08 13:00,MR_Long_Exit,5125.75,10,256162.5,125,0.05,0,125,0.05,0,0.00,70512.5,7.05,0
1483,Entry long,2025-04-08 13:00,MR_Long,5123.25,10,256162.5,125,0.05,0,125,0.05,0,0.00,70512.5,7.05,0
1484,Exit long,2025-04-09 00:30,MR_Long_Exit,4893.25,10,244550,112.5,0.05,0,112.5,0.05,-325,-0.13,70625,7.06,0
1484,Entry long,2025-04-09 00:30,MR_Long,4891,10,244550,112.5,0.05,0,112.5,0.05,-325,-0.13,70625,7.06,0
1485,Exit long,2025-04-09 04:00,MR_Short,5034,10,251700,0,0.00,0,0,0.00,0,0.00,70625,7.06,0
1485,Entry long,2025-04-09 04:00,Sq_Long,5034,10,251700,0,0.00,0,0,0.00,0,0.00,70625,7.06,0
1486,Exit long,2025-04-09 04:00,Sq_Long_Exit,5049,10,251700,750,0.30,0,800,0.32,0,0.00,71375,7.14,0
1486,Entry long,2025-04-09 04:00,Sq_Long,5034,10,251700,750,0.30,0,800,0.32,0,0.00,71375,7.14,0
1487,Exit short,2025-04-09 05:00,MR_Short_Exit,5026.75,10,251450,112.5,0.04,0,112.5,0.04,-637.5,-0.25,71487.5,7.15,0
1487,Entry short,2025-04-09 05:00,MR_Short,5029,10,251450,112.5,0.04,0,112.5,0.04,-637.5,-0.25,71487.5,7.15,0
1488,Exit long,2025-04-09 13:30,MR_Short,5293.75,10,264687.5,0,0.00,0,0,0.00,0,0.00,71487.5,7.15,0
1488,Entry long,2025-04-09 13:30,Sq_Long,5293.75,10,264687.5,0,0.00,0,0,0.00,0,0.00,71487.5,7.15,0
1489,Exit long,2025-04-09 13:30,Sq_Long_Exit,5419.25,10,264687.5,6275,2.37,0,6325,2.39,-537.5,-0.20,77762.5,7.78,0
1489,Entry long,2025-04-09 13:30,Sq_Long,5293.75,10,264687.5,6275,2.37,0,6325,2.39,-537.5,-0.20,77762.5,7.78,0
1490,Exit long,2025-04-10 04:00,MR_Long_Exit,5403.25,10,270062.5,100,0.04,0,100,0.04,0,0.00,77862.5,7.79,0
1490,Entry long,2025-04-10 04:00,MR_Long,5401.25,10,270062.5,100,0.04,0,100,0.04,0,0.00,77862.5,7.79,0
1491,Exit short,2025-04-10 04:30,Sq_Short_Exit,5360.75,10,269712.5,1675,0.62,0,1725,0.64,-312.5,-0.12,79537.5,7.95,0
1491,Entry short,2025-04-10 04:30,Sq_Short,5394.25,10,269712.5,1675,0.62,0,1725,0.64,-312.5,-0.12,79537.5,7.95,0
1492,Exit long,2025-04-10 10:00,MR_Long_Exit,5345.25,10,267162.5,100,0.04,0,100,0.04,0,0.00,79637.5,7.96,0
1492,Entry long,2025-04-10 10:00,MR_Long,5343.25,10,267162.5,100,0.04,0,100,0.04,0,0.00,79637.5,7.96,0
1493,Exit short,2025-04-11 02:30,MR_Short_Exit,5355.75,10,267900,112.5,0.04,0,112.5,0.04,-1075,-0.40,79750,7.98,1
1493,Entry short,2025-04-11 02:00,MR_Short,5358,10,267900,112.5,0.04,0,112.5,0.04,-1075,-0.40,79750,7.98,1
1494,Exit short,2025-04-11 14:00,MR_Short_Exit,5397.25,10,269962.5,100,0.04,0,100,0.04,-200,-0.07,79850,7.99,0
1494,Entry short,2025-04-11 14:00,MR_Short,5399.25,10,269962.5,100,0.04,0,100,0.04,-200,-0.07,79850,7.99,0
1495,Exit short,2025-04-11 15:30,MR_Short_Exit,5397.75,10,269975,87.5,0.03,0,87.5,0.03,-375,-0.14,79937.5,7.99,0
1495,Entry short,2025-04-11 15:30,MR_Short,5399.5,10,269975,87.5,0.03,0,87.5,0.03,-375,-0.14,79937.5,7.99,0
1496,Exit short,2025-04-13 18:30,MR_Short_Exit,5411.5,10,270687.5,112.5,0.04,0,112.5,0.04,0,0.00,80050,8.00,0
1496,Entry short,2025-04-13 18:30,MR_Short,5413.75,10,270687.5,112.5,0.04,0,112.5,0.04,0,0.00,80050,8.00,0
1497,Exit short,2025-04-14 09:30,MR_Short_Exit,5491,10,274662.5,112.5,0.04,0,112.5,0.04,-162.5,-0.06,80162.5,8.02,0
1497,Entry short,2025-04-14 09:30,MR_Short,5493.25,10,274662.5,112.5,0.04,0,112.5,0.04,-162.5,-0.06,80162.5,8.02,0
1498,Exit long,2025-04-14 12:00,MR_Long_Exit,5412,10,270500,100,0.04,0,100,0.04,-950,-0.35,80262.5,8.03,0
1498,Entry long,2025-04-14 12:00,MR_Long,5410,10,270500,100,0.04,0,100,0.04,-950,-0.35,80262.5,8.03,0
1499,Exit short,2025-04-14 13:00,Sq_Short_Exit,5406.5,10,270387.5,62.5,0.02,0,112.5,0.04,0,0.00,80325,8.03,0
1499,Entry short,2025-04-14 13:00,Sq_Short,5407.75,10,270387.5,62.5,0.02,0,112.5,0.04,0,0.00,80325,8.03,0
1500,Exit short,2025-04-15 04:00,MR_Short_Exit,5453.5,10,272775,100,0.04,0,100,0.04,-400,-0.15,80425,8.04,1
1500,Entry short,2025-04-15 03:30,MR_Short,5455.5,10,272775,100,0.04,0,100,0.04,-400,-0.15,80425,8.04,1
1501,Exit long,2025-04-15 18:30,MR_Long_Exit,5394,10,269587.5,112.5,0.04,0,112.5,0.04,0,0.00,80537.5,8.05,0
1501,Entry long,2025-04-15 18:30,MR_Long,5391.75,10,269587.5,112.5,0.04,0,112.5,0.04,0,0.00,80537.5,8.05,0
1502,Exit long,2025-04-16 14:00,MR_Long_Exit,5291,10,264450,100,0.04,0,100,0.04,-37.5,-0.01,80637.5,8.06,0
1502,Entry long,2025-04-16 14:00,MR_Long,5289,10,264450,100,0.04,0,100,0.04,-37.5,-0.01,80637.5,8.06,0
1503,Exit short,2025-04-17 01:00,MR_Short_Exit,5342.5,10,267225,100,0.04,0,100,0.04,-125,-0.05,80737.5,8.07,2
1503,Entry short,2025-04-17 00:00,MR_Short,5344.5,10,267225,100,0.04,0,100,0.04,-125,-0.05,80737.5,8.07,2
1504,Exit short,2025-04-17 03:30,MR_Short_Exit,5367.75,10,268487.5,100,0.04,0,100,0.04,-12.5,0.00,80837.5,8.08,0
1504,Entry short,2025-04-17 03:30,MR_Short,5369.75,10,268487.5,100,0.04,0,100,0.04,-12.5,0.00,80837.5,8.08,0
1505,Exit long,2025-04-17 10:30,Sq_Short,5299.75,10,264987.5,0,0.00,0,0,0.00,0,0.00,80837.5,8.08,0
1505,Entry long,2025-04-17 10:30,MR_Long,5299.75,10,264987.5,0,0.00,0,0,0.00,0,0.00,80837.5,8.08,0
1506,Exit short,2025-04-17 10:30,Sq_Short_Exit,5286.5,10,264987.5,662.5,0.25,0,712.5,0.27,-487.5,-0.18,81500,8.15,0
1506,Entry short,2025-04-17 10:30,Sq_Short,5299.75,10,264987.5,662.5,0.25,0,712.5,0.27,-487.5,-0.18,81500,8.15,0
1507,Exit long,2025-04-20 21:30,MR_Long_Exit,5281,10,263950,100,0.04,0,100,0.04,-100,-0.04,81600,8.16,0
1507,Entry long,2025-04-20 21:30,MR_Long,5279,10,263950,100,0.04,0,100,0.04,-100,-0.04,81600,8.16,0
1508,Exit long,2025-04-21 01:00,MR_Long_Exit,5270.75,10,263437.5,100,0.04,0,100,0.04,-50,-0.02,81700,8.17,0
1508,Entry long,2025-04-21 01:00,MR_Long,5268.75,10,263437.5,100,0.04,0,100,0.04,-50,-0.02,81700,8.17,0
1509,Exit long,2025-04-21 04:00,MR_Long_Exit,5255.75,10,262700,87.5,0.03,0,87.5,0.03,-100,-0.04,81787.5,8.18,0
1509,Entry long,2025-04-21 04:00,MR_Long,5254,10,262700,87.5,0.03,0,87.5,0.03,-100,-0.04,81787.5,8.18,0
1510,Exit long,2025-04-21 10:00,Sq_Short,5220.5,10,261025,0,0.00,0,0,0.00,0,0.00,81787.5,8.18,0
1510,Entry long,2025-04-21 10:00,MR_Long,5220.5,10,261025,0,0.00,0,0,0.00,0,0.00,81787.5,8.18,0
1511,Exit short,2025-04-21 10:00,Sq_Short_Exit,5197.5,10,261025,1150,0.44,0,1200,0.46,0,0.00,82937.5,8.29,0
1511,Entry short,2025-04-21 10:00,Sq_Short,5220.5,10,261025,1150,0.44,0,1200,0.46,0,0.00,82937.5,8.29,0
1512,Exit short,2025-04-21 20:00,MR_Short_Exit,5203.5,10,260275,100,0.04,0,100,0.04,0,0.00,83037.5,8.30,0
1512,Entry short,2025-04-21 20:00,MR_Short,5205.5,10,260275,100,0.04,0,100,0.04,0,0.00,83037.5,8.30,0
1513,Exit short,2025-04-22 03:00,MR_Short_Exit,5246.25,10,262412.5,100,0.04,0,100,0.04,-312.5,-0.12,83137.5,8.31,0
1513,Entry short,2025-04-22 03:00,MR_Short,5248.25,10,262412.5,100,0.04,0,100,0.04,-312.5,-0.12,83137.5,8.31,0
1514,Exit short,2025-04-22 05:00,MR_Short_Exit,5234.5,10,261837.5,112.5,0.04,0,112.5,0.04,-125,-0.05,83250,8.33,0
1514,Entry short,2025-04-22 05:00,MR_Short,5236.75,10,261837.5,112.5,0.04,0,112.5,0.04,-125,-0.05,83250,8.33,0
1515,Exit short,2025-04-22 09:30,MR_Short_Exit,5243.75,10,262275,87.5,0.03,0,87.5,0.03,0,0.00,83337.5,8.33,0
1515,Entry short,2025-04-22 09:30,MR_Short,5245.5,10,262275,87.5,0.03,0,87.5,0.03,0,0.00,83337.5,8.33,0
1516,Exit short,2025-04-22 15:00,MR_Short_Exit,5297.25,10,264962.5,100,0.04,0,100,0.04,-962.5,-0.36,83437.5,8.34,1
1516,Entry short,2025-04-22 14:30,MR_Short,5299.25,10,264962.5,100,0.04,0,100,0.04,-962.5,-0.36,83437.5,8.34,1
1517,Exit short,2025-04-22 16:00,MR_Short_Exit,5312.25,10,265725,112.5,0.04,0,112.5,0.04,0,0.00,83550,8.36,0
1517,Entry short,2025-04-22 16:00,MR_Short,5314.5,10,265725,112.5,0.04,0,112.5,0.04,0,0.00,83550,8.36,0
1518,Exit short,2025-04-23 05:30,MR_Short_Exit,5423.5,10,271275,100,0.04,0,100,0.04,-287.5,-0.11,83650,8.37,1
1518,Entry short,2025-04-23 05:00,MR_Short,5425.5,10,271275,100,0.04,0,100,0.04,-287.5,-0.11,83650,8.37,1
1519,Exit short,2025-04-23 09:00,MR_Short_Exit,5437,10,271962.5,112.5,0.04,0,112.5,0.04,-875,-0.32,83762.5,8.38,1
1519,Entry short,2025-04-23 08:30,MR_Short,5439.25,10,271962.5,112.5,0.04,0,112.5,0.04,-875,-0.32,83762.5,8.38,1
1520,Exit long,2025-04-23 15:30,MR_Long_Exit,5393.75,10,269600,87.5,0.03,0,87.5,0.03,-412.5,-0.15,83850,8.39,0
1520,Entry long,2025-04-23 15:30,MR_Long,5392,10,269600,87.5,0.03,0,87.5,0.03,-412.5,-0.15,83850,8.39,0
1521,Exit long,2025-04-24 04:30,MR_Long_Exit,5367.5,10,268275,100,0.04,0,100,0.04,0,0.00,83950,8.40,0
1521,Entry long,2025-04-24 04:30,MR_Long,5365.5,10,268275,100,0.04,0,100,0.04,0,0.00,83950,8.40,0
1522,Exit short,2025-04-24 06:30,Sq_Short_Exit,5405.75,10,268250,-2037.5,-0.76,0,12.5,0.00,-2037.5,-0.76,81912.5,8.19,3
1522,Entry short,2025-04-24 05:00,Sq_Short,5365,10,268250,-2037.5,-0.76,0,12.5,0.00,-2037.5,-0.76,81912.5,8.19,3
1523,Exit short,2025-04-24 09:30,MR_Short_Exit,5409.5,10,270587.5,112.5,0.04,0,112.5,0.04,0,0.00,82025,8.20,0
1523,Entry short,2025-04-24 09:30,MR_Short,5411.75,10,270587.5,112.5,0.04,0,112.5,0.04,0,0.00,82025,8.20,0
1524,Exit long,2025-04-24 10:00,Sq_Long_Exit,5468,10,271975,1425,0.52,0,1475,0.54,-225,-0.08,83450,8.34,0
1524,Entry long,2025-04-24 10:00,Sq_Long,5439.5,10,271975,1425,0.52,0,1475,0.54,-225,-0.08,83450,8.34,0
1525,Exit long,2025-04-25 07:00,MR_Long_Exit,5490.75,10,274450,87.5,0.03,0,87.5,0.03,-37.5,-0.01,83537.5,8.35,0
1525,Entry long,2025-04-25 07:00,MR_Long,5489,10,274450,87.5,0.03,0,87.5,0.03,-37.5,-0.01,83537.5,8.35,0
1526,Exit long,2025-04-25 08:00,MR_Long_Exit,5500.5,10,274912.5,112.5,0.04,0,112.5,0.04,-275,-0.10,83650,8.37,0
1526,Entry long,2025-04-25 08:00,MR_Long,5498.25,10,274912.5,112.5,0.04,0,112.5,0.04,-275,-0.10,83650,8.37,0
1527,Exit long,2025-04-25 10:00,MR_Long_Exit,5494.25,10,274600,112.5,0.04,0,112.5,0.04,-487.5,-0.18,83762.5,8.38,0
1527,Entry long,2025-04-25 10:00,MR_Long,5492,10,274600,112.5,0.04,0,112.5,0.04,-487.5,-0.18,83762.5,8.38,0
1528,Exit short,2025-04-25 13:30,MR_Short_Exit,5551.75,10,277687.5,100,0.04,0,100,0.04,-12.5,0.00,83862.5,8.39,0
1528,Entry short,2025-04-25 13:30,MR_Short,5553.75,10,277687.5,100,0.04,0,100,0.04,-12.5,0.00,83862.5,8.39,0
1529,Exit short,2025-04-25 16:00,MR_Short_Exit,5546.5,10,277412.5,87.5,0.03,0,87.5,0.03,0,0.00,83950,8.40,0
1529,Entry short,2025-04-25 16:00,MR_Short,5548.25,10,277412.5,87.5,0.03,0,87.5,0.03,0,0.00,83950,8.40,0
1530,Exit short,2025-04-28 05:30,MR_Short_Exit,5544.25,10,277312.5,100,0.04,0,100,0.04,0,0.00,84050,8.40,0
1530,Entry short,2025-04-28 05:30,MR_Short,5546.25,10,277312.5,100,0.04,0,100,0.04,0,0.00,84050,8.40,0
1531,Exit short,2025-04-28 09:30,MR_Short_Exit,5550,10,277612.5,112.5,0.04,0,112.5,0.04,-537.5,-0.19,84162.5,8.42,1
1531,Entry short,2025-04-28 09:00,MR_Short,5552.25,10,277612.5,112.5,0.04,0,112.5,0.04,-537.5,-0.19,84162.5,8.42,1
1532,Exit long,2025-04-28 11:30,MR_Long_Exit,5517.25,10,275762.5,100,0.04,0,100,0.04,-75,-0.03,84262.5,8.43,0
1532,Entry long,2025-04-28 11:30,MR_Long,5515.25,10,275762.5,100,0.04,0,100,0.04,-75,-0.03,84262.5,8.43,0
1533,Exit long,2025-04-28 12:30,Sq_Short,5503.25,10,275162.5,0,0.00,0,0,0.00,0,0.00,84262.5,8.43,0
1533,Entry long,2025-04-28 12:30,MR_Long,5503.25,10,275162.5,0,0.00,0,0,0.00,0,0.00,84262.5,8.43,0
1534,Exit short,2025-04-28 13:00,Sq_Short_Exit,5495.25,10,275162.5,400,0.15,0,450,0.16,-725,-0.26,84662.5,8.47,1
1534,Entry short,2025-04-28 12:30,Sq_Short,5503.25,10,275162.5,400,0.15,0,450,0.16,-725,-0.26,84662.5,8.47,1
1535,Exit short,2025-04-28 21:00,MR_Short_Exit,5556.75,10,277900,62.5,0.02,0,62.5,0.02,0,0.00,84725,8.47,0
1535,Entry short,2025-04-28 21:00,MR_Short,5558,10,277900,62.5,0.02,0,62.5,0.02,0,0.00,84725,8.47,0
1536,Exit long,2025-04-29 09:30,MR_Long_Exit,5538.75,10,276837.5,100,0.04,0,100,0.04,-787.5,-0.28,84825,8.48,1
1536,Entry long,2025-04-29 09:00,MR_Long,5536.75,10,276837.5,100,0.04,0,100,0.04,-787.5,-0.28,84825,8.48,1
1537,Exit long,2025-04-29 14:00,MR_Short,5590.5,10,279525,0,0.00,0,0,0.00,0,0.00,84825,8.48,0
1537,Entry long,2025-04-29 14:00,Sq_Long,5590.5,10,279525,0,0.00,0,0,0.00,0,0.00,84825,8.48,0
1538,Exit long,2025-04-29 14:00,Sq_Long_Exit,5596.5,10,279525,300,0.11,0,350,0.13,-350,-0.13,85125,8.51,0
1538,Entry long,2025-04-29 14:00,Sq_Long,5590.5,10,279525,300,0.11,0,350,0.13,-350,-0.13,85125,8.51,0
1539,Exit short,2025-04-29 15:30,MR_Short_Exit,5586.75,10,279437.5,100,0.04,0,100,0.04,0,0.00,85225,8.52,0
1539,Entry short,2025-04-29 15:30,MR_Short,5588.75,10,279437.5,100,0.04,0,100,0.04,0,0.00,85225,8.52,0
1540,Exit long,2025-04-29 23:30,MR_Long_Exit,5557.25,10,277762.5,100,0.04,0,100,0.04,-337.5,-0.12,85325,8.53,1
1540,Entry long,2025-04-29 23:00,MR_Long,5555.25,10,277762.5,100,0.04,0,100,0.04,-337.5,-0.12,85325,8.53,1
1541,Exit short,2025-04-30 05:30,MR_Short_Exit,5577.5,10,278975,100,0.04,0,100,0.04,-75,-0.03,85425,8.54,0
1541,Entry short,2025-04-30 05:30,MR_Short,5579.5,10,278975,100,0.04,0,100,0.04,-75,-0.03,85425,8.54,0
1542,Exit long,2025-04-30 08:30,MR_Long_Exit,5548.75,10,277400,37.5,0.01,0,37.5,0.01,0,0.00,85462.5,8.55,0
1542,Entry long,2025-04-30 08:30,MR_Long,5548,10,277400,37.5,0.01,0,37.5,0.01,0,0.00,85462.5,8.55,0
1543,Exit short,2025-04-30 16:00,MR_Short_Exit,5582.5,10,279200,75,0.03,0,75,0.03,0,0.00,85537.5,8.55,0
1543,Entry short,2025-04-30 16:00,MR_Short,5584,10,279200,75,0.03,0,75,0.03,0,0.00,85537.5,8.55,0
1544,Exit short,2025-05-01 11:00,MR_Short_Exit,5673,10,283750,100,0.04,0,100,0.04,0,0.00,85637.5,8.56,0
1544,Entry short,2025-05-01 11:00,MR_Short,5675,10,283750,100,0.04,0,100,0.04,0,0.00,85637.5,8.56,0
1545,Exit long,2025-05-01 18:30,MR_Long_Exit,5612.5,10,280512.5,112.5,0.04,0,112.5,0.04,0,0.00,85750,8.58,0
1545,Entry long,2025-05-01 18:30,MR_Long,5610.25,10,280512.5,112.5,0.04,0,112.5,0.04,0,0.00,85750,8.58,0
1546,Exit long,2025-05-01 20:00,MR_Long_Exit,5613.75,10,280600,87.5,0.03,0,87.5,0.03,-337.5,-0.12,85837.5,8.58,0
1546,Entry long,2025-05-01 20:00,MR_Long,5612,10,280600,87.5,0.03,0,87.5,0.03,-337.5,-0.12,85837.5,8.58,0
1547,Exit short,2025-05-02 00:00,MR_Short_Exit,5665.5,10,283387.5,112.5,0.04,0,112.5,0.04,0,0.00,85950,8.60,0
1547,Entry short,2025-05-02 00:00,MR_Short,5667.75,10,283387.5,112.5,0.04,0,112.5,0.04,0,0.00,85950,8.60,0
1548,Exit short,2025-05-02 01:00,MR_Short_Exit,5666.25,10,283400,87.5,0.03,0,87.5,0.03,-62.5,-0.02,86037.5,8.60,0
1548,Entry short,2025-05-02 01:00,MR_Short,5668,10,283400,87.5,0.03,0,87.5,0.03,-62.5,-0.02,86037.5,8.60,0
1549,Exit long,2025-05-02 09:00,MR_Short,5690.75,10,284537.5,0,0.00,0,0,0.00,0,0.00,86037.5,8.60,0
1549,Entry long,2025-05-02 09:00,Sq_Long,5690.75,10,284537.5,0,0.00,0,0,0.00,0,0.00,86037.5,8.60,0
1550,Exit long,2025-05-02 09:00,Sq_Long_Exit,5698.25,10,284537.5,375,0.13,0,425,0.15,-300,-0.11,86412.5,8.64,0
1550,Entry long,2025-05-02 09:00,Sq_Long,5690.75,10,284537.5,375,0.13,0,425,0.15,-300,-0.11,86412.5,8.64,0
1551,Exit short,2025-05-02 10:30,MR_Short_Exit,5701.25,10,285162.5,100,0.04,0,100,0.04,-12.5,0.00,86512.5,8.65,0
1551,Entry short,2025-05-02 10:30,MR_Short,5703.25,10,285162.5,100,0.04,0,100,0.04,-12.5,0.00,86512.5,8.65,0
1552,Exit long,2025-05-04 20:00,MR_Long_Exit,5680.25,10,283912.5,100,0.04,0,100,0.04,-125,-0.04,86612.5,8.66,0
1552,Entry long,2025-05-04 20:00,MR_Long,5678.25,10,283912.5,100,0.04,0,100,0.04,-125,-0.04,86612.5,8.66,0
1553,Exit long,2025-05-05 10:30,MR_Long_Exit,5683,10,284037.5,112.5,0.04,0,112.5,0.04,-1275,-0.45,86725,8.67,27
1553,Entry long,2025-05-04 21:00,MR_Long,5680.75,10,284037.5,112.5,0.04,0,112.5,0.04,-1275,-0.45,86725,8.67,27
1554,Exit short,2025-05-05 11:00,MR_Short_Exit,5686.75,10,284450,112.5,0.04,0,112.5,0.04,-162.5,-0.06,86837.5,8.68,0
1554,Entry short,2025-05-05 11:00,MR_Short,5689,10,284450,112.5,0.04,0,112.5,0.04,-162.5,-0.06,86837.5,8.68,0
1555,Exit long,2025-05-05 12:00,Sq_Long_Exit,5697.5,10,284450,425,0.15,0,475,0.17,-112.5,-0.04,87262.5,8.73,0
1555,Entry long,2025-05-05 12:00,Sq_Long,5689,10,284450,425,0.15,0,475,0.17,-112.5,-0.04,87262.5,8.73,0
1556,Exit long,2025-05-05 20:30,MR_Long_Exit,5667.5,10,283275,100,0.04,0,100,0.04,0,0.00,87362.5,8.74,0
1556,Entry long,2025-05-05 20:30,MR_Long,5665.5,10,283275,100,0.04,0,100,0.04,0,0.00,87362.5,8.74,0
1557,Exit long,2025-05-06 01:00,MR_Long_Exit,5659.75,10,282887.5,100,0.04,0,100,0.04,-125,-0.04,87462.5,8.75,1
1557,Entry long,2025-05-06 00:30,MR_Long,5657.75,10,282887.5,100,0.04,0,100,0.04,-125,-0.04,87462.5,8.75,1
1558,Exit long,2025-05-06 01:30,MR_Long_Exit,5656.25,10,282725,87.5,0.03,0,87.5,0.03,0,0.00,87550,8.76,0
1558,Entry long,2025-05-06 01:30,MR_Long,5654.5,10,282725,87.5,0.03,0,87.5,0.03,0,0.00,87550,8.76,0
1559,Exit long,2025-05-06 04:00,Sq_Short,5641.5,10,282075,0,0.00,0,0,0.00,0,0.00,87550,8.76,0
1559,Entry long,2025-05-06 04:00,MR_Long,5641.5,10,282075,0,0.00,0,0,0.00,0,0.00,87550,8.76,0
1560,Exit short,2025-05-06 04:30,Sq_Short_Exit,5626.5,10,282075,750,0.27,0,800,0.28,-62.5,-0.02,88300,8.83,1
1560,Entry short,2025-05-06 04:00,Sq_Short,5641.5,10,282075,750,0.27,0,800,0.28,-62.5,-0.02,88300,8.83,1
1561,Exit long,2025-05-06 07:30,MR_Long_Exit,5630,10,281387.5,112.5,0.04,0,112.5,0.04,0,0.00,88412.5,8.84,0
1561,Entry long,2025-05-06 07:30,MR_Long,5627.75,10,281387.5,112.5,0.04,0,112.5,0.04,0,0.00,88412.5,8.84,0
1562,Exit short,2025-05-06 18:30,MR_Short_Exit,5673,10,283762.5,112.5,0.04,0,112.5,0.04,-137.5,-0.05,88525,8.85,0
1562,Entry short,2025-05-06 18:30,MR_Short,5675.25,10,283762.5,112.5,0.04,0,112.5,0.04,-137.5,-0.05,88525,8.85,0
1563,Exit short,2025-05-06 20:00,MR_Short_Exit,5669.75,10,283575,87.5,0.03,0,87.5,0.03,-187.5,-0.07,88612.5,8.86,0
1563,Entry short,2025-05-06 20:00,MR_Short,5671.5,10,283575,87.5,0.03,0,87.5,0.03,-187.5,-0.07,88612.5,8.86,0
1564,Exit long,2025-05-07 09:30,MR_Long_Exit,5640.25,10,281912.5,100,0.04,0,100,0.04,-362.5,-0.13,88712.5,8.87,0
1564,Entry long,2025-05-07 09:30,MR_Long,5638.25,10,281912.5,100,0.04,0,100,0.04,-362.5,-0.13,88712.5,8.87,0
1565,Exit long,2025-05-07 11:30,MR_Long_Exit,5633,10,281550,100,0.04,0,100,0.04,-550,-0.20,88812.5,8.88,1
1565,Entry long,2025-05-07 11:00,MR_Long,5631,10,281550,100,0.04,0,100,0.04,-550,-0.20,88812.5,8.88,1
1566,Exit long,2025-05-07 12:30,MR_Long_Exit,5630.5,10,281437.5,87.5,0.03,0,87.5,0.03,-75,-0.03,88900,8.89,0
1566,Entry long,2025-05-07 12:30,MR_Long,5628.75,10,281437.5,87.5,0.03,0,87.5,0.03,-75,-0.03,88900,8.89,0
1567,Exit long,2025-05-07 14:30,MR_Long_Exit,5618,10,280787.5,112.5,0.04,0,112.5,0.04,-337.5,-0.12,89012.5,8.90,0
1567,Entry long,2025-05-07 14:30,MR_Long,5615.75,10,280787.5,112.5,0.04,0,112.5,0.04,-337.5,-0.12,89012.5,8.90,0
1568,Exit long,2025-05-07 21:30,MR_Short,5679,10,283950,0,0.00,0,0,0.00,0,0.00,89012.5,8.90,0
1568,Entry long,2025-05-07 21:30,Sq_Long,5679,10,283950,0,0.00,0,0,0.00,0,0.00,89012.5,8.90,0
1569,Exit long,2025-05-07 21:30,Sq_Long_Exit,5680,10,283950,50,0.02,0,100,0.04,0,0.00,89062.5,8.91,0
1569,Entry long,2025-05-07 21:30,Sq_Long,5679,10,283950,50,0.02,0,100,0.04,0,0.00,89062.5,8.91,0
1570,Exit short,2025-05-08 03:30,MR_Short_Exit,5694.75,10,284850,112.5,0.04,0,112.5,0.04,-112.5,-0.04,89175,8.92,0
1570,Entry short,2025-05-08 03:30,MR_Short,5697,10,284850,112.5,0.04,0,112.5,0.04,-112.5,-0.04,89175,8.92,0
1571,Exit short,2025-05-08 07:30,MR_Short_Exit,5698.75,10,285037.5,100,0.04,0,100,0.04,-850,-0.30,89275,8.93,6
1571,Entry short,2025-05-08 04:30,MR_Short,5700.75,10,285037.5,100,0.04,0,100,0.04,-850,-0.30,89275,8.93,6
1572,Exit long,2025-05-08 10:00,Sq_Short,5677.75,10,283887.5,0,0.00,0,0,0.00,0,0.00,89275,8.93,0
1572,Entry long,2025-05-08 10:00,MR_Long,5677.75,10,283887.5,0,0.00,0,0,0.00,0,0.00,89275,8.93,0
1573,Exit short,2025-05-08 10:00,Sq_Short_Exit,5660,10,283887.5,887.5,0.31,0,937.5,0.33,-337.5,-0.12,90162.5,9.02,0
1573,Entry short,2025-05-08 10:00,Sq_Short,5677.75,10,283887.5,887.5,0.31,0,937.5,0.33,-337.5,-0.12,90162.5,9.02,0
1574,Exit long,2025-05-08 11:00,MR_Long_Exit,5664,10,283087.5,112.5,0.04,0,112.5,0.04,-262.5,-0.09,90275,9.03,0
1574,Entry long,2025-05-08 11:00,MR_Long,5661.75,10,283087.5,112.5,0.04,0,112.5,0.04,-262.5,-0.09,90275,9.03,0
1575,Exit short,2025-05-08 13:00,MR_Short_Exit,5737,10,286937.5,87.5,0.03,0,87.5,0.03,-50,-0.02,90362.5,9.04,0
1575,Entry short,2025-05-08 13:00,MR_Short,5738.75,10,286937.5,87.5,0.03,0,87.5,0.03,-50,-0.02,90362.5,9.04,0
1576,Exit long,2025-05-08 20:30,MR_Long_Exit,5671.25,10,283462.5,100,0.04,0,100,0.04,-200,-0.07,90462.5,9.05,0
1576,Entry long,2025-05-08 20:30,MR_Long,5669.25,10,283462.5,100,0.04,0,100,0.04,-200,-0.07,90462.5,9.05,0
1577,Exit short,2025-05-11 18:30,MR_Short_Exit,5739,10,287050,100,0.03,0,100,0.03,-137.5,-0.05,90562.5,9.06,0
1577,Entry short,2025-05-11 18:30,MR_Short,5741,10,287050,100,0.03,0,100,0.03,-137.5,-0.05,90562.5,9.06,0
1578,Exit short,2025-05-12 19:30,MR_Short_Exit,5865.75,10,293387.5,100,0.03,0,100,0.03,-25,-0.01,90662.5,9.07,0
1578,Entry short,2025-05-12 19:30,MR_Short,5867.75,10,293387.5,100,0.03,0,100,0.03,-25,-0.01,90662.5,9.07,0
1579,Exit short,2025-05-13 08:30,MR_Short_Exit,5863.5,10,293350,175,0.06,0,175,0.06,0,0.00,90837.5,9.08,0
1579,Entry short,2025-05-13 08:30,MR_Short,5867,10,293350,175,0.06,0,175,0.06,0,0.00,90837.5,9.08,0
1580,Exit long,2025-05-13 09:30,Sq_Long_Exit,5889.25,10,293487.5,975,0.33,0,1025,0.35,-300,-0.10,91812.5,9.18,0
1580,Entry long,2025-05-13 09:30,Sq_Long,5869.75,10,293487.5,975,0.33,0,1025,0.35,-300,-0.10,91812.5,9.18,0
1581,Exit short,2025-05-14 07:30,MR_Short_Exit,5917.75,10,295975,87.5,0.03,0,87.5,0.03,-137.5,-0.05,91900,9.19,0
1581,Entry short,2025-05-14 07:30,MR_Short,5919.5,10,295975,87.5,0.03,0,87.5,0.03,-137.5,-0.05,91900,9.19,0
1582,Exit long,2025-05-15 02:00,MR_Long_Exit,5890.5,10,294425,100,0.03,0,100,0.03,-62.5,-0.02,92000,9.20,0
1582,Entry long,2025-05-15 02:00,MR_Long,5888.5,10,294425,100,0.03,0,100,0.03,-62.5,-0.02,92000,9.20,0
1583,Exit long,2025-05-15 04:00,MR_Long_Exit,5880.75,10,293925,112.5,0.04,0,112.5,0.04,-62.5,-0.02,92112.5,9.21,0
1583,Entry long,2025-05-15 04:00,MR_Long,5878.5,10,293925,112.5,0.04,0,112.5,0.04,-62.5,-0.02,92112.5,9.21,0
1584,Exit short,2025-05-15 04:30,Sq_Short_Exit,5868.25,10,294087.5,675,0.23,0,725,0.25,-12.5,0.00,92787.5,9.28,0
1584,Entry short,2025-05-15 04:30,Sq_Short,5881.75,10,294087.5,675,0.23,0,725,0.25,-12.5,0.00,92787.5,9.28,0
1585,Exit long,2025-05-15 11:30,MR_Short,5918,10,295900,0,0.00,0,0,0.00,0,0.00,92787.5,9.28,0
1585,Entry long,2025-05-15 11:30,Sq_Long,5918,10,295900,0,0.00,0,0,0.00,0,0.00,92787.5,9.28,0
1586,Exit long,2025-05-15 11:30,Sq_Long_Exit,5929.75,10,295900,587.5,0.20,0,637.5,0.22,-150,-0.05,93375,9.34,0
1586,Entry long,2025-05-15 11:30,Sq_Long,5918,10,295900,587.5,0.20,0,637.5,0.22,-150,-0.05,93375,9.34,0
1587,Exit short,2025-05-15 16:00,MR_Short_Exit,5936.25,10,296925,112.5,0.04,0,112.5,0.04,-150,-0.05,93487.5,9.35,0
1587,Entry short,2025-05-15 16:00,MR_Short,5938.5,10,296925,112.5,0.04,0,112.5,0.04,-150,-0.05,93487.5,9.35,0
1588,Exit short,2025-05-16 09:00,MR_Short_Exit,5942.25,10,297200,87.5,0.03,0,87.5,0.03,-712.5,-0.24,93575,9.36,10
1588,Entry short,2025-05-16 04:00,MR_Short,5944,10,297200,87.5,0.03,0,87.5,0.03,-712.5,-0.24,93575,9.36,10
1589,Exit short,2025-05-16 13:30,MR_Short_Exit,5961.25,10,298175,112.5,0.04,0,112.5,0.04,-187.5,-0.06,93687.5,9.37,0
1589,Entry short,2025-05-16 13:30,MR_Short,5963.5,10,298175,112.5,0.04,0,112.5,0.04,-187.5,-0.06,93687.5,9.37,0
1590,Exit long,2025-05-16 14:30,MR_Short,5965,10,298250,0,0.00,0,0,0.00,0,0.00,93687.5,9.37,0
1590,Entry long,2025-05-16 14:30,Sq_Long,5965,10,298250,0,0.00,0,0,0.00,0,0.00,93687.5,9.37,0
1591,Exit long,2025-05-16 14:30,Sq_Long_Exit,5971.75,10,298250,337.5,0.11,0,387.5,0.13,-62.5,-0.02,94025,9.40,0
1591,Entry long,2025-05-16 14:30,Sq_Long,5965,10,298250,337.5,0.11,0,387.5,0.13,-62.5,-0.02,94025,9.40,0
1592,Exit long,2025-05-18 18:30,MR_Long_Exit,5933.75,10,296575,112.5,0.04,0,112.5,0.04,-150,-0.05,94137.5,9.41,0
1592,Entry long,2025-05-18 18:30,MR_Long,5931.5,10,296575,112.5,0.04,0,112.5,0.04,-150,-0.05,94137.5,9.41,0
1593,Exit long,2025-05-18 20:30,MR_Long_Exit,5930.5,10,296425,100,0.03,0,100,0.03,0,0.00,94237.5,9.42,0
1593,Entry long,2025-05-18 20:30,MR_Long,5928.5,10,296425,100,0.03,0,100,0.03,0,0.00,94237.5,9.42,0
1594,Exit long,2025-05-19 10:00,MR_Short,5943.5,10,297175,0,0.00,0,0,0.00,0,0.00,94237.5,9.42,0
1594,Entry long,2025-05-19 10:00,Sq_Long,5943.5,10,297175,0,0.00,0,0,0.00,0,0.00,94237.5,9.42,0
1595,Exit long,2025-05-19 10:00,Sq_Long_Exit,5963.75,10,297175,1012.5,0.34,0,1062.5,0.36,-87.5,-0.03,95250,9.53,0
1595,Entry long,2025-05-19 10:00,Sq_Long,5943.5,10,297175,1012.5,0.34,0,1062.5,0.36,-87.5,-0.03,95250,9.53,0
1596,Exit long,2025-05-20 02:00,MR_Long_Exit,5961.75,10,297975,112.5,0.04,0,112.5,0.04,0,0.00,95362.5,9.54,0
1596,Entry long,2025-05-20 02:00,MR_Long,5959.5,10,297975,112.5,0.04,0,112.5,0.04,0,0.00,95362.5,9.54,0
1597,Exit long,2025-05-20 14:30,MR_Long_Exit,5941,10,296937.5,112.5,0.04,0,112.5,0.04,-125,-0.04,95475,9.55,0
1597,Entry long,2025-05-20 14:30,MR_Long,5938.75,10,296937.5,112.5,0.04,0,112.5,0.04,-125,-0.04,95475,9.55,0
1598,Exit short,2025-05-20 15:00,Sq_Short_Exit,5927.5,10,296975,600,0.20,0,650,0.22,-387.5,-0.13,96075,9.61,0
1598,Entry short,2025-05-20 15:00,Sq_Short,5939.5,10,296975,600,0.20,0,650,0.22,-387.5,-0.13,96075,9.61,0
1599,Exit long,2025-05-21 03:30,MR_Long_Exit,5934.25,10,296612.5,100,0.03,0,100,0.03,-450,-0.15,96175,9.62,3
1599,Entry long,2025-05-21 02:00,MR_Long,5932.25,10,296612.5,100,0.03,0,100,0.03,-450,-0.15,96175,9.62,3
1600,Exit long,2025-05-21 05:00,MR_Long_Exit,5929,10,296350,100,0.03,0,100,0.03,0,0.00,96275,9.63,0
1600,Entry long,2025-05-21 05:00,MR_Long,5927,10,296350,100,0.03,0,100,0.03,0,0.00,96275,9.63,0
1601,Exit short,2025-05-21 11:30,MR_Short_Exit,5946.25,10,297400,87.5,0.03,0,87.5,0.03,-212.5,-0.07,96362.5,9.64,0
1601,Entry short,2025-05-21 11:30,MR_Short,5948,10,297400,87.5,0.03,0,87.5,0.03,-212.5,-0.07,96362.5,9.64,0
1602,Exit long,2025-05-21 12:00,Sq_Long_Exit,5952.25,10,297375,237.5,0.08,0,287.5,0.10,-150,-0.05,96600,9.66,0
1602,Entry long,2025-05-21 12:00,Sq_Long,5947.5,10,297375,237.5,0.08,0,287.5,0.10,-150,-0.05,96600,9.66,0
1603,Exit long,2025-05-21 13:30,MR_Long_Exit,5878.25,10,293825,87.5,0.03,0,87.5,0.03,-462.5,-0.16,96687.5,9.67,0
1603,Entry long,2025-05-21 13:30,MR_Long,5876.5,10,293825,87.5,0.03,0,87.5,0.03,-462.5,-0.16,96687.5,9.67,0
1604,Exit long,2025-05-22 08:00,MR_Long_Exit,5840.5,10,291925,100,0.03,0,100,0.03,0,0.00,96787.5,9.68,0
1604,Entry long,2025-05-22 08:00,MR_Long,5838.5,10,291925,100,0.03,0,100,0.03,0,0.00,96787.5,9.68,0
1605,Exit short,2025-05-22 08:30,Sq_Short_Exit,5829,10,291500,50,0.02,0,100,0.03,0,0.00,96837.5,9.68,0
1605,Entry short,2025-05-22 08:30,Sq_Short,5830,10,291500,50,0.02,0,100,0.03,0,0.00,96837.5,9.68,0
1606,Exit short,2025-05-22 15:30,MR_Short_Exit,5885.25,10,294362.5,100,0.03,0,100,0.03,-387.5,-0.13,96937.5,9.69,1
1606,Entry short,2025-05-22 15:00,MR_Short,5887.25,10,294362.5,100,0.03,0,100,0.03,-387.5,-0.13,96937.5,9.69,1
1607,Exit long,2025-05-23 05:30,MR_Long_Exit,5846,10,292187.5,112.5,0.04,0,112.5,0.04,-12.5,0.00,97050,9.71,0
1607,Entry long,2025-05-23 05:30,MR_Long,5843.75,10,292187.5,112.5,0.04,0,112.5,0.04,-12.5,0.00,97050,9.71,0
1608,Exit long,2025-05-23 07:30,MR_Long_Exit,5840,10,291887.5,112.5,0.04,0,112.5,0.04,0,0.00,97162.5,9.72,0
1608,Entry long,2025-05-23 07:30,MR_Long,5837.75,10,291887.5,112.5,0.04,0,112.5,0.04,0,0.00,97162.5,9.72,0
1609,Exit short,2025-05-23 08:00,Sq_Short_Exit,5757.5,10,288800,925,0.32,0,975,0.34,-337.5,-0.12,98087.5,9.81,0
1609,Entry short,2025-05-23 08:00,Sq_Short,5776,10,288800,925,0.32,0,975,0.34,-337.5,-0.12,98087.5,9.81,0
1610,Exit short,2025-05-25 18:30,MR_Short_Exit,5867,10,293450,100,0.03,0,100,0.03,-100,-0.03,98187.5,9.82,0
1610,Entry short,2025-05-25 18:30,MR_Short,5869,10,293450,100,0.03,0,100,0.03,-100,-0.03,98187.5,9.82,0
1611,Exit short,2025-05-26 02:30,MR_Short_Exit,5883.25,10,294250,87.5,0.03,0,87.5,0.03,-37.5,-0.01,98275,9.83,0
1611,Entry short,2025-05-26 02:30,MR_Short,5885,10,294250,87.5,0.03,0,87.5,0.03,-37.5,-0.01,98275,9.83,0
1612,Exit short,2025-05-26 04:00,MR_Short_Exit,5889,10,294537.5,87.5,0.03,0,87.5,0.03,0,0.00,98362.5,9.84,0
1612,Entry short,2025-05-26 04:00,MR_Short,5890.75,10,294537.5,87.5,0.03,0,87.5,0.03,0,0.00,98362.5,9.84,0
1613,Exit long,2025-05-26 22:30,MR_Long_Exit,5871,10,293437.5,112.5,0.04,0,112.5,0.04,-137.5,-0.05,98475,9.85,1
1613,Entry long,2025-05-26 22:00,MR_Long,5868.75,10,293437.5,112.5,0.04,0,112.5,0.04,-137.5,-0.05,98475,9.85,1
1614,Exit long,2025-05-27 01:00,MR_Long_Exit,5870.75,10,293437.5,100,0.03,0,100,0.03,-300,-0.10,98575,9.86,3
1614,Entry long,2025-05-26 23:30,MR_Long,5868.75,10,293437.5,100,0.03,0,100,0.03,-300,-0.10,98575,9.86,3
1615,Exit short,2025-05-27 08:30,MR_Short_Exit,5889.25,10,294562.5,100,0.03,0,100,0.03,-1062.5,-0.36,98675,9.87,10
1615,Entry short,2025-05-27 03:30,MR_Short,5891.25,10,294562.5,100,0.03,0,100,0.03,-1062.5,-0.36,98675,9.87,10
1616,Exit short,2025-05-27 11:30,MR_Short_Exit,5911.25,10,295662.5,100,0.03,0,100,0.03,0,0.00,98775,9.88,0
1616,Entry short,2025-05-27 11:30,MR_Short,5913.25,10,295662.5,100,0.03,0,100,0.03,0,0.00,98775,9.88,0
1617,Exit long,2025-05-28 03:30,MR_Long_Exit,5926.75,10,296237.5,100,0.03,0,100,0.03,-112.5,-0.04,98875,9.89,0
1617,Entry long,2025-05-28 03:30,MR_Long,5924.75,10,296237.5,100,0.03,0,100,0.03,-112.5,-0.04,98875,9.89,0
1618,Exit long,2025-05-28 05:00,MR_Long_Exit,5924.5,10,296137.5,87.5,0.03,0,87.5,0.03,0,0.00,98962.5,9.90,0
1618,Entry long,2025-05-28 05:00,MR_Long,5922.75,10,296137.5,87.5,0.03,0,87.5,0.03,0,0.00,98962.5,9.90,0
1619,Exit short,2025-05-28 07:00,MR_Short_Exit,5941.25,10,297162.5,100,0.03,0,100,0.03,-62.5,-0.02,99062.5,9.91,0
1619,Entry short,2025-05-28 07:00,MR_Short,5943.25,10,297162.5,100,0.03,0,100,0.03,-62.5,-0.02,99062.5,9.91,0
1620,Exit short,2025-05-28 08:30,MR_Short_Exit,5938.25,10,297025,112.5,0.04,0,112.5,0.04,0,0.00,99175,9.92,0
1620,Entry short,2025-05-28 08:30,MR_Short,5940.5,10,297025,112.5,0.04,0,112.5,0.04,0,0.00,99175,9.92,0
1621,Exit long,2025-05-28 12:00,MR_Long_Exit,5917,10,295737.5,112.5,0.04,0,112.5,0.04,-12.5,0.00,99287.5,9.93,0
1621,Entry long,2025-05-28 12:00,MR_Long,5914.75,10,295737.5,112.5,0.04,0,112.5,0.04,-12.5,0.00,99287.5,9.93,0
1622,Exit long,2025-05-28 16:00,MR_Long_Exit,5903.5,10,295087.5,87.5,0.03,0,87.5,0.03,-587.5,-0.20,99375,9.94,0
1622,Entry long,2025-05-28 16:00,MR_Long,5901.75,10,295087.5,87.5,0.03,0,87.5,0.03,-587.5,-0.20,99375,9.94,0
1623,Exit short,2025-05-29 06:00,MR_Short_Exit,5976.75,10,298925,87.5,0.03,0,87.5,0.03,-1475,-0.49,99462.5,9.95,21
1623,Entry short,2025-05-28 19:30,MR_Short,5978.5,10,298925,87.5,0.03,0,87.5,0.03,-1475,-0.49,99462.5,9.95,21
1624,Exit long,2025-05-29 06:30,MR_Long_Exit,5971.25,10,298475,87.5,0.03,0,87.5,0.03,-250,-0.08,99550,9.96,0
1624,Entry long,2025-05-29 06:30,MR_Long,5969.5,10,298475,87.5,0.03,0,87.5,0.03,-250,-0.08,99550,9.96,0
1625,Exit short,2025-05-29 07:00,Sq_Short_Exit,5957.5,10,298512.5,637.5,0.21,0,687.5,0.23,-25,-0.01,100187.5,10.02,0
1625,Entry short,2025-05-29 07:00,Sq_Short,5970.25,10,298512.5,637.5,0.21,0,687.5,0.23,-25,-0.01,100187.5,10.02,0
1626,Exit long,2025-05-30 08:30,MR_Long_Exit,5892.5,10,294537.5,87.5,0.03,0,87.5,0.03,-100,-0.03,100275,10.03,0
1626,Entry long,2025-05-30 08:30,MR_Long,5890.75,10,294537.5,87.5,0.03,0,87.5,0.03,-100,-0.03,100275,10.03,0
1627,Exit long,2025-05-30 12:30,Sq_Short,5871.75,10,293587.5,0,0.00,0,0,0.00,0,0.00,100275,10.03,0
1627,Entry long,2025-05-30 12:30,MR_Long,5871.75,10,293587.5,0,0.00,0,0,0.00,0,0.00,100275,10.03,0
1628,Exit short,2025-05-30 12:30,Sq_Short_Exit,5854,10,293587.5,887.5,0.30,0,937.5,0.32,-212.5,-0.07,101162.5,10.12,0
1628,Entry short,2025-05-30 12:30,Sq_Short,5871.75,10,293587.5,887.5,0.30,0,937.5,0.32,-212.5,-0.07,101162.5,10.12,0
1629,Exit long,2025-06-02 03:30,MR_Long_Exit,5871.25,10,293475,87.5,0.03,0,87.5,0.03,-75,-0.03,101250,10.13,0
1629,Entry long,2025-06-02 03:30,MR_Long,5869.5,10,293475,87.5,0.03,0,87.5,0.03,-75,-0.03,101250,10.13,0
1630,Exit short,2025-06-02 11:00,MR_Short_Exit,5912,10,295700,100,0.03,0,100,0.03,-150,-0.05,101350,10.14,0
1630,Entry short,2025-06-02 11:00,MR_Short,5914,10,295700,100,0.03,0,100,0.03,-150,-0.05,101350,10.14,0
1631,Exit short,2025-06-02 12:00,MR_Short_Exit,5916.75,10,295925,87.5,0.03,0,87.5,0.03,-87.5,-0.03,101437.5,10.14,0
1631,Entry short,2025-06-02 12:00,MR_Short,5918.5,10,295925,87.5,0.03,0,87.5,0.03,-87.5,-0.03,101437.5,10.14,0
1632,Exit short,2025-06-02 13:00,MR_Short_Exit,5918.75,10,296037.5,100,0.03,0,100,0.03,0,0.00,101537.5,10.15,0
1632,Entry short,2025-06-02 13:00,MR_Short,5920.75,10,296037.5,100,0.03,0,100,0.03,0,0.00,101537.5,10.15,0
1633,Exit long,2025-06-03 00:30,MR_Long_Exit,5924,10,296100,100,0.03,0,100,0.03,-37.5,-0.01,101637.5,10.16,0
1633,Entry long,2025-06-03 00:30,MR_Long,5922,10,296100,100,0.03,0,100,0.03,-37.5,-0.01,101637.5,10.16,0
1634,Exit long,2025-06-03 03:30,MR_Long_Exit,5915,10,295675,75,0.03,0,75,0.03,-12.5,0.00,101712.5,10.17,0
1634,Entry long,2025-06-03 03:30,MR_Long,5913.5,10,295675,75,0.03,0,75,0.03,-12.5,0.00,101712.5,10.17,0
1635,Exit long,2025-06-03 04:30,MR_Long_Exit,5915.25,10,295662.5,100,0.03,0,100,0.03,-12.5,0.00,101812.5,10.18,0
1635,Entry long,2025-06-03 04:30,MR_Long,5913.25,10,295662.5,100,0.03,0,100,0.03,-12.5,0.00,101812.5,10.18,0
1636,Exit short,2025-06-03 08:00,MR_Short_Exit,5936.25,10,296912.5,100,0.03,0,100,0.03,0,0.00,101912.5,10.19,0
1636,Entry short,2025-06-03 08:00,MR_Short,5938.25,10,296912.5,100,0.03,0,100,0.03,0,0.00,101912.5,10.19,0
1637,Exit long,2025-06-03 09:30,Sq_Long_Exit,5951.75,10,297150,437.5,0.15,0,487.5,0.16,-412.5,-0.14,102350,10.24,2
1637,Entry long,2025-06-03 08:30,Sq_Long,5943,10,297150,437.5,0.15,0,487.5,0.16,-412.5,-0.14,102350,10.24,2
1638,Exit short,2025-06-03 19:00,MR_Short_Exit,5982.5,10,299237.5,112.5,0.04,0,112.5,0.04,-125,-0.04,102462.5,10.25,1
1638,Entry short,2025-06-03 18:30,MR_Short,5984.75,10,299237.5,112.5,0.04,0,112.5,0.04,-125,-0.04,102462.5,10.25,1
1639,Exit short,2025-06-04 04:30,MR_Short_Exit,5989.5,10,299575,100,0.03,0,100,0.03,-125,-0.04,102562.5,10.26,0
1639,Entry short,2025-06-04 04:30,MR_Short,5991.5,10,299575,100,0.03,0,100,0.03,-125,-0.04,102562.5,10.26,0
1640,Exit long,2025-06-04 05:30,MR_Short,5992.5,10,299625,0,0.00,0,0,0.00,0,0.00,102562.5,10.26,0
1640,Entry long,2025-06-04 05:30,Sq_Long,5992.5,10,299625,0,0.00,0,0,0.00,0,0.00,102562.5,10.26,0
1641,Exit long,2025-06-04 05:30,Sq_Long_Exit,5993.5,10,299625,50,0.02,0,100,0.03,-75,-0.03,102612.5,10.26,0
1641,Entry long,2025-06-04 05:30,Sq_Long,5992.5,10,299625,50,0.02,0,100,0.03,-75,-0.03,102612.5,10.26,0
1642,Exit short,2025-06-04 07:00,MR_Short_Exit,5992.25,10,299700,87.5,0.03,0,87.5,0.03,-25,-0.01,102700,10.27,0
1642,Entry short,2025-06-04 07:00,MR_Short,5994,10,299700,87.5,0.03,0,87.5,0.03,-25,-0.01,102700,10.27,0
1643,Exit long,2025-06-04 20:00,MR_Long_Exit,5976,10,298712.5,87.5,0.03,0,87.5,0.03,-37.5,-0.01,102787.5,10.28,0
1643,Entry long,2025-06-04 20:00,MR_Long,5974.25,10,298712.5,87.5,0.03,0,87.5,0.03,-37.5,-0.01,102787.5,10.28,0
1644,Exit short,2025-06-05 03:30,MR_Short_Exit,5988.5,10,299537.5,112.5,0.04,0,112.5,0.04,0,0.00,102900,10.29,0
1644,Entry short,2025-06-05 03:30,MR_Short,5990.75,10,299537.5,112.5,0.04,0,112.5,0.04,0,0.00,102900,10.29,0
1645,Exit long,2025-06-05 04:30,Sq_Long_Exit,5996,10,299725,75,0.03,0,125,0.04,0,0.00,102975,10.30,0
1645,Entry long,2025-06-05 04:30,Sq_Long,5994.5,10,299725,75,0.03,0,125,0.04,0,0.00,102975,10.30,0
1646,Exit long,2025-06-05 10:00,MR_Long_Exit,5963.25,10,298075,87.5,0.03,0,87.5,0.03,-75,-0.03,103062.5,10.31,0
1646,Entry long,2025-06-05 10:00,MR_Long,5961.5,10,298075,87.5,0.03,0,87.5,0.03,-75,-0.03,103062.5,10.31,0
1647,Exit long,2025-06-05 11:30,Sq_Long_Exit,6007.5,10,300250,125,0.04,0,175,0.06,0,0.00,103187.5,10.32,0
1647,Entry long,2025-06-05 11:30,Sq_Long,6005,10,300250,125,0.04,0,175,0.06,0,0.00,103187.5,10.32,0
1648,Exit long,2025-06-05 15:30,MR_Long_Exit,5944.75,10,297137.5,100,0.03,0,100,0.03,-137.5,-0.05,103287.5,10.33,0
1648,Entry long,2025-06-05 15:30,MR_Long,5942.75,10,297137.5,100,0.03,0,100,0.03,-137.5,-0.05,103287.5,10.33,0
1649,Exit long,2025-06-05 19:30,MR_Long_Exit,5948,10,297300,100,0.03,0,100,0.03,-100,-0.03,103387.5,10.34,0
1649,Entry long,2025-06-05 19:30,MR_Long,5946,10,297300,100,0.03,0,100,0.03,-100,-0.03,103387.5,10.34,0
1650,Exit short,2025-06-06 03:00,MR_Short_Exit,5969.75,10,298587.5,100,0.03,0,100,0.03,-112.5,-0.04,103487.5,10.35,0
1650,Entry short,2025-06-06 03:00,MR_Short,5971.75,10,298587.5,100,0.03,0,100,0.03,-112.5,-0.04,103487.5,10.35,0
1651,Exit short,2025-06-06 09:00,MR_Short_Exit,5991.25,10,299662.5,100,0.03,0,100,0.03,0,0.00,103587.5,10.36,0
1651,Entry short,2025-06-06 09:00,MR_Short,5993.25,10,299662.5,100,0.03,0,100,0.03,0,0.00,103587.5,10.36,0
1652,Exit long,2025-06-06 09:30,Sq_Long_Exit,6024,10,300137.5,1062.5,0.35,0,1112.5,0.37,-125,-0.04,104650,10.47,0
1652,Entry long,2025-06-06 09:30,Sq_Long,6002.75,10,300137.5,1062.5,0.35,0,1112.5,0.37,-125,-0.04,104650,10.47,0
1653,Exit short,2025-06-06 15:00,MR_Short_Exit,6010.25,10,300612.5,100,0.03,0,100,0.03,-425,-0.14,104750,10.48,1
1653,Entry short,2025-06-06 14:30,MR_Short,6012.25,10,300612.5,100,0.03,0,100,0.03,-425,-0.14,104750,10.48,1
1654,Exit short,2025-06-09 04:00,MR_Short_Exit,6008.5,10,300512.5,87.5,0.03,0,87.5,0.03,0,0.00,104837.5,10.48,0
1654,Entry short,2025-06-09 04:00,MR_Short,6010.25,10,300512.5,87.5,0.03,0,87.5,0.03,0,0.00,104837.5,10.48,0
1655,Exit short,2025-06-09 05:00,MR_Short_Exit,6012.25,10,300725,112.5,0.04,0,112.5,0.04,-12.5,0.00,104950,10.50,0
1655,Entry short,2025-06-09 05:00,MR_Short,6014.5,10,300725,112.5,0.04,0,112.5,0.04,-12.5,0.00,104950,10.50,0
1656,Exit long,2025-06-09 07:00,Sq_Long_Exit,6014.5,10,300662.5,62.5,0.02,0,112.5,0.04,-350,-0.12,105012.5,10.50,3
1656,Entry long,2025-06-09 05:30,Sq_Long,6013.25,10,300662.5,62.5,0.02,0,112.5,0.04,-350,-0.12,105012.5,10.50,3
1657,Exit short,2025-06-09 08:00,MR_Short_Exit,6014,10,300800,100,0.03,0,100,0.03,-87.5,-0.03,105112.5,10.51,0
1657,Entry short,2025-06-09 08:00,MR_Short,6016,10,300800,100,0.03,0,100,0.03,-87.5,-0.03,105112.5,10.51,0
1658,Exit short,2025-06-10 00:00,MR_Short_Exit,6033,10,301762.5,112.5,0.04,0,112.5,0.04,-275,-0.09,105225,10.52,5
1658,Entry short,2025-06-09 21:30,MR_Short,6035.25,10,301762.5,112.5,0.04,0,112.5,0.04,-275,-0.09,105225,10.52,5
1659,Exit long,2025-06-10 01:30,MR_Long_Exit,6006,10,300212.5,87.5,0.03,0,87.5,0.03,-375,-0.12,105312.5,10.53,0
1659,Entry long,2025-06-10 01:30,MR_Long,6004.25,10,300212.5,87.5,0.03,0,87.5,0.03,-375,-0.12,105312.5,10.53,0
1660,Exit long,2025-06-10 03:00,MR_Long_Exit,6010,10,300387.5,112.5,0.04,0,112.5,0.04,-162.5,-0.05,105425,10.54,0
1660,Entry long,2025-06-10 03:00,MR_Long,6007.75,10,300387.5,112.5,0.04,0,112.5,0.04,-162.5,-0.05,105425,10.54,0
1661,Exit short,2025-06-10 11:00,MR_Short_Exit,6024,10,301312.5,112.5,0.04,0,112.5,0.04,-237.5,-0.08,105537.5,10.55,1
1661,Entry short,2025-06-10 10:30,MR_Short,6026.25,10,301312.5,112.5,0.04,0,112.5,0.04,-237.5,-0.08,105537.5,10.55,1
1662,Exit short,2025-06-10 13:30,MR_Short_Exit,6031.25,10,301662.5,100,0.03,0,100,0.03,-400,-0.13,105637.5,10.56,2
1662,Entry short,2025-06-10 12:30,MR_Short,6033.25,10,301662.5,100,0.03,0,100,0.03,-400,-0.13,105637.5,10.56,2
1663,Exit short,2025-06-10 15:30,MR_Short_Exit,6036.5,10,301925,100,0.03,0,100,0.03,-537.5,-0.18,105737.5,10.57,1
1663,Entry short,2025-06-10 15:00,MR_Short,6038.5,10,301925,100,0.03,0,100,0.03,-537.5,-0.18,105737.5,10.57,1
1664,Exit short,2025-06-10 19:00,MR_Short_Exit,6043.75,10,302287.5,100,0.03,0,100,0.03,-325,-0.11,105837.5,10.58,0
1664,Entry short,2025-06-10 19:00,MR_Short,6045.75,10,302287.5,100,0.03,0,100,0.03,-325,-0.11,105837.5,10.58,0
1665,Exit long,2025-06-11 09:00,MR_Short,6059.25,10,302962.5,0,0.00,0,0,0.00,0,0.00,105837.5,10.58,0
1665,Entry long,2025-06-11 09:00,Sq_Long,6059.25,10,302962.5,0,0.00,0,0,0.00,0,0.00,105837.5,10.58,0
1666,Exit long,2025-06-11 09:00,Sq_Long_Exit,6060.25,10,302962.5,50,0.02,0,100,0.03,0,0.00,105887.5,10.59,0
1666,Entry long,2025-06-11 09:00,Sq_Long,6059.25,10,302962.5,50,0.02,0,100,0.03,0,0.00,105887.5,10.59,0
1667,Exit short,2025-06-11 10:30,MR_Short_Exit,6059.25,10,303075,112.5,0.04,0,112.5,0.04,-162.5,-0.05,106000,10.60,0
1667,Entry short,2025-06-11 10:30,MR_Short,6061.5,10,303075,112.5,0.04,0,112.5,0.04,-162.5,-0.05,106000,10.60,0
1668,Exit long,2025-06-11 14:30,MR_Long_Exit,6023,10,301050,100,0.03,0,100,0.03,-437.5,-0.15,106100,10.61,0
1668,Entry long,2025-06-11 14:30,MR_Long,6021,10,301050,100,0.03,0,100,0.03,-437.5,-0.15,106100,10.61,0
1669,Exit long,2025-06-11 15:30,MR_Long_Exit,6020.5,10,300937.5,87.5,0.03,0,87.5,0.03,-387.5,-0.13,106187.5,10.62,0
1669,Entry long,2025-06-11 15:30,MR_Long,6018.75,10,300937.5,87.5,0.03,0,87.5,0.03,-387.5,-0.13,106187.5,10.62,0
1670,Exit long,2025-06-11 19:30,MR_Long_Exit,6020.75,10,300925,112.5,0.04,0,112.5,0.04,-187.5,-0.06,106300,10.63,1
1670,Entry long,2025-06-11 19:00,MR_Long,6018.5,10,300925,112.5,0.04,0,112.5,0.04,-187.5,-0.06,106300,10.63,1
1671,Exit long,2025-06-12 04:30,MR_Long_Exit,5997,10,299750,100,0.03,0,100,0.03,-175,-0.06,106400,10.64,0
1671,Entry long,2025-06-12 04:30,MR_Long,5995,10,299750,100,0.03,0,100,0.03,-175,-0.06,106400,10.64,0
1672,Exit short,2025-06-12 11:00,MR_Short_Exit,6036.5,10,301937.5,112.5,0.04,0,112.5,0.04,-562.5,-0.19,106512.5,10.65,1
1672,Entry short,2025-06-12 10:30,MR_Short,6038.75,10,301937.5,112.5,0.04,0,112.5,0.04,-562.5,-0.19,106512.5,10.65,1
1673,Exit long,2025-06-12 20:00,MR_Long_Exit,5973.5,10,300725,-2050,-0.68,0,62.5,0.02,-2050,-0.68,104462.5,10.45,0
1673,Entry long,2025-06-12 20:00,MR_Long,6014.5,10,300725,-2050,-0.68,0,62.5,0.02,-2050,-0.68,104462.5,10.45,0
1674,Exit short,2025-06-13 09:00,MR_Short_Exit,5985.75,10,299387.5,100,0.03,0,100,0.03,-725,-0.24,104562.5,10.46,4
1674,Entry short,2025-06-13 07:00,MR_Short,5987.75,10,299387.5,100,0.03,0,100,0.03,-725,-0.24,104562.5,10.46,4
1675,Exit short,2025-06-13 09:30,MR_Short_Exit,5994.25,10,299800,87.5,0.03,0,87.5,0.03,0,0.00,104650,10.47,0
1675,Entry short,2025-06-13 09:30,MR_Short,5996,10,299800,87.5,0.03,0,87.5,0.03,0,0.00,104650,10.47,0
1676,Exit short,2025-06-13 11:30,MR_Short_Exit,6015,10,300850,100,0.03,0,100,0.03,0,0.00,104750,10.48,0
1676,Entry short,2025-06-13 11:30,MR_Short,6017,10,300850,100,0.03,0,100,0.03,0,0.00,104750,10.48,0
1677,Exit short,2025-06-15 19:00,MR_Short_Exit,6023.5,10,301287.5,112.5,0.04,0,112.5,0.04,-600,-0.20,104862.5,10.49,1
1677,Entry short,2025-06-15 18:30,MR_Short,6025.75,10,301287.5,112.5,0.04,0,112.5,0.04,-600,-0.20,104862.5,10.49,1
1678,Exit short,2025-06-16 07:00,MR_Short_Exit,6063.5,10,303262.5,87.5,0.03,0,87.5,0.03,0,0.00,104950,10.50,0
1678,Entry short,2025-06-16 07:00,MR_Short,6065.25,10,303262.5,87.5,0.03,0,87.5,0.03,0,0.00,104950,10.50,0
1679,Exit short,2025-06-16 08:00,MR_Short_Exit,6069,10,303537.5,87.5,0.03,0,87.5,0.03,0,0.00,105037.5,10.50,0
1679,Entry short,2025-06-16 08:00,MR_Short,6070.75,10,303537.5,87.5,0.03,0,87.5,0.03,0,0.00,105037.5,10.50,0
1680,Exit short,2025-06-16 11:30,MR_Short_Exit,6092.5,10,304712.5,87.5,0.03,0,87.5,0.03,-712.5,-0.23,105125,10.51,3
1680,Entry short,2025-06-16 10:00,MR_Short,6094.25,10,304712.5,87.5,0.03,0,87.5,0.03,-712.5,-0.23,105125,10.51,3
1681,Exit long,2025-06-16 19:00,MR_Long_Exit,6074,10,303587.5,112.5,0.04,0,112.5,0.04,-225,-0.07,105237.5,10.52,0
1681,Entry long,2025-06-16 19:00,MR_Long,6071.75,10,303587.5,112.5,0.04,0,112.5,0.04,-225,-0.07,105237.5,10.52,0
1682,Exit long,2025-06-16 21:30,MR_Long_Exit,6068.25,10,303312.5,100,0.03,0,100,0.03,-225,-0.07,105337.5,10.53,0
1682,Entry long,2025-06-16 21:30,MR_Long,6066.25,10,303312.5,100,0.03,0,100,0.03,-225,-0.07,105337.5,10.53,0
1683,Exit long,2025-06-16 22:30,MR_Long_Exit,6059.25,10,302862.5,100,0.03,0,100,0.03,-162.5,-0.05,105437.5,10.54,0
1683,Entry long,2025-06-16 22:30,MR_Long,6057.25,10,302862.5,100,0.03,0,100,0.03,-162.5,-0.05,105437.5,10.54,0
1684,Exit long,2025-06-17 03:30,MR_Long_Exit,6052,10,302512.5,87.5,0.03,0,87.5,0.03,-87.5,-0.03,105525,10.55,0
1684,Entry long,2025-06-17 03:30,MR_Long,6050.25,10,302512.5,87.5,0.03,0,87.5,0.03,-87.5,-0.03,105525,10.55,0
1685,Exit long,2025-06-17 14:30,Sq_Short,6037,10,301850,0,0.00,0,0,0.00,0,0.00,105525,10.55,0
1685,Entry long,2025-06-17 14:30,MR_Long,6037,10,301850,0,0.00,0,0,0.00,0,0.00,105525,10.55,0
1686,Exit short,2025-06-17 14:30,Sq_Short_Exit,6031,10,301850,300,0.10,0,350,0.12,0,0.00,105825,10.58,0
1686,Entry short,2025-06-17 14:30,Sq_Short,6037,10,301850,300,0.10,0,350,0.12,0,0.00,105825,10.58,0
1687,Exit long,2025-06-17 16:00,MR_Long_Exit,6040.5,10,301925,100,0.03,0,100,0.03,-237.5,-0.08,105925,10.59,0
1687,Entry long,2025-06-17 16:00,MR_Long,6038.5,10,301925,100,0.03,0,100,0.03,-237.5,-0.08,105925,10.59,0
1688,Exit short,2025-06-18 02:30,MR_Short_Exit,6051.5,10,302675,100,0.03,0,100,0.03,-175,-0.06,106025,10.60,0
1688,Entry short,2025-06-18 02:30,MR_Short,6053.5,10,302675,100,0.03,0,100,0.03,-175,-0.06,106025,10.60,0
1689,Exit short,2025-06-18 10:30,MR_Short_Exit,6067,10,303450,100,0.03,0,100,0.03,0,0.00,106125,10.61,0
1689,Entry short,2025-06-18 10:30,MR_Short,6069,10,303450,100,0.03,0,100,0.03,0,0.00,106125,10.61,0
1690,Exit long,2025-06-18 14:00,Sq_Long_Exit,6071.5,10,303487.5,87.5,0.03,0,137.5,0.05,-1425,-0.47,106212.5,10.62,6
1690,Entry long,2025-06-18 11:00,Sq_Long,6069.75,10,303487.5,87.5,0.03,0,137.5,0.05,-1425,-0.47,106212.5,10.62,6
1691,Exit long,2025-06-18 20:30,MR_Long_Exit,6025,10,301150,100,0.03,0,100,0.03,-50,-0.02,106312.5,10.63,0
1691,Entry long,2025-06-18 20:30,MR_Long,6023,10,301150,100,0.03,0,100,0.03,-50,-0.02,106312.5,10.63,0
1692,Exit long,2025-06-19 04:00,Sq_Short,5999.25,10,299962.5,0,0.00,0,0,0.00,0,0.00,106312.5,10.63,0
1692,Entry long,2025-06-19 04:00,MR_Long,5999.25,10,299962.5,0,0.00,0,0,0.00,0,0.00,106312.5,10.63,0
1693,Exit short,2025-06-19 08:30,Sq_Short_Exit,5990.25,10,299962.5,450,0.15,0,500,0.17,-787.5,-0.26,106762.5,10.68,9
1693,Entry short,2025-06-19 04:00,Sq_Short,5999.25,10,299962.5,450,0.15,0,500,0.17,-787.5,-0.26,106762.5,10.68,9
1694,Exit long,2025-06-19 09:00,MR_Long_Exit,5994.75,10,299650,87.5,0.03,0,87.5,0.03,0,0.00,106850,10.69,0
1694,Entry long,2025-06-19 09:00,MR_Long,5993,10,299650,87.5,0.03,0,87.5,0.03,0,0.00,106850,10.69,0
1695,Exit long,2025-06-19 10:00,MR_Long_Exit,5980,10,298912.5,87.5,0.03,0,87.5,0.03,-112.5,-0.04,106937.5,10.69,0
1695,Entry long,2025-06-19 10:00,MR_Long,5978.25,10,298912.5,87.5,0.03,0,87.5,0.03,-112.5,-0.04,106937.5,10.69,0
1696,Exit long,2025-06-19 18:00,MR_Long_Exit,5988.75,10,299437.5,0,0.00,0,0,0.00,0,0.00,106937.5,10.69,0
1696,Entry long,2025-06-19 18:00,MR_Long,5988.75,10,299437.5,0,0.00,0,0,0.00,0,0.00,106937.5,10.69,0
1697,Exit short,2025-06-19 19:00,MR_Short_Exit,6017,10,300962.5,112.5,0.04,0,112.5,0.04,-112.5,-0.04,107050,10.71,0
1697,Entry short,2025-06-19 19:00,MR_Short,6019.25,10,300962.5,112.5,0.04,0,112.5,0.04,-112.5,-0.04,107050,10.71,0
1698,Exit short,2025-06-19 20:30,MR_Short_Exit,6020.75,10,301137.5,100,0.03,0,100,0.03,-37.5,-0.01,107150,10.72,0
1698,Entry short,2025-06-19 20:30,MR_Short,6022.75,10,301137.5,100,0.03,0,100,0.03,-37.5,-0.01,107150,10.72,0
1699,Exit short,2025-06-20 01:00,MR_Short_Exit,6019,10,301062.5,112.5,0.04,0,112.5,0.04,-187.5,-0.06,107262.5,10.73,3
1699,Entry short,2025-06-19 23:30,MR_Short,6021.25,10,301062.5,112.5,0.04,0,112.5,0.04,-187.5,-0.06,107262.5,10.73,3
1700,Exit short,2025-06-20 02:30,MR_Short_Exit,6023.5,10,301275,100,0.03,0,100,0.03,-237.5,-0.08,107362.5,10.74,1
1700,Entry short,2025-06-20 02:00,MR_Short,6025.5,10,301275,100,0.03,0,100,0.03,-237.5,-0.08,107362.5,10.74,1
1701,Exit short,2025-06-20 10:00,MR_Short_Exit,6040.75,10,302162.5,125,0.04,0,125,0.04,-1387.5,-0.46,107487.5,10.75,3
1701,Entry short,2025-06-20 08:30,MR_Short,6043.25,10,302162.5,125,0.04,0,125,0.04,-1387.5,-0.46,107487.5,10.75,3
1702,Exit long,2025-06-22 18:30,MR_Long_Exit,5996.75,10,299750,87.5,0.03,0,87.5,0.03,-12.5,0.00,107575,10.76,0
1702,Entry long,2025-06-22 18:30,MR_Long,5995,10,299750,87.5,0.03,0,87.5,0.03,-12.5,0.00,107575,10.76,0
1703,Exit long,2025-06-22 20:30,MR_Long_Exit,5993.25,10,299562.5,100,0.03,0,100,0.03,-112.5,-0.04,107675,10.77,0
1703,Entry long,2025-06-22 20:30,MR_Long,5991.25,10,299562.5,100,0.03,0,100,0.03,-112.5,-0.04,107675,10.77,0
1704,Exit short,2025-06-23 07:00,MR_Short_Exit,6019,10,301050,100,0.03,0,100,0.03,-925,-0.31,107775,10.78,7
1704,Entry short,2025-06-23 03:30,MR_Short,6021,10,301050,100,0.03,0,100,0.03,-925,-0.31,107775,10.78,7
1705,Exit short,2025-06-23 10:30,MR_Short_Exit,6039.75,10,302075,87.5,0.03,0,87.5,0.03,-837.5,-0.28,107862.5,10.79,1
1705,Entry short,2025-06-23 10:00,MR_Short,6041.5,10,302075,87.5,0.03,0,87.5,0.03,-837.5,-0.28,107862.5,10.79,1
1706,Exit short,2025-06-23 14:00,MR_Short_Exit,6059.5,10,303075,100,0.03,0,100,0.03,0,0.00,107962.5,10.80,0
1706,Entry short,2025-06-23 14:00,MR_Short,6061.5,10,303075,100,0.03,0,100,0.03,0,0.00,107962.5,10.80,0
1707,Exit short,2025-06-24 03:30,MR_Short_Exit,6120.5,10,306125,100,0.03,0,100,0.03,-1062.5,-0.35,108062.5,10.81,3
1707,Entry short,2025-06-24 02:00,MR_Short,6122.5,10,306125,100,0.03,0,100,0.03,-1062.5,-0.35,108062.5,10.81,3
1708,Exit short,2025-06-24 13:00,MR_Short_Exit,6141,10,307162.5,112.5,0.04,0,112.5,0.04,-162.5,-0.05,108175,10.82,0
1708,Entry short,2025-06-24 13:00,MR_Short,6143.25,10,307162.5,112.5,0.04,0,112.5,0.04,-162.5,-0.05,108175,10.82,0
1709,Exit long,2025-06-24 14:00,MR_Short,6148.5,10,307425,0,0.00,0,0,0.00,0,0.00,108175,10.82,0
1709,Entry long,2025-06-24 14:00,Sq_Long,6148.5,10,307425,0,0.00,0,0,0.00,0,0.00,108175,10.82,0
1710,Exit long,2025-06-24 14:00,Sq_Long_Exit,6151,10,307425,125,0.04,0,175,0.06,-112.5,-0.04,108300,10.83,0
1710,Entry long,2025-06-24 14:00,Sq_Long,6148.5,10,307425,125,0.04,0,175,0.06,-112.5,-0.04,108300,10.83,0
1711,Exit short,2025-06-25 08:00,MR_Short_Exit,6153.75,10,307787.5,100,0.03,0,100,0.03,-50,-0.02,108400,10.84,0
1711,Entry short,2025-06-25 08:00,MR_Short,6155.75,10,307787.5,100,0.03,0,100,0.03,-50,-0.02,108400,10.84,0
1712,Exit short,2025-06-26 01:00,MR_Short_Exit,6152.75,10,307737.5,100,0.03,0,100,0.03,-12.5,0.00,108500,10.85,0
1712,Entry short,2025-06-26 01:00,MR_Short,6154.75,10,307737.5,100,0.03,0,100,0.03,-12.5,0.00,108500,10.85,0
1713,Exit short,2025-06-26 14:00,MR_Short_Exit,6197,10,307812.5,-2037.5,-0.66,0,37.5,0.01,-2037.5,-0.66,106462.5,10.65,24
1713,Entry short,2025-06-26 02:00,MR_Short,6156.25,10,307812.5,-2037.5,-0.66,0,37.5,0.01,-2037.5,-0.66,106462.5,10.65,24
1714,Exit short,2025-06-26 14:30,MR_Short_Exit,6191.75,10,309687.5,100,0.03,0,100,0.03,-100,-0.03,106562.5,10.66,0
1714,Entry short,2025-06-26 14:30,MR_Short,6193.75,10,309687.5,100,0.03,0,100,0.03,-100,-0.03,106562.5,10.66,0
1715,Exit short,2025-06-26 20:30,MR_Short_Exit,6197.5,10,309975,100,0.03,0,100,0.03,0,0.00,106662.5,10.67,0
1715,Entry short,2025-06-26 20:30,MR_Short,6199.5,10,309975,100,0.03,0,100,0.03,0,0.00,106662.5,10.67,0
1716,Exit short,2025-06-27 09:00,MR_Short_Exit,6206,10,310400,100,0.03,0,100,0.03,-637.5,-0.21,106762.5,10.68,13
1716,Entry short,2025-06-27 02:30,MR_Short,6208,10,310400,100,0.03,0,100,0.03,-637.5,-0.21,106762.5,10.68,13
1717,Exit short,2025-06-27 10:30,MR_Short_Exit,6222,10,311200,100,0.03,0,100,0.03,0,0.00,106862.5,10.69,0
1717,Entry short,2025-06-27 10:30,MR_Short,6224,10,311200,100,0.03,0,100,0.03,0,0.00,106862.5,10.69,0
1718,Exit long,2025-06-27 14:30,MR_Long_Exit,6200.25,10,309925,87.5,0.03,0,87.5,0.03,0,0.00,106950,10.70,0
1718,Entry long,2025-06-27 14:30,MR_Long,6198.5,10,309925,87.5,0.03,0,87.5,0.03,0,0.00,106950,10.70,0
1719,Exit short,2025-06-30 09:30,MR_Short_Exit,6234.25,10,311800,87.5,0.03,0,87.5,0.03,-950,-0.30,107037.5,10.70,30
1719,Entry short,2025-06-29 18:30,MR_Short,6236,10,311800,87.5,0.03,0,87.5,0.03,-950,-0.30,107037.5,10.70,30
1720,Exit long,2025-06-30 10:00,MR_Long_Exit,6240.75,10,311937.5,100,0.03,0,100,0.03,0,0.00,107137.5,10.71,0
1720,Entry long,2025-06-30 10:00,MR_Long,6238.75,10,311937.5,100,0.03,0,100,0.03,0,0.00,107137.5,10.71,0
1721,Exit long,2025-06-30 11:00,MR_Long_Exit,6236.75,10,311737.5,100,0.03,0,100,0.03,-162.5,-0.05,107237.5,10.72,0
1721,Entry long,2025-06-30 11:00,MR_Long,6234.75,10,311737.5,100,0.03,0,100,0.03,-162.5,-0.05,107237.5,10.72,0
1722,Exit short,2025-06-30 22:00,MR_Short_Exit,6255.5,10,312850,75,0.02,0,75,0.02,-12.5,0.00,107312.5,10.73,0
1722,Entry short,2025-06-30 22:00,MR_Short,6257,10,312850,75,0.02,0,75,0.02,-12.5,0.00,107312.5,10.73,0
1723,Exit long,2025-07-01 08:30,MR_Long_Exit,6233,10,311550,100,0.03,0,100,0.03,-50,-0.02,107412.5,10.74,0
1723,Entry long,2025-07-01 08:30,MR_Long,6231,10,311550,100,0.03,0,100,0.03,-50,-0.02,107412.5,10.74,0
1724,Exit short,2025-07-01 14:00,MR_Short_Exit,6257,10,312950,100,0.03,0,100,0.03,-62.5,-0.02,107512.5,10.75,0
1724,Entry short,2025-07-01 14:00,MR_Short,6259,10,312950,100,0.03,0,100,0.03,-62.5,-0.02,107512.5,10.75,0
1725,Exit short,2025-07-02 01:00,MR_Short_Exit,6263.75,10,313287.5,100,0.03,0,100,0.03,-87.5,-0.03,107612.5,10.76,1
1725,Entry short,2025-07-02 00:30,MR_Short,6265.75,10,313287.5,100,0.03,0,100,0.03,-87.5,-0.03,107612.5,10.76,1
1726,Exit short,2025-07-02 03:00,MR_Short_Exit,6262.5,10,313212.5,87.5,0.03,0,87.5,0.03,-300,-0.10,107700,10.77,2
1726,Entry short,2025-07-02 02:00,MR_Short,6264.25,10,313212.5,87.5,0.03,0,87.5,0.03,-300,-0.10,107700,10.77,2
1727,Exit long,2025-07-02 08:00,MR_Long_Exit,6252,10,312487.5,112.5,0.04,0,112.5,0.04,0,0.00,107812.5,10.78,0
1727,Entry long,2025-07-02 08:00,MR_Long,6249.75,10,312487.5,112.5,0.04,0,112.5,0.04,0,0.00,107812.5,10.78,0
1728,Exit short,2025-07-02 13:00,MR_Short_Exit,6266,10,313400,100,0.03,0,100,0.03,-62.5,-0.02,107912.5,10.79,0
1728,Entry short,2025-07-02 13:00,MR_Short,6268,10,313400,100,0.03,0,100,0.03,-62.5,-0.02,107912.5,10.79,0
1729,Exit short,2025-07-02 16:30,Session Flatten,6272.5,10,313400,-225,-0.07,0,12.5,0.00,-425,-0.14,107687.5,10.77,4
1729,Entry short,2025-07-02 14:30,MR_Short,6268,10,313400,-225,-0.07,0,12.5,0.00,-425,-0.14,107687.5,10.77,4
1730,Exit short,2025-07-04 03:30,MR_Short_Exit,6291,10,314650,100,0.03,0,100,0.03,-2025,-0.64,107787.5,10.78,27
1730,Entry short,2025-07-03 09:30,MR_Short,6293,10,314650,100,0.03,0,100,0.03,-2025,-0.64,107787.5,10.78,27
1731,Exit long,2025-07-04 04:00,MR_Long_Exit,6292.5,10,314525,100,0.03,0,100,0.03,-250,-0.08,107887.5,10.79,0
1731,Entry long,2025-07-04 04:00,MR_Long,6290.5,10,314525,100,0.03,0,100,0.03,-250,-0.08,107887.5,10.79,0
1732,Exit short,2025-07-06 18:30,MR_Short_Exit,6300.25,10,315125,112.5,0.04,0,112.5,0.04,-75,-0.02,108000,10.80,0
1732,Entry short,2025-07-06 18:30,MR_Short,6302.5,10,315125,112.5,0.04,0,112.5,0.04,-75,-0.02,108000,10.80,0
1733,Exit long,2025-07-06 20:00,Sq_Long_Exit,6305.25,10,315162.5,100,0.03,0,150,0.05,-187.5,-0.06,108100,10.81,1
1733,Entry long,2025-07-06 19:30,Sq_Long,6303.25,10,315162.5,100,0.03,0,150,0.05,-187.5,-0.06,108100,10.81,1
1734,Exit short,2025-07-07 06:30,MR_Short_Exit,6306.25,10,315412.5,100,0.03,0,100,0.03,-75,-0.02,108200,10.82,0
1734,Entry short,2025-07-07 06:30,MR_Short,6308.25,10,315412.5,100,0.03,0,100,0.03,-75,-0.02,108200,10.82,0
1735,Exit short,2025-07-07 07:30,MR_Short_Exit,6306.25,10,315412.5,100,0.03,0,100,0.03,0,0.00,108300,10.83,0
1735,Entry short,2025-07-07 07:30,MR_Short,6308.25,10,315412.5,100,0.03,0,100,0.03,0,0.00,108300,10.83,0
1736,Exit long,2025-07-07 12:00,MR_Long_Exit,6287.75,10,314287.5,100,0.03,0,100,0.03,0,0.00,108400,10.84,0
1736,Entry long,2025-07-07 12:00,MR_Long,6285.75,10,314287.5,100,0.03,0,100,0.03,0,0.00,108400,10.84,0
1737,Exit long,2025-07-07 18:30,MR_Long_Exit,6258.5,10,312837.5,87.5,0.03,0,87.5,0.03,-25,-0.01,108487.5,10.85,0
1737,Entry long,2025-07-07 18:30,MR_Long,6256.75,10,312837.5,87.5,0.03,0,87.5,0.03,-25,-0.01,108487.5,10.85,0
1738,Exit short,2025-07-08 04:00,MR_Short_Exit,6285.25,10,314350,87.5,0.03,0,87.5,0.03,-12.5,0.00,108575,10.86,0
1738,Entry short,2025-07-08 04:00,MR_Short,6287,10,314350,87.5,0.03,0,87.5,0.03,-12.5,0.00,108575,10.86,0
1739,Exit long,2025-07-08 10:30,MR_Long_Exit,6269.75,10,313375,112.5,0.04,0,112.5,0.04,-262.5,-0.08,108687.5,10.87,0
1739,Entry long,2025-07-08 10:30,MR_Long,6267.5,10,313375,112.5,0.04,0,112.5,0.04,-262.5,-0.08,108687.5,10.87,0
1740,Exit short,2025-07-09 05:30,MR_Short_Exit,6280.5,10,314112.5,87.5,0.03,0,87.5,0.03,-87.5,-0.03,108775,10.88,0
1740,Entry short,2025-07-09 05:30,MR_Short,6282.25,10,314112.5,87.5,0.03,0,87.5,0.03,-87.5,-0.03,108775,10.88,0
1741,Exit long,2025-07-09 06:30,Sq_Long_Exit,6281.5,10,314012.5,62.5,0.02,0,112.5,0.04,-162.5,-0.05,108837.5,10.88,1
1741,Entry long,2025-07-09 06:00,Sq_Long,6280.25,10,314012.5,62.5,0.02,0,112.5,0.04,-162.5,-0.05,108837.5,10.88,1
1742,Exit short,2025-07-09 16:00,MR_Short_Exit,6305,10,315350,100,0.03,0,100,0.03,-150,-0.05,108937.5,10.89,0
1742,Entry short,2025-07-09 16:00,MR_Short,6307,10,315350,100,0.03,0,100,0.03,-150,-0.05,108937.5,10.89,0
1743,Exit short,2025-07-09 19:00,MR_Short_Exit,6307.5,10,315475,100,0.03,0,100,0.03,-112.5,-0.04,109037.5,10.90,1
1743,Entry short,2025-07-09 18:30,MR_Short,6309.5,10,315475,100,0.03,0,100,0.03,-112.5,-0.04,109037.5,10.90,1
1744,Exit long,2025-07-10 02:30,MR_Long_Exit,6291.5,10,314475,100,0.03,0,100,0.03,-12.5,0.00,109137.5,10.91,0
1744,Entry long,2025-07-10 02:30,MR_Long,6289.5,10,314475,100,0.03,0,100,0.03,-12.5,0.00,109137.5,10.91,0
1745,Exit short,2025-07-10 08:00,MR_Short_Exit,6303.75,10,315287.5,100,0.03,0,100,0.03,-287.5,-0.09,109237.5,10.92,1
1745,Entry short,2025-07-10 07:30,MR_Short,6305.75,10,315287.5,100,0.03,0,100,0.03,-287.5,-0.09,109237.5,10.92,1
1746,Exit short,2025-07-10 09:30,MR_Short_Exit,6305.5,10,315387.5,112.5,0.04,0,112.5,0.04,-112.5,-0.04,109350,10.94,0
1746,Entry short,2025-07-10 09:30,MR_Short,6307.75,10,315387.5,112.5,0.04,0,112.5,0.04,-112.5,-0.04,109350,10.94,0
1747,Exit short,2025-07-10 16:30,Session Flatten,6321.75,10,315737.5,-350,-0.11,0,12.5,0.00,-1037.5,-0.33,109000,10.90,11
1747,Entry short,2025-07-10 11:00,MR_Short,6314.75,10,315737.5,-350,-0.11,0,12.5,0.00,-1037.5,-0.33,109000,10.90,11
1748,Exit long,2025-07-10 20:30,MR_Long_Exit,6294.25,10,314625,87.5,0.03,0,87.5,0.03,-462.5,-0.15,109087.5,10.91,0
1748,Entry long,2025-07-10 20:30,MR_Long,6292.5,10,314625,87.5,0.03,0,87.5,0.03,-462.5,-0.15,109087.5,10.91,0
1749,Exit long,2025-07-11 04:00,MR_Long_Exit,6292.75,10,314537.5,100,0.03,0,100,0.03,0,0.00,109187.5,10.92,0
1749,Entry long,2025-07-11 04:00,MR_Long,6290.75,10,314537.5,100,0.03,0,100,0.03,0,0.00,109187.5,10.92,0
1750,Exit short,2025-07-11 13:30,MR_Short_Exit,6306.75,10,315425,87.5,0.03,0,87.5,0.03,-75,-0.02,109275,10.93,0
1750,Entry short,2025-07-11 13:30,MR_Short,6308.5,10,315425,87.5,0.03,0,87.5,0.03,-75,-0.02,109275,10.93,0
1751,Exit long,2025-07-13 18:30,MR_Long_Exit,6274,10,313600,100,0.03,0,100,0.03,0,0.00,109375,10.94,0
1751,Entry long,2025-07-13 18:30,MR_Long,6272,10,313600,100,0.03,0,100,0.03,0,0.00,109375,10.94,0
1752,Exit long,2025-07-14 02:00,MR_Long_Exit,6266.5,10,313225,100,0.03,0,100,0.03,0,0.00,109475,10.95,0
1752,Entry long,2025-07-14 02:00,MR_Long,6264.5,10,313225,100,0.03,0,100,0.03,0,0.00,109475,10.95,0
1753,Exit long,2025-07-14 03:30,MR_Long_Exit,6263.5,10,313075,100,0.03,0,100,0.03,0,0.00,109575,10.96,0
1753,Entry long,2025-07-14 03:30,MR_Long,6261.5,10,313075,100,0.03,0,100,0.03,0,0.00,109575,10.96,0
1754,Exit short,2025-07-14 06:00,MR_Short_Exit,6281.5,10,314187.5,112.5,0.04,0,112.5,0.04,-12.5,0.00,109687.5,10.97,0
1754,Entry short,2025-07-14 06:00,MR_Short,6283.75,10,314187.5,112.5,0.04,0,112.5,0.04,-12.5,0.00,109687.5,10.97,0
1755,Exit short,2025-07-14 08:30,MR_Short_Exit,6283.75,10,314287.5,100,0.03,0,100,0.03,0,0.00,109787.5,10.98,0
1755,Entry short,2025-07-14 08:30,MR_Short,6285.75,10,314287.5,100,0.03,0,100,0.03,0,0.00,109787.5,10.98,0
1756,Exit short,2025-07-14 09:30,MR_Short_Exit,6292.5,10,314712.5,87.5,0.03,0,87.5,0.03,-150,-0.05,109875,10.99,0
1756,Entry short,2025-07-14 09:30,MR_Short,6294.25,10,314712.5,87.5,0.03,0,87.5,0.03,-150,-0.05,109875,10.99,0
1757,Exit short,2025-07-14 11:00,MR_Short_Exit,6295.5,10,314862.5,87.5,0.03,0,87.5,0.03,0,0.00,109962.5,11.00,0
1757,Entry short,2025-07-14 11:00,MR_Short,6297.25,10,314862.5,87.5,0.03,0,87.5,0.03,0,0.00,109962.5,11.00,0
1758,Exit long,2025-07-14 22:00,MR_Short,6327,10,316350,0,0.00,0,0,0.00,0,0.00,109962.5,11.00,0
1758,Entry long,2025-07-14 22:00,Sq_Long,6327,10,316350,0,0.00,0,0,0.00,0,0.00,109962.5,11.00,0
1759,Exit long,2025-07-14 22:00,Sq_Long_Exit,6329.75,10,316350,137.5,0.04,0,187.5,0.06,0,0.00,110100,11.01,0
1759,Entry long,2025-07-14 22:00,Sq_Long,6327,10,316350,137.5,0.04,0,187.5,0.06,0,0.00,110100,11.01,0
1760,Exit short,2025-07-15 09:30,MR_Short_Exit,6321,10,316150,100,0.03,0,100,0.03,-1300,-0.41,110200,11.02,17
1760,Entry short,2025-07-15 01:00,MR_Short,6323,10,316150,100,0.03,0,100,0.03,-1300,-0.41,110200,11.02,17
1761,Exit long,2025-07-15 11:00,Sq_Short,6301,10,315050,0,0.00,0,0,0.00,0,0.00,110200,11.02,0
1761,Entry long,2025-07-15 11:00,MR_Long,6301,10,315050,0,0.00,0,0,0.00,0,0.00,110200,11.02,0
1762,Exit short,2025-07-15 12:30,Sq_Short_Exit,6292.75,10,315050,412.5,0.13,0,462.5,0.15,-750,-0.24,110612.5,11.06,3
1762,Entry short,2025-07-15 11:00,Sq_Short,6301,10,315050,412.5,0.13,0,462.5,0.15,-750,-0.24,110612.5,11.06,3
1763,Exit long,2025-07-15 13:00,MR_Long_Exit,6296,10,314700,100,0.03,0,100,0.03,-137.5,-0.04,110712.5,11.07,0
1763,Entry long,2025-07-15 13:00,MR_Long,6294,10,314700,100,0.03,0,100,0.03,-137.5,-0.04,110712.5,11.07,0
1764,Exit long,2025-07-15 15:00,MR_Long_Exit,6297,10,314737.5,112.5,0.04,0,112.5,0.04,-112.5,-0.04,110825,11.08,0
1764,Entry long,2025-07-15 15:00,MR_Long,6294.75,10,314737.5,112.5,0.04,0,112.5,0.04,-112.5,-0.04,110825,11.08,0
1765,Exit short,2025-07-16 09:30,MR_Short_Exit,6283.75,10,314325,137.5,0.04,0,137.5,0.04,-775,-0.25,110962.5,11.10,2
1765,Entry short,2025-07-16 08:30,MR_Short,6286.5,10,314325,137.5,0.04,0,137.5,0.04,-775,-0.25,110962.5,11.10,2
1766,Exit short,2025-07-16 15:00,MR_Short_Exit,6303,10,315262.5,112.5,0.04,0,112.5,0.04,-87.5,-0.03,111075,11.11,0
1766,Entry short,2025-07-16 15:00,MR_Short,6305.25,10,315262.5,112.5,0.04,0,112.5,0.04,-87.5,-0.03,111075,11.11,0
1767,Exit short,2025-07-17 02:30,MR_Short_Exit,6309,10,315550,100,0.03,0,100,0.03,-25,-0.01,111175,11.12,0
1767,Entry short,2025-07-17 02:30,MR_Short,6311,10,315550,100,0.03,0,100,0.03,-25,-0.01,111175,11.12,0
1768,Exit long,2025-07-17 05:00,Sq_Long_Exit,6310,10,315425,75,0.02,0,125,0.04,-337.5,-0.11,111250,11.13,4
1768,Entry long,2025-07-17 03:00,Sq_Long,6308.5,10,315425,75,0.02,0,125,0.04,-337.5,-0.11,111250,11.13,4
1769,Exit short,2025-07-17 05:30,MR_Short_Exit,6307,10,315462.5,112.5,0.04,0,112.5,0.04,-87.5,-0.03,111362.5,11.14,0
1769,Entry short,2025-07-17 05:30,MR_Short,6309.25,10,315462.5,112.5,0.04,0,112.5,0.04,-87.5,-0.03,111362.5,11.14,0
1770,Exit short,2025-07-17 09:00,MR_Short_Exit,6312.25,10,315712.5,100,0.03,0,100,0.03,-125,-0.04,111462.5,11.15,0
1770,Entry short,2025-07-17 09:00,MR_Short,6314.25,10,315712.5,100,0.03,0,100,0.03,-125,-0.04,111462.5,11.15,0
1771,Exit short,2025-07-17 10:00,MR_Short_Exit,6316.75,10,315937.5,100,0.03,0,100,0.03,-237.5,-0.08,111562.5,11.16,0
1771,Entry short,2025-07-17 10:00,MR_Short,6318.75,10,315937.5,100,0.03,0,100,0.03,-237.5,-0.08,111562.5,11.16,0
1772,Exit long,2025-07-17 11:30,MR_Short,6327.75,10,316387.5,0,0.00,0,0,0.00,0,0.00,111562.5,11.16,0
1772,Entry long,2025-07-17 11:30,Sq_Long,6327.75,10,316387.5,0,0.00,0,0,0.00,0,0.00,111562.5,11.16,0
1773,Exit long,2025-07-17 12:00,Sq_Long_Exit,6335.25,10,316387.5,375,0.12,0,425,0.13,-62.5,-0.02,111937.5,11.19,1
1773,Entry long,2025-07-17 11:30,Sq_Long,6327.75,10,316387.5,375,0.12,0,425,0.13,-62.5,-0.02,111937.5,11.19,1
1774,Exit short,2025-07-18 03:00,MR_Short_Exit,6348.25,10,317525,112.5,0.04,0,112.5,0.04,-325,-0.10,112050,11.21,8
1774,Entry short,2025-07-17 23:00,MR_Short,6350.5,10,317525,112.5,0.04,0,112.5,0.04,-325,-0.10,112050,11.21,8
1775,Exit long,2025-07-18 07:00,MR_Long_Exit,6344.5,10,317112.5,112.5,0.04,0,112.5,0.04,-50,-0.02,112162.5,11.22,1
1775,Entry long,2025-07-18 06:30,MR_Long,6342.25,10,317112.5,112.5,0.04,0,112.5,0.04,-50,-0.02,112162.5,11.22,1
1776,Exit long,2025-07-18 10:30,MR_Long_Exit,6334.25,10,316625,87.5,0.03,0,87.5,0.03,-212.5,-0.07,112250,11.23,0
1776,Entry long,2025-07-18 10:30,MR_Long,6332.5,10,316625,87.5,0.03,0,87.5,0.03,-212.5,-0.07,112250,11.23,0
1777,Exit long,2025-07-18 12:30,MR_Long_Exit,6330.5,10,316425,100,0.03,0,100,0.03,0,0.00,112350,11.24,0
1777,Entry long,2025-07-18 12:30,MR_Long,6328.5,10,316425,100,0.03,0,100,0.03,0,0.00,112350,11.24,0
1778,Exit short,2025-07-20 21:30,MR_Short_Exit,6341.75,10,317162.5,75,0.02,0,75,0.02,-25,-0.01,112425,11.24,0
1778,Entry short,2025-07-20 21:30,MR_Short,6343.25,10,317162.5,75,0.02,0,75,0.02,-25,-0.01,112425,11.24,0
1779,Exit short,2025-07-21 02:30,MR_Short_Exit,6346.5,10,317437.5,112.5,0.04,0,112.5,0.04,-50,-0.02,112537.5,11.25,0
1779,Entry short,2025-07-21 02:30,MR_Short,6348.75,10,317437.5,112.5,0.04,0,112.5,0.04,-50,-0.02,112537.5,11.25,0
1780,Exit long,2025-07-21 03:30,MR_Short,6350.25,10,317512.5,0,0.00,0,0,0.00,0,0.00,112537.5,11.25,0
1780,Entry long,2025-07-21 03:30,Sq_Long,6350.25,10,317512.5,0,0.00,0,0,0.00,0,0.00,112537.5,11.25,0
1781,Exit long,2025-07-21 04:00,Sq_Long_Exit,6353.25,10,317512.5,150,0.05,0,200,0.06,-87.5,-0.03,112687.5,11.27,1
1781,Entry long,2025-07-21 03:30,Sq_Long,6350.25,10,317512.5,150,0.05,0,200,0.06,-87.5,-0.03,112687.5,11.27,1
1782,Exit short,2025-07-21 10:00,MR_Short_Exit,6362.5,10,318225,100,0.03,0,100,0.03,0,0.00,112787.5,11.28,0
1782,Entry short,2025-07-21 10:00,MR_Short,6364.5,10,318225,100,0.03,0,100,0.03,0,0.00,112787.5,11.28,0
1783,Exit long,2025-07-21 16:00,MR_Long_Exit,6347.25,10,317275,87.5,0.03,0,87.5,0.03,-87.5,-0.03,112875,11.29,0
1783,Entry long,2025-07-21 16:00,MR_Long,6345.5,10,317275,87.5,0.03,0,87.5,0.03,-87.5,-0.03,112875,11.29,0
1784,Exit long,2025-07-22 14:30,MR_Long_Exit,6350.25,10,317412.5,100,0.03,0,100,0.03,-1487.5,-0.47,112975,11.30,32
1784,Entry long,2025-07-21 22:30,MR_Long,6348.25,10,317412.5,100,0.03,0,100,0.03,-1487.5,-0.47,112975,11.30,32
1785,Exit short,2025-07-22 19:30,MR_Short_Exit,6355.25,10,317862.5,100,0.03,0,100,0.03,0,0.00,113075,11.31,0
1785,Entry short,2025-07-22 19:30,MR_Short,6357.25,10,317862.5,100,0.03,0,100,0.03,0,0.00,113075,11.31,0
1786,Exit short,2025-07-22 22:00,MR_Short_Exit,6359,10,318037.5,87.5,0.03,0,87.5,0.03,-12.5,0.00,113162.5,11.32,0
1786,Entry short,2025-07-22 22:00,MR_Short,6360.75,10,318037.5,87.5,0.03,0,87.5,0.03,-12.5,0.00,113162.5,11.32,0
1787,Exit short,2025-07-22 23:30,MR_Short_Exit,6360.5,10,318125,100,0.03,0,100,0.03,0,0.00,113262.5,11.33,0
1787,Entry short,2025-07-22 23:30,MR_Short,6362.5,10,318125,100,0.03,0,100,0.03,0,0.00,113262.5,11.33,0
1788,Exit short,2025-07-23 05:00,MR_Short_Exit,6369.25,10,318550,87.5,0.03,0,87.5,0.03,-112.5,-0.04,113350,11.34,0
1788,Entry short,2025-07-23 05:00,MR_Short,6371,10,318550,87.5,0.03,0,87.5,0.03,-112.5,-0.04,113350,11.34,0
1789,Exit short,2025-07-23 06:00,MR_Short_Exit,6370,10,318587.5,87.5,0.03,0,87.5,0.03,0,0.00,113437.5,11.34,0
1789,Entry short,2025-07-23 06:00,MR_Short,6371.75,10,318587.5,87.5,0.03,0,87.5,0.03,0,0.00,113437.5,11.34,0
1790,Exit long,2025-07-23 10:00,MR_Long_Exit,6358.5,10,317812.5,112.5,0.04,0,112.5,0.04,-137.5,-0.04,113550,11.36,0
1790,Entry long,2025-07-23 10:00,MR_Long,6356.25,10,317812.5,112.5,0.04,0,112.5,0.04,-137.5,-0.04,113550,11.36,0
1791,Exit long,2025-07-23 14:30,MR_Short,6389.25,10,319462.5,0,0.00,0,0,0.00,0,0.00,113550,11.36,0
1791,Entry long,2025-07-23 14:30,Sq_Long,6389.25,10,319462.5,0,0.00,0,0,0.00,0,0.00,113550,11.36,0
1792,Exit long,2025-07-23 14:30,Sq_Long_Exit,6390.75,10,319462.5,75,0.02,0,125,0.04,-62.5,-0.02,113625,11.36,0
1792,Entry long,2025-07-23 14:30,Sq_Long,6389.25,10,319462.5,75,0.02,0,125,0.04,-62.5,-0.02,113625,11.36,0
1793,Exit short,2025-07-24 11:30,MR_Short_Exit,6409.5,10,320587.5,112.5,0.04,0,112.5,0.04,-187.5,-0.06,113737.5,11.37,1
1793,Entry short,2025-07-24 11:00,MR_Short,6411.75,10,320587.5,112.5,0.04,0,112.5,0.04,-187.5,-0.06,113737.5,11.37,1
1794,Exit short,2025-07-25 00:00,MR_Short_Exit,6417.75,10,321000,112.5,0.04,0,112.5,0.04,-12.5,0.00,113850,11.39,1
1794,Entry short,2025-07-24 23:30,MR_Short,6420,10,321000,112.5,0.04,0,112.5,0.04,-12.5,0.00,113850,11.39,1
1795,Exit long,2025-07-25 03:30,MR_Long_Exit,6406.25,10,320225,87.5,0.03,0,87.5,0.03,-100,-0.03,113937.5,11.39,0
1795,Entry long,2025-07-25 03:30,MR_Long,6404.5,10,320225,87.5,0.03,0,87.5,0.03,-100,-0.03,113937.5,11.39,0
1796,Exit long,2025-07-25 12:30,MR_Short,6422.5,10,321125,0,0.00,0,0,0.00,0,0.00,113937.5,11.39,0
1796,Entry long,2025-07-25 12:30,Sq_Long,6422.5,10,321125,0,0.00,0,0,0.00,0,0.00,113937.5,11.39,0
1797,Exit long,2025-07-25 12:30,Sq_Long_Exit,6423.5,10,321125,50,0.02,0,100,0.03,-87.5,-0.03,113987.5,11.40,0
1797,Entry long,2025-07-25 12:30,Sq_Long,6422.5,10,321125,50,0.02,0,100,0.03,-87.5,-0.03,113987.5,11.40,0
1798,Exit long,2025-07-28 05:30,Sq_Short,6443,10,322150,0,0.00,0,0,0.00,0,0.00,113987.5,11.40,0
1798,Entry long,2025-07-28 05:30,MR_Long,6443,10,322150,0,0.00,0,0,0.00,0,0.00,113987.5,11.40,0
1799,Exit short,2025-07-28 06:00,Sq_Short_Exit,6441,10,322150,100,0.03,0,150,0.05,-62.5,-0.02,114087.5,11.41,1
1799,Entry short,2025-07-28 05:30,Sq_Short,6443,10,322150,100,0.03,0,150,0.05,-62.5,-0.02,114087.5,11.41,1
1800,Exit long,2025-07-28 09:30,MR_Long_Exit,6430.75,10,321450,87.5,0.03,0,87.5,0.03,0,0.00,114175,11.42,0
1800,Entry long,2025-07-28 09:30,MR_Long,6429,10,321450,87.5,0.03,0,87.5,0.03,0,0.00,114175,11.42,0
1801,Exit short,2025-07-29 02:30,MR_Short_Exit,6429,10,321562.5,112.5,0.03,0,112.5,0.03,-175,-0.05,114287.5,11.43,5
1801,Entry short,2025-07-29 00:00,MR_Short,6431.25,10,321562.5,112.5,0.03,0,112.5,0.03,-175,-0.05,114287.5,11.43,5
1802,Exit short,2025-07-29 04:00,MR_Short_Exit,6436,10,321887.5,87.5,0.03,0,87.5,0.03,-87.5,-0.03,114375,11.44,0
1802,Entry short,2025-07-29 04:00,MR_Short,6437.75,10,321887.5,87.5,0.03,0,87.5,0.03,-87.5,-0.03,114375,11.44,0
1803,Exit long,2025-07-29 05:30,Sq_Long_Exit,6440,10,321925,75,0.02,0,125,0.04,-162.5,-0.05,114450,11.45,2
1803,Entry long,2025-07-29 04:30,Sq_Long,6438.5,10,321925,75,0.02,0,125,0.04,-162.5,-0.05,114450,11.45,2
1804,Exit short,2025-07-29 07:00,MR_Short_Exit,6438,10,322012.5,112.5,0.03,0,112.5,0.03,-112.5,-0.03,114562.5,11.46,2
1804,Entry short,2025-07-29 06:00,MR_Short,6440.25,10,322012.5,112.5,0.03,0,112.5,0.03,-112.5,-0.03,114562.5,11.46,2
1805,Exit long,2025-07-29 11:00,Sq_Short,6420.25,10,321012.5,0,0.00,0,0,0.00,0,0.00,114562.5,11.46,0
1805,Entry long,2025-07-29 11:00,MR_Long,6420.25,10,321012.5,0,0.00,0,0,0.00,0,0.00,114562.5,11.46,0
1806,Exit short,2025-07-29 11:00,Sq_Short_Exit,6405.5,10,321012.5,737.5,0.23,0,787.5,0.25,-150,-0.05,115300,11.53,0
1806,Entry short,2025-07-29 11:00,Sq_Short,6420.25,10,321012.5,737.5,0.23,0,787.5,0.25,-150,-0.05,115300,11.53,0
1807,Exit long,2025-07-30 15:00,Sq_Short,6380.25,10,319012.5,0,0.00,0,0,0.00,0,0.00,115300,11.53,0
1807,Entry long,2025-07-30 15:00,MR_Long,6380.25,10,319012.5,0,0.00,0,0,0.00,0,0.00,115300,11.53,0
1808,Exit short,2025-07-30 15:00,Sq_Short_Exit,6367.75,10,319012.5,625,0.20,0,675,0.21,-575,-0.18,115925,11.59,0
1808,Entry short,2025-07-30 15:00,Sq_Short,6380.25,10,319012.5,625,0.20,0,675,0.21,-575,-0.18,115925,11.59,0
1809,Exit short,2025-07-31 09:30,MR_Short_Exit,6434,10,321812.5,112.5,0.03,0,112.5,0.03,-1612.5,-0.50,116037.5,11.60,30
1809,Entry short,2025-07-30 18:30,MR_Short,6436.25,10,321812.5,112.5,0.03,0,112.5,0.03,-1612.5,-0.50,116037.5,11.60,30
1810,Exit long,2025-07-31 10:30,MR_Long_Exit,6442,10,322000,100,0.03,0,100,0.03,0,0.00,116137.5,11.61,0
1810,Entry long,2025-07-31 10:30,MR_Long,6440,10,322000,100,0.03,0,100,0.03,0,0.00,116137.5,11.61,0
1811,Exit short,2025-07-31 11:00,Sq_Short_Exit,6403,10,320900,750,0.23,0,800,0.25,-375,-0.12,116887.5,11.69,0
1811,Entry short,2025-07-31 11:00,Sq_Short,6418,10,320900,750,0.23,0,800,0.25,-375,-0.12,116887.5,11.69,0
1812,Exit long,2025-07-31 13:30,MR_Long_Exit,6388.75,10,321500,-2062.5,-0.64,0,0,0.00,-2062.5,-0.64,114825,11.48,1
1812,Entry long,2025-07-31 13:00,MR_Long,6430,10,321500,-2062.5,-0.64,0,0,0.00,-2062.5,-0.64,114825,11.48,1
1813,Exit long,2025-08-01 03:30,Sq_Short,6329.25,10,316462.5,0,0.00,0,0,0.00,0,0.00,114825,11.48,0
1813,Entry long,2025-08-01 03:30,MR_Long,6329.25,10,316462.5,0,0.00,0,0,0.00,0,0.00,114825,11.48,0
1814,Exit short,2025-08-01 03:30,Sq_Short_Exit,6313,10,316462.5,812.5,0.26,0,862.5,0.27,-200,-0.06,115637.5,11.56,0
1814,Entry short,2025-08-01 03:30,Sq_Short,6329.25,10,316462.5,812.5,0.26,0,862.5,0.27,-200,-0.06,115637.5,11.56,0
1815,Exit long,2025-08-01 10:00,MR_Long_Exit,6263.75,10,313112.5,75,0.02,0,75,0.02,-925,-0.30,115712.5,11.57,0
1815,Entry long,2025-08-01 10:00,MR_Long,6262.25,10,313112.5,75,0.02,0,75,0.02,-925,-0.30,115712.5,11.57,0
1816,Exit long,2025-08-01 13:00,MR_Long_Exit,6262,10,313012.5,87.5,0.03,0,87.5,0.03,0,0.00,115800,11.58,0
1816,Entry long,2025-08-01 13:00,MR_Long,6260.25,10,313012.5,87.5,0.03,0,87.5,0.03,0,0.00,115800,11.58,0
1817,Exit short,2025-08-04 00:00,MR_Short_Exit,6287.75,10,314487.5,100,0.03,0,100,0.03,-12.5,0.00,115900,11.59,0
1817,Entry short,2025-08-04 00:00,MR_Short,6289.75,10,314487.5,100,0.03,0,100,0.03,-12.5,0.00,115900,11.59,0
1818,Exit short,2025-08-04 07:00,MR_Short_Exit,6298.75,10,315025,87.5,0.03,0,87.5,0.03,-475,-0.15,115987.5,11.60,5
1818,Entry short,2025-08-04 04:30,MR_Short,6300.5,10,315025,87.5,0.03,0,87.5,0.03,-475,-0.15,115987.5,11.60,5
1819,Exit short,2025-08-04 10:00,MR_Short_Exit,6334.5,10,316850,125,0.04,0,125,0.04,-287.5,-0.09,116112.5,11.61,0
1819,Entry short,2025-08-04 10:00,MR_Short,6337,10,316850,125,0.04,0,125,0.04,-287.5,-0.09,116112.5,11.61,0
1820,Exit short,2025-08-04 21:00,MR_Short_Exit,6366.5,10,318425,100,0.03,0,100,0.03,0,0.00,116212.5,11.62,0
1820,Entry short,2025-08-04 21:00,MR_Short,6368.5,10,318425,100,0.03,0,100,0.03,0,0.00,116212.5,11.62,0
1821,Exit long,2025-08-05 10:30,Sq_Short,6344.25,10,317212.5,0,0.00,0,0,0.00,0,0.00,116212.5,11.62,0
1821,Entry long,2025-08-05 10:30,MR_Long,6344.25,10,317212.5,0,0.00,0,0,0.00,0,0.00,116212.5,11.62,0
1822,Exit short,2025-08-05 10:30,Sq_Short_Exit,6316.75,10,317212.5,1375,0.43,0,1425,0.45,0,0.00,117587.5,11.76,0
1822,Entry short,2025-08-05 10:30,Sq_Short,6344.25,10,317212.5,1375,0.43,0,1425,0.45,0,0.00,117587.5,11.76,0
1823,Exit long,2025-08-05 14:30,MR_Long_Exit,6334.25,10,316612.5,100,0.03,0,100,0.03,0,0.00,117687.5,11.77,0
1823,Entry long,2025-08-05 14:30,MR_Long,6332.25,10,316612.5,100,0.03,0,100,0.03,0,0.00,117687.5,11.77,0
1824,Exit long,2025-08-05 16:00,MR_Long_Exit,6327.5,10,316275,100,0.03,0,100,0.03,-200,-0.06,117787.5,11.78,0
1824,Entry long,2025-08-05 16:00,MR_Long,6325.5,10,316275,100,0.03,0,100,0.03,-200,-0.06,117787.5,11.78,0
1825,Exit long,2025-08-05 20:00,MR_Long_Exit,6318.75,10,315825,112.5,0.04,0,112.5,0.04,-50,-0.02,117900,11.79,0
1825,Entry long,2025-08-05 20:00,MR_Long,6316.5,10,315825,112.5,0.04,0,112.5,0.04,-50,-0.02,117900,11.79,0
1826,Exit short,2025-08-06 05:30,MR_Short_Exit,6339.25,10,317062.5,100,0.03,0,100,0.03,-850,-0.27,118000,11.80,9
1826,Entry short,2025-08-06 01:00,MR_Short,6341.25,10,317062.5,100,0.03,0,100,0.03,-850,-0.27,118000,11.80,9
1827,Exit long,2025-08-06 11:30,MR_Short,6364.25,10,318212.5,0,0.00,0,0,0.00,0,0.00,118000,11.80,0
1827,Entry long,2025-08-06 11:30,Sq_Long,6364.25,10,318212.5,0,0.00,0,0,0.00,0,0.00,118000,11.80,0
1828,Exit long,2025-08-06 11:30,Sq_Long_Exit,6373.25,10,318212.5,450,0.14,0,500,0.16,-387.5,-0.12,118450,11.85,0
1828,Entry long,2025-08-06 11:30,Sq_Long,6364.25,10,318212.5,450,0.14,0,500,0.16,-387.5,-0.12,118450,11.85,0
1829,Exit short,2025-08-06 18:30,MR_Short_Exit,6382,10,319187.5,87.5,0.03,0,87.5,0.03,0,0.00,118537.5,11.85,0
1829,Entry short,2025-08-06 18:30,MR_Short,6383.75,10,319187.5,87.5,0.03,0,87.5,0.03,0,0.00,118537.5,11.85,0
1830,Exit short,2025-08-07 04:30,MR_Short_Exit,6406.25,10,320400,87.5,0.03,0,87.5,0.03,-62.5,-0.02,118625,11.86,0
1830,Entry short,2025-08-07 04:30,MR_Short,6408,10,320400,87.5,0.03,0,87.5,0.03,-62.5,-0.02,118625,11.86,0
1831,Exit long,2025-08-07 05:30,Sq_Long_Exit,6411.5,10,320300,275,0.09,0,325,0.10,-187.5,-0.06,118900,11.89,1
1831,Entry long,2025-08-07 05:00,Sq_Long,6406,10,320300,275,0.09,0,325,0.10,-187.5,-0.06,118900,11.89,1
1832,Exit long,2025-08-07 10:30,MR_Long_Exit,6384.25,10,319100,112.5,0.04,0,112.5,0.04,0,0.00,119012.5,11.90,0
1832,Entry long,2025-08-07 10:30,MR_Long,6382,10,319100,112.5,0.04,0,112.5,0.04,0,0.00,119012.5,11.90,0
1833,Exit short,2025-08-07 21:00,MR_Short_Exit,6382.75,10,319237.5,100,0.03,0,100,0.03,-75,-0.02,119112.5,11.91,0
1833,Entry short,2025-08-07 21:00,MR_Short,6384.75,10,319237.5,100,0.03,0,100,0.03,-75,-0.02,119112.5,11.91,0
1834,Exit long,2025-08-08 10:00,MR_Short,6401,10,320050,0,0.00,0,0,0.00,0,0.00,119112.5,11.91,0
1834,Entry long,2025-08-08 10:00,Sq_Long,6401,10,320050,0,0.00,0,0,0.00,0,0.00,119112.5,11.91,0
1835,Exit long,2025-08-08 10:00,Sq_Long_Exit,6409.5,10,320050,425,0.13,0,475,0.15,-62.5,-0.02,119537.5,11.95,0
1835,Entry long,2025-08-08 10:00,Sq_Long,6401,10,320050,425,0.13,0,475,0.15,-62.5,-0.02,119537.5,11.95,0
1836,Exit short,2025-08-10 22:30,MR_Short_Exit,6425.5,10,321375,100,0.03,0,100,0.03,-112.5,-0.04,119637.5,11.96,1
1836,Entry short,2025-08-10 22:00,MR_Short,6427.5,10,321375,100,0.03,0,100,0.03,-112.5,-0.04,119637.5,11.96,1
1837,Exit long,2025-08-11 04:30,MR_Long_Exit,6414.75,10,320625,112.5,0.04,0,112.5,0.04,-25,-0.01,119750,11.98,0
1837,Entry long,2025-08-11 04:30,MR_Long,6412.5,10,320625,112.5,0.04,0,112.5,0.04,-25,-0.01,119750,11.98,0
1838,Exit long,2025-08-11 11:00,MR_Long_Exit,6411,10,320462.5,87.5,0.03,0,87.5,0.03,-150,-0.05,119837.5,11.98,0
1838,Entry long,2025-08-11 11:00,MR_Long,6409.25,10,320462.5,87.5,0.03,0,87.5,0.03,-150,-0.05,119837.5,11.98,0
1839,Exit long,2025-08-11 16:30,Session Flatten,6396.25,10,320187.5,-375,-0.12,0,62.5,0.02,-800,-0.25,119462.5,11.95,2
1839,Entry long,2025-08-11 15:30,MR_Long,6403.75,10,320187.5,-375,-0.12,0,62.5,0.02,-800,-0.25,119462.5,11.95,2
1840,Exit long,2025-08-12 09:00,MR_Short,6432.25,10,321612.5,0,0.00,0,0,0.00,0,0.00,119462.5,11.95,0
1840,Entry long,2025-08-12 09:00,Sq_Long,6432.25,10,321612.5,0,0.00,0,0,0.00,0,0.00,119462.5,11.95,0
1841,Exit long,2025-08-12 09:30,Sq_Long_Exit,6438.75,10,321612.5,325,0.10,0,375,0.12,-1112.5,-0.35,119787.5,11.98,1
1841,Entry long,2025-08-12 09:00,Sq_Long,6432.25,10,321612.5,325,0.10,0,375,0.12,-1112.5,-0.35,119787.5,11.98,1
1842,Exit short,2025-08-12 10:30,MR_Short_Exit,6431.75,10,321687.5,100,0.03,0,100,0.03,0,0.00,119887.5,11.99,0
1842,Entry short,2025-08-12 10:30,MR_Short,6433.75,10,321687.5,100,0.03,0,100,0.03,0,0.00,119887.5,11.99,0
1843,Exit short,2025-08-13 03:30,MR_Short_Exit,6474.75,10,323837.5,100,0.03,0,100,0.03,0,0.00,119987.5,12.00,0
1843,Entry short,2025-08-13 03:30,MR_Short,6476.75,10,323837.5,100,0.03,0,100,0.03,0,0.00,119987.5,12.00,0
1844,Exit long,2025-08-13 04:30,Sq_Long_Exit,6483.25,10,324050,112.5,0.03,0,162.5,0.05,-150,-0.05,120100,12.01,0
1844,Entry long,2025-08-13 04:30,Sq_Long,6481,10,324050,112.5,0.03,0,162.5,0.05,-150,-0.05,120100,12.01,0
1845,Exit short,2025-08-13 10:00,MR_Short_Exit,6480.25,10,324125,112.5,0.03,0,112.5,0.03,-1000,-0.31,120212.5,12.02,3
1845,Entry short,2025-08-13 08:30,MR_Short,6482.5,10,324125,112.5,0.03,0,112.5,0.03,-1000,-0.31,120212.5,12.02,3
1846,Exit long,2025-08-14 09:00,Sq_Short,6465.5,10,323275,0,0.00,0,0,0.00,0,0.00,120212.5,12.02,0
1846,Entry long,2025-08-14 09:00,MR_Long,6465.5,10,323275,0,0.00,0,0,0.00,0,0.00,120212.5,12.02,0
1847,Exit short,2025-08-14 09:00,Sq_Short_Exit,6461,10,323275,225,0.07,0,275,0.09,-150,-0.05,120437.5,12.04,0
1847,Entry short,2025-08-14 09:00,Sq_Short,6465.5,10,323275,225,0.07,0,275,0.09,-150,-0.05,120437.5,12.04,0
1848,Exit short,2025-08-15 04:30,MR_Short_Exit,6496.25,10,324900,87.5,0.03,0,87.5,0.03,-550,-0.17,120525,12.05,13
1848,Entry short,2025-08-14 22:00,MR_Short,6498,10,324900,87.5,0.03,0,87.5,0.03,-550,-0.17,120525,12.05,13
1849,Exit long,2025-08-15 06:00,MR_Long_Exit,6494,10,324600,100,0.03,0,100,0.03,-100,-0.03,120625,12.06,0
1849,Entry long,2025-08-15 06:00,MR_Long,6492,10,324600,100,0.03,0,100,0.03,-100,-0.03,120625,12.06,0
1850,Exit long,2025-08-15 10:00,Sq_Short,6477,10,323850,0,0.00,0,0,0.00,0,0.00,120625,12.06,0
1850,Entry long,2025-08-15 10:00,MR_Long,6477,10,323850,0,0.00,0,0,0.00,0,0.00,120625,12.06,0
1851,Exit short,2025-08-15 10:00,Sq_Short_Exit,6468.5,10,323850,425,0.13,0,475,0.15,-312.5,-0.10,121050,12.11,0
1851,Entry short,2025-08-15 10:00,Sq_Short,6477,10,323850,425,0.13,0,475,0.15,-312.5,-0.10,121050,12.11,0
1852,Exit long,2025-08-18 02:30,MR_Long_Exit,6471,10,323437.5,112.5,0.03,0,112.5,0.03,0,0.00,121162.5,12.12,0
1852,Entry long,2025-08-18 02:30,MR_Long,6468.75,10,323437.5,112.5,0.03,0,112.5,0.03,0,0.00,121162.5,12.12,0
1853,Exit long,2025-08-19 00:30,MR_Long_Exit,6459,10,322837.5,112.5,0.03,0,112.5,0.03,0,0.00,121275,12.13,0
1853,Entry long,2025-08-19 00:30,MR_Long,6456.75,10,322837.5,112.5,0.03,0,112.5,0.03,0,0.00,121275,12.13,0
1854,Exit long,2025-08-19 02:00,MR_Long_Exit,6458,10,322787.5,112.5,0.03,0,112.5,0.03,-87.5,-0.03,121387.5,12.14,1
1854,Entry long,2025-08-19 01:30,MR_Long,6455.75,10,322787.5,112.5,0.03,0,112.5,0.03,-87.5,-0.03,121387.5,12.14,1
1855,Exit long,2025-08-19 11:00,MR_Long_Exit,6449,10,322337.5,112.5,0.03,0,112.5,0.03,0,0.00,121500,12.15,0
1855,Entry long,2025-08-19 11:00,MR_Long,6446.75,10,322337.5,112.5,0.03,0,112.5,0.03,0,0.00,121500,12.15,0
1856,Exit long,2025-08-19 12:00,Sq_Short,6442.25,10,322112.5,0,0.00,0,0,0.00,0,0.00,121500,12.15,0
1856,Entry long,2025-08-19 12:00,MR_Long,6442.25,10,322112.5,0,0.00,0,0,0.00,0,0.00,121500,12.15,0
1857,Exit short,2025-08-19 12:00,Sq_Short_Exit,6437,10,322112.5,262.5,0.08,0,312.5,0.10,-187.5,-0.06,121762.5,12.18,0
1857,Entry short,2025-08-19 12:00,Sq_Short,6442.25,10,322112.5,262.5,0.08,0,312.5,0.10,-187.5,-0.06,121762.5,12.18,0
1858,Exit long,2025-08-19 18:30,MR_Long_Exit,6432.75,10,321550,87.5,0.03,0,87.5,0.03,-25,-0.01,121850,12.19,0
1858,Entry long,2025-08-19 18:30,MR_Long,6431,10,321550,87.5,0.03,0,87.5,0.03,-25,-0.01,121850,12.19,0
1859,Exit long,2025-08-19 20:30,MR_Long_Exit,6426.5,10,321225,100,0.03,0,100,0.03,-112.5,-0.04,121950,12.20,0
1859,Entry long,2025-08-19 20:30,MR_Long,6424.5,10,321225,100,0.03,0,100,0.03,-112.5,-0.04,121950,12.20,0
1860,Exit long,2025-08-20 03:00,MR_Long_Exit,6422,10,321000,100,0.03,0,100,0.03,-562.5,-0.18,122050,12.21,11
1860,Entry long,2025-08-19 21:30,MR_Long,6420,10,321000,100,0.03,0,100,0.03,-562.5,-0.18,122050,12.21,11
1861,Exit long,2025-08-20 10:00,MR_Long_Exit,6389.5,10,319375,100,0.03,0,100,0.03,0,0.00,122150,12.22,0
1861,Entry long,2025-08-20 10:00,MR_Long,6387.5,10,319375,100,0.03,0,100,0.03,0,0.00,122150,12.22,0
1862,Exit long,2025-08-20 12:00,MR_Long_Exit,6387,10,319250,100,0.03,0,100,0.03,-37.5,-0.01,122250,12.23,0
1862,Entry long,2025-08-20 12:00,MR_Long,6385,10,319250,100,0.03,0,100,0.03,-37.5,-0.01,122250,12.23,0
1863,Exit long,2025-08-21 10:00,MR_Long_Exit,6399.5,10,319887.5,87.5,0.03,0,87.5,0.03,-1112.5,-0.35,122337.5,12.23,4
1863,Entry long,2025-08-21 08:00,MR_Long,6397.75,10,319887.5,87.5,0.03,0,87.5,0.03,-1112.5,-0.35,122337.5,12.23,4
1864,Exit long,2025-08-21 13:30,MR_Long_Exit,6378.5,10,318812.5,112.5,0.04,0,112.5,0.04,-37.5,-0.01,122450,12.25,0
1864,Entry long,2025-08-21 13:30,MR_Long,6376.25,10,318812.5,112.5,0.04,0,112.5,0.04,-37.5,-0.01,122450,12.25,0
1865,Exit long,2025-08-22 03:00,MR_Long_Exit,6378.75,10,318837.5,100,0.03,0,100,0.03,-87.5,-0.03,122550,12.26,0
1865,Entry long,2025-08-22 03:00,MR_Long,6376.75,10,318837.5,100,0.03,0,100,0.03,-87.5,-0.03,122550,12.26,0
1866,Exit short,2025-08-22 05:00,MR_Short_Exit,6400.25,10,320112.5,100,0.03,0,100,0.03,0,0.00,122650,12.26,0
1866,Entry short,2025-08-22 05:00,MR_Short,6402.25,10,320112.5,100,0.03,0,100,0.03,0,0.00,122650,12.26,0
1867,Exit short,2025-08-22 07:30,MR_Short_Exit,6400,10,320112.5,112.5,0.04,0,112.5,0.04,-187.5,-0.06,122762.5,12.28,3
1867,Entry short,2025-08-22 06:00,MR_Short,6402.25,10,320112.5,112.5,0.04,0,112.5,0.04,-187.5,-0.06,122762.5,12.28,3
1868,Exit short,2025-08-22 08:30,MR_Short_Exit,6403,10,320262.5,112.5,0.04,0,112.5,0.04,-25,-0.01,122875,12.29,0
1868,Entry short,2025-08-22 08:30,MR_Short,6405.25,10,320262.5,112.5,0.04,0,112.5,0.04,-25,-0.01,122875,12.29,0
1869,Exit short,2025-08-22 09:30,MR_Short_Exit,6406,10,320387.5,87.5,0.03,0,87.5,0.03,0,0.00,122962.5,12.30,0
1869,Entry short,2025-08-22 09:30,MR_Short,6407.75,10,320387.5,87.5,0.03,0,87.5,0.03,0,0.00,122962.5,12.30,0
1870,Exit long,2025-08-25 05:30,MR_Long_Exit,6470.25,10,323412.5,100,0.03,0,100,0.03,-62.5,-0.02,123062.5,12.31,0
1870,Entry long,2025-08-25 05:30,MR_Long,6468.25,10,323412.5,100,0.03,0,100,0.03,-62.5,-0.02,123062.5,12.31,0
1871,Exit long,2025-08-25 07:00,MR_Long_Exit,6466.75,10,323225,112.5,0.03,0,112.5,0.03,-100,-0.03,123175,12.32,1
1871,Entry long,2025-08-25 06:30,MR_Long,6464.5,10,323225,112.5,0.03,0,112.5,0.03,-100,-0.03,123175,12.32,1
1872,Exit long,2025-08-25 08:30,MR_Long_Exit,6464.75,10,323125,112.5,0.03,0,112.5,0.03,-87.5,-0.03,123287.5,12.33,0
1872,Entry long,2025-08-25 08:30,MR_Long,6462.5,10,323125,112.5,0.03,0,112.5,0.03,-87.5,-0.03,123287.5,12.33,0
1873,Exit long,2025-08-25 16:00,MR_Long_Exit,6456.5,10,322725,100,0.03,0,100,0.03,-75,-0.02,123387.5,12.34,0
1873,Entry long,2025-08-25 16:00,MR_Long,6454.5,10,322725,100,0.03,0,100,0.03,-75,-0.02,123387.5,12.34,0
1874,Exit long,2025-08-25 20:00,MR_Long_Exit,6462.25,10,323012.5,100,0.03,0,100,0.03,-125,-0.04,123487.5,12.35,1
1874,Entry long,2025-08-25 19:30,MR_Long,6460.25,10,323012.5,100,0.03,0,100,0.03,-125,-0.04,123487.5,12.35,1
1875,Exit short,2025-08-26 10:30,MR_Short_Exit,6457.75,10,322975,87.5,0.03,0,87.5,0.03,-62.5,-0.02,123575,12.36,0
1875,Entry short,2025-08-26 10:30,MR_Short,6459.5,10,322975,87.5,0.03,0,87.5,0.03,-62.5,-0.02,123575,12.36,0
1876,Exit long,2025-08-26 12:30,MR_Short,6462.25,10,323112.5,0,0.00,0,0,0.00,0,0.00,123575,12.36,0
1876,Entry long,2025-08-26 12:30,Sq_Long,6462.25,10,323112.5,0,0.00,0,0,0.00,0,0.00,123575,12.36,0
1877,Exit long,2025-08-26 12:30,Sq_Long_Exit,6463.25,10,323112.5,50,0.02,0,100,0.03,-100,-0.03,123625,12.36,0
1877,Entry long,2025-08-26 12:30,Sq_Long,6462.25,10,323112.5,50,0.02,0,100,0.03,-100,-0.03,123625,12.36,0
1878,Exit short,2025-08-26 15:00,MR_Short_Exit,6466.25,10,323412.5,100,0.03,0,100,0.03,0,0.00,123725,12.37,0
1878,Entry short,2025-08-26 15:00,MR_Short,6468.25,10,323412.5,100,0.03,0,100,0.03,0,0.00,123725,12.37,0
1879,Exit long,2025-08-27 09:30,MR_Long_Exit,6476,10,323700,100,0.03,0,100,0.03,-75,-0.02,123825,12.38,0
1879,Entry long,2025-08-27 09:30,MR_Long,6474,10,323700,100,0.03,0,100,0.03,-75,-0.02,123825,12.38,0
1880,Exit long,2025-08-27 12:00,MR_Short,6494,10,324700,0,0.00,0,0,0.00,0,0.00,123825,12.38,0
1880,Entry long,2025-08-27 12:00,Sq_Long,6494,10,324700,0,0.00,0,0,0.00,0,0.00,123825,12.38,0
1881,Exit long,2025-08-27 13:30,Sq_Long_Exit,6496.25,10,324700,112.5,0.03,0,162.5,0.05,-600,-0.18,123937.5,12.39,3
1881,Entry long,2025-08-27 12:00,Sq_Long,6494,10,324700,112.5,0.03,0,162.5,0.05,-600,-0.18,123937.5,12.39,3
1882,Exit short,2025-08-27 14:00,MR_Short_Exit,6494.25,10,324812.5,100,0.03,0,100,0.03,0,0.00,124037.5,12.40,0
1882,Entry short,2025-08-27 14:00,MR_Short,6496.25,10,324812.5,100,0.03,0,100,0.03,0,0.00,124037.5,12.40,0
1883,Exit long,2025-08-27 20:30,MR_Long_Exit,6473.75,10,323587.5,100,0.03,0,100,0.03,-25,-0.01,124137.5,12.41,0
1883,Entry long,2025-08-27 20:30,MR_Long,6471.75,10,323587.5,100,0.03,0,100,0.03,-25,-0.01,124137.5,12.41,0
1884,Exit short,2025-08-28 06:30,MR_Short_Exit,6494.75,10,324850,112.5,0.03,0,112.5,0.03,-487.5,-0.15,124250,12.43,7
1884,Entry short,2025-08-28 03:00,MR_Short,6497,10,324850,112.5,0.03,0,112.5,0.03,-487.5,-0.15,124250,12.43,7
1885,Exit long,2025-08-28 14:00,MR_Short,6511.5,10,325575,0,0.00,0,0,0.00,0,0.00,124250,12.43,0
1885,Entry long,2025-08-28 14:00,Sq_Long,6511.5,10,325575,0,0.00,0,0,0.00,0,0.00,124250,12.43,0
1886,Exit long,2025-08-28 14:30,Sq_Long_Exit,6517.5,10,325575,300,0.09,0,350,0.11,-25,-0.01,124550,12.46,1
1886,Entry long,2025-08-28 14:00,Sq_Long,6511.5,10,325575,300,0.09,0,350,0.11,-25,-0.01,124550,12.46,1
1887,Exit long,2025-08-29 08:30,MR_Long_Exit,6505,10,325137.5,112.5,0.03,0,112.5,0.03,-700,-0.22,124662.5,12.47,9
1887,Entry long,2025-08-29 04:00,MR_Long,6502.75,10,325137.5,112.5,0.03,0,112.5,0.03,-700,-0.22,124662.5,12.47,9
1888,Exit long,2025-08-29 10:00,MR_Long_Exit,6481.75,10,324000,87.5,0.03,0,87.5,0.03,0,0.00,124750,12.48,0
1888,Entry long,2025-08-29 10:00,MR_Long,6480,10,324000,87.5,0.03,0,87.5,0.03,0,0.00,124750,12.48,0
1889,Exit long,2025-08-29 14:30,MR_Long_Exit,6469,10,323337.5,112.5,0.03,0,112.5,0.03,-50,-0.02,124862.5,12.49,0
1889,Entry long,2025-08-29 14:30,MR_Long,6466.75,10,323337.5,112.5,0.03,0,112.5,0.03,-50,-0.02,124862.5,12.49,0
1890,Exit short,2025-08-31 20:00,MR_Short_Exit,6485.75,10,324375,87.5,0.03,0,87.5,0.03,-37.5,-0.01,124950,12.50,1
1890,Entry short,2025-08-31 19:30,MR_Short,6487.5,10,324375,87.5,0.03,0,87.5,0.03,-37.5,-0.01,124950,12.50,1
1891,Exit long,2025-09-01 02:30,MR_Long_Exit,6469.5,10,323375,100,0.03,0,100,0.03,-412.5,-0.13,125050,12.51,1
1891,Entry long,2025-09-01 02:00,MR_Long,6467.5,10,323375,100,0.03,0,100,0.03,-412.5,-0.13,125050,12.51,1
1892,Exit long,2025-09-01 20:00,MR_Long_Exit,6470.5,10,323412.5,112.5,0.03,0,112.5,0.03,-87.5,-0.03,125162.5,12.52,1
1892,Entry long,2025-09-01 19:30,MR_Long,6468.25,10,323412.5,112.5,0.03,0,112.5,0.03,-87.5,-0.03,125162.5,12.52,1
1893,Exit long,2025-09-01 23:00,MR_Long_Exit,6468.75,10,323337.5,100,0.03,0,100,0.03,0,0.00,125262.5,12.53,0
1893,Entry long,2025-09-01 23:00,MR_Long,6466.75,10,323337.5,100,0.03,0,100,0.03,0,0.00,125262.5,12.53,0
1894,Exit long,2025-09-02 02:00,MR_Long_Exit,6466,10,323212.5,87.5,0.03,0,87.5,0.03,-50,-0.02,125350,12.53,0
1894,Entry long,2025-09-02 02:00,MR_Long,6464.25,10,323212.5,87.5,0.03,0,87.5,0.03,-50,-0.02,125350,12.53,0
1895,Exit long,2025-09-02 04:00,MR_Long_Exit,6432.25,10,321512.5,100,0.03,0,100,0.03,-100,-0.03,125450,12.55,0
1895,Entry long,2025-09-02 04:00,MR_Long,6430.25,10,321512.5,100,0.03,0,100,0.03,-100,-0.03,125450,12.55,0
1896,Exit short,2025-09-02 18:30,MR_Short_Exit,6440.5,10,322125,100,0.03,0,100,0.03,-125,-0.04,125550,12.56,0
1896,Entry short,2025-09-02 18:30,MR_Short,6442.5,10,322125,100,0.03,0,100,0.03,-125,-0.04,125550,12.56,0
1897,Exit short,2025-09-02 22:00,MR_Short_Exit,6431.5,10,321662.5,87.5,0.03,0,87.5,0.03,-37.5,-0.01,125637.5,12.56,0
1897,Entry short,2025-09-02 22:00,MR_Short,6433.25,10,321662.5,87.5,0.03,0,87.5,0.03,-37.5,-0.01,125637.5,12.56,0
1898,Exit short,2025-09-03 04:30,MR_Short_Exit,6451,10,322625,75,0.02,0,75,0.02,0,0.00,125712.5,12.57,0
1898,Entry short,2025-09-03 04:30,MR_Short,6452.5,10,322625,75,0.02,0,75,0.02,0,0.00,125712.5,12.57,0
1899,Exit long,2025-09-03 05:00,Sq_Long_Exit,6452.75,10,322587.5,50,0.02,0,100,0.03,0,0.00,125762.5,12.58,0
1899,Entry long,2025-09-03 05:00,Sq_Long,6451.75,10,322587.5,50,0.02,0,100,0.03,0,0.00,125762.5,12.58,0
1900,Exit short,2025-09-03 11:00,MR_Short_Exit,6459.75,10,323087.5,100,0.03,0,100,0.03,-137.5,-0.04,125862.5,12.59,0
1900,Entry short,2025-09-03 11:00,MR_Short,6461.75,10,323087.5,100,0.03,0,100,0.03,-137.5,-0.04,125862.5,12.59,0
1901,Exit long,2025-09-03 14:00,MR_Long_Exit,6433.75,10,321587.5,100,0.03,0,100,0.03,0,0.00,125962.5,12.60,0
1901,Entry long,2025-09-03 14:00,MR_Long,6431.75,10,321587.5,100,0.03,0,100,0.03,0,0.00,125962.5,12.60,0
1902,Exit long,2025-09-03 15:00,MR_Long_Exit,6432.75,10,321537.5,100,0.03,0,100,0.03,-162.5,-0.05,126062.5,12.61,0
1902,Entry long,2025-09-03 15:00,MR_Long,6430.75,10,321537.5,100,0.03,0,100,0.03,-162.5,-0.05,126062.5,12.61,0
1903,Exit short,2025-09-03 21:00,MR_Short_Exit,6465.25,10,323350,87.5,0.03,0,87.5,0.03,-137.5,-0.04,126150,12.62,1
1903,Entry short,2025-09-03 20:30,MR_Short,6467,10,323350,87.5,0.03,0,87.5,0.03,-137.5,-0.04,126150,12.62,1
1904,Exit short,2025-09-04 11:00,MR_Short_Exit,6476,10,323900,100,0.03,0,100,0.03,0,0.00,126250,12.63,0
1904,Entry short,2025-09-04 11:00,MR_Short,6478,10,323900,100,0.03,0,100,0.03,0,0.00,126250,12.63,0
1905,Exit long,2025-09-04 12:00,Sq_Long_Exit,6486.25,10,324162.5,150,0.05,0,200,0.06,-175,-0.05,126400,12.64,0
1905,Entry long,2025-09-04 12:00,Sq_Long,6483.25,10,324162.5,150,0.05,0,200,0.06,-175,-0.05,126400,12.64,0
1906,Exit short,2025-09-04 13:30,MR_Short_Exit,6487.75,10,324500,112.5,0.03,0,112.5,0.03,0,0.00,126512.5,12.65,0
1906,Entry short,2025-09-04 13:30,MR_Short,6490,10,324500,112.5,0.03,0,112.5,0.03,0,0.00,126512.5,12.65,0
1907,Exit short,2025-09-05 03:00,MR_Short_Exit,6523.5,10,326262.5,87.5,0.03,0,87.5,0.03,-275,-0.08,126600,12.66,2
1907,Entry short,2025-09-05 02:00,MR_Short,6525.25,10,326262.5,87.5,0.03,0,87.5,0.03,-275,-0.08,126600,12.66,2
1908,Exit long,2025-09-05 08:30,MR_Long_Exit,6516.75,10,325725,112.5,0.03,0,112.5,0.03,-575,-0.18,126712.5,12.67,0
1908,Entry long,2025-09-05 08:30,MR_Long,6514.5,10,325725,112.5,0.03,0,112.5,0.03,-575,-0.18,126712.5,12.67,0
1909,Exit short,2025-09-05 09:00,MR_Short_Exit,6533.5,10,326787.5,112.5,0.03,0,112.5,0.03,0,0.00,126825,12.68,0
1909,Entry short,2025-09-05 09:00,MR_Short,6535.75,10,326787.5,112.5,0.03,0,112.5,0.03,0,0.00,126825,12.68,0
1910,Exit long,2025-09-05 10:30,Sq_Short,6484.25,10,324212.5,0,0.00,0,0,0.00,0,0.00,126825,12.68,0
1910,Entry long,2025-09-05 10:30,MR_Long,6484.25,10,324212.5,0,0.00,0,0,0.00,0,0.00,126825,12.68,0
1911,Exit short,2025-09-05 10:30,Sq_Short_Exit,6460.5,10,324212.5,1187.5,0.37,0,1237.5,0.38,-75,-0.02,128012.5,12.80,0
1911,Entry short,2025-09-05 10:30,Sq_Short,6484.25,10,324212.5,1187.5,0.37,0,1237.5,0.38,-75,-0.02,128012.5,12.80,0
1912,Exit short,2025-09-07 20:30,MR_Short_Exit,6503.25,10,325275,112.5,0.03,0,112.5,0.03,-37.5,-0.01,128125,12.81,0
1912,Entry short,2025-09-07 20:30,MR_Short,6505.5,10,325275,112.5,0.03,0,112.5,0.03,-37.5,-0.01,128125,12.81,0
1913,Exit short,2025-09-08 11:30,MR_Short_Exit,6514.25,10,325800,87.5,0.03,0,87.5,0.03,-25,-0.01,128212.5,12.82,0
1913,Entry short,2025-09-08 11:30,MR_Short,6516,10,325800,87.5,0.03,0,87.5,0.03,-25,-0.01,128212.5,12.82,0
1914,Exit short,2025-09-09 03:30,MR_Short_Exit,6518.5,10,326025,100,0.03,0,100,0.03,-150,-0.05,128312.5,12.83,0
1914,Entry short,2025-09-09 03:30,MR_Short,6520.5,10,326025,100,0.03,0,100,0.03,-150,-0.05,128312.5,12.83,0
1915,Exit long,2025-09-09 11:00,MR_Long_Exit,6502.5,10,325012.5,112.5,0.03,0,112.5,0.03,-262.5,-0.08,128425,12.84,0
1915,Entry long,2025-09-09 11:00,MR_Long,6500.25,10,325012.5,112.5,0.03,0,112.5,0.03,-262.5,-0.08,128425,12.84,0
1916,Exit long,2025-09-09 12:00,Sq_Short,6499.75,10,324987.5,0,0.00,0,0,0.00,0,0.00,128425,12.84,0
1916,Entry long,2025-09-09 12:00,MR_Long,6499.75,10,324987.5,0,0.00,0,0,0.00,0,0.00,128425,12.84,0
1917,Exit short,2025-09-09 16:30,Session Flatten,6531.75,10,324987.5,-1600,-0.49,0,50,0.02,-1612.5,-0.50,126825,12.68,9
1917,Entry short,2025-09-09 12:00,Sq_Short,6499.75,10,324987.5,-1600,-0.49,0,50,0.02,-1612.5,-0.50,126825,12.68,9
1918,Exit short,2025-09-09 19:00,MR_Short_Exit,6532.25,10,326712.5,100,0.03,0,100,0.03,-87.5,-0.03,126925,12.69,1
1918,Entry short,2025-09-09 18:30,MR_Short,6534.25,10,326712.5,100,0.03,0,100,0.03,-87.5,-0.03,126925,12.69,1
1919,Exit short,2025-09-10 03:30,MR_Short_Exit,6540.25,10,327112.5,100,0.03,0,100,0.03,-75,-0.02,127025,12.70,0
1919,Entry short,2025-09-10 03:30,MR_Short,6542.25,10,327112.5,100,0.03,0,100,0.03,-75,-0.02,127025,12.70,0
1920,Exit long,2025-09-10 09:00,MR_Short,6554.75,10,327737.5,0,0.00,0,0,0.00,0,0.00,127025,12.70,0
1920,Entry long,2025-09-10 09:00,Sq_Long,6554.75,10,327737.5,0,0.00,0,0,0.00,0,0.00,127025,12.70,0
1921,Exit long,2025-09-10 09:00,Sq_Long_Exit,6558,10,327737.5,162.5,0.05,0,212.5,0.06,-187.5,-0.06,127187.5,12.72,0
1921,Entry long,2025-09-10 09:00,Sq_Long,6554.75,10,327737.5,162.5,0.05,0,212.5,0.06,-187.5,-0.06,127187.5,12.72,0
1922,Exit long,2025-09-10 15:30,MR_Long_Exit,6526.75,10,326250,87.5,0.03,0,87.5,0.03,-87.5,-0.03,127275,12.73,0
1922,Entry long,2025-09-10 15:30,MR_Long,6525,10,326250,87.5,0.03,0,87.5,0.03,-87.5,-0.03,127275,12.73,0
1923,Exit short,2025-09-11 08:30,MR_Short_Exit,6553,10,327700,50,0.02,0,50,0.02,-400,-0.12,127325,12.73,0
1923,Entry short,2025-09-11 08:30,MR_Short,6554,10,327700,50,0.02,0,50,0.02,-400,-0.12,127325,12.73,0
1924,Exit long,2025-09-12 05:00,MR_Long_Exit,6583.75,10,329087.5,100,0.03,0,100,0.03,-75,-0.02,127425,12.74,1
1924,Entry long,2025-09-12 04:30,MR_Long,6581.75,10,329087.5,100,0.03,0,100,0.03,-75,-0.02,127425,12.74,1
1925,Exit long,2025-09-12 11:00,MR_Short,6597.5,10,329875,0,0.00,0,0,0.00,0,0.00,127425,12.74,0
1925,Entry long,2025-09-12 11:00,Sq_Long,6597.5,10,329875,0,0.00,0,0,0.00,0,0.00,127425,12.74,0
1926,Exit long,2025-09-12 14:00,Sq_Long_Exit,6598.75,10,329875,62.5,0.02,0,112.5,0.03,-587.5,-0.18,127487.5,12.75,6
1926,Entry long,2025-09-12 11:00,Sq_Long,6597.5,10,329875,62.5,0.02,0,112.5,0.03,-587.5,-0.18,127487.5,12.75,6
1927,Exit short,2025-09-12 15:00,MR_Short_Exit,6596.75,10,329950,112.5,0.03,0,112.5,0.03,-337.5,-0.10,127600,12.76,1
1927,Entry short,2025-09-12 14:30,MR_Short,6599,10,329950,112.5,0.03,0,112.5,0.03,-337.5,-0.10,127600,12.76,1
1928,Exit short,2025-09-15 03:00,MR_Short_Exit,6596.5,10,329912.5,87.5,0.03,0,87.5,0.03,0,0.00,127687.5,12.77,0
1928,Entry short,2025-09-15 03:00,MR_Short,6598.25,10,329912.5,87.5,0.03,0,87.5,0.03,0,0.00,127687.5,12.77,0
1929,Exit short,2025-09-15 16:30,Session Flatten,6616.25,10,330100,-712.5,-0.22,0,37.5,0.01,-1087.5,-0.33,126975,12.70,17
1929,Entry short,2025-09-15 08:00,MR_Short,6602,10,330100,-712.5,-0.22,0,37.5,0.01,-1087.5,-0.33,126975,12.70,17
1930,Exit short,2025-09-15 18:30,MR_Short_Exit,6671.25,10,333662.5,100,0.03,0,100,0.03,-12.5,0.00,127075,12.71,0
1930,Entry short,2025-09-15 18:30,MR_Short,6673.25,10,333662.5,100,0.03,0,100,0.03,-12.5,0.00,127075,12.71,0
1931,Exit short,2025-09-16 05:30,MR_Short_Exit,6691.75,10,334687.5,100,0.03,0,100,0.03,-162.5,-0.05,127175,12.72,2
1931,Entry short,2025-09-16 04:30,MR_Short,6693.75,10,334687.5,100,0.03,0,100,0.03,-162.5,-0.05,127175,12.72,2
1932,Exit long,2025-09-16 10:00,Sq_Short,6672.75,10,333637.5,0,0.00,0,0,0.00,0,0.00,127175,12.72,0
1932,Entry long,2025-09-16 10:00,MR_Long,6672.75,10,333637.5,0,0.00,0,0,0.00,0,0.00,127175,12.72,0
1933,Exit short,2025-09-16 10:00,Sq_Short_Exit,6667,10,333637.5,287.5,0.09,0,337.5,0.10,-112.5,-0.03,127462.5,12.75,0
1933,Entry short,2025-09-16 10:00,Sq_Short,6672.75,10,333637.5,287.5,0.09,0,337.5,0.10,-112.5,-0.03,127462.5,12.75,0
1934,Exit long,2025-09-17 13:00,Sq_Short,6651.75,10,332587.5,0,0.00,0,0,0.00,0,0.00,127462.5,12.75,0
1934,Entry long,2025-09-17 13:00,MR_Long,6651.75,10,332587.5,0,0.00,0,0,0.00,0,0.00,127462.5,12.75,0
1935,Exit short,2025-09-17 14:00,Sq_Short_Exit,6641,10,332587.5,537.5,0.16,0,587.5,0.18,-1750,-0.53,128000,12.80,2
1935,Entry short,2025-09-17 13:00,Sq_Short,6651.75,10,332587.5,537.5,0.16,0,587.5,0.18,-1750,-0.53,128000,12.80,2
1936,Exit long,2025-09-17 19:30,Sq_Long_Exit,6683.5,10,334125,50,0.01,0,100,0.03,-87.5,-0.03,128050,12.81,0
1936,Entry long,2025-09-17 19:30,Sq_Long,6682.5,10,334125,50,0.01,0,100,0.03,-87.5,-0.03,128050,12.81,0
1937,Exit short,2025-09-18 02:00,MR_Short_Exit,6683.25,10,334262.5,100,0.03,0,100,0.03,-425,-0.13,128150,12.81,7
1937,Entry short,2025-09-17 22:30,MR_Short,6685.25,10,334262.5,100,0.03,0,100,0.03,-425,-0.13,128150,12.81,7
1938,Exit short,2025-09-18 08:30,MR_Short_Exit,6697.5,10,334975,100,0.03,0,100,0.03,-1012.5,-0.30,128250,12.83,9
1938,Entry short,2025-09-18 04:00,MR_Short,6699.5,10,334975,100,0.03,0,100,0.03,-1012.5,-0.30,128250,12.83,9
1939,Exit long,2025-09-18 09:30,MR_Long_Exit,6688.5,10,334337.5,87.5,0.03,0,87.5,0.03,0,0.00,128337.5,12.83,0
1939,Entry long,2025-09-18 09:30,MR_Long,6686.75,10,334337.5,87.5,0.03,0,87.5,0.03,0,0.00,128337.5,12.83,0
1940,Exit long,2025-09-19 03:00,MR_Long_Exit,6686,10,334200,100,0.03,0,100,0.03,-225,-0.07,128437.5,12.84,0
1940,Entry long,2025-09-19 03:00,MR_Long,6684,10,334200,100,0.03,0,100,0.03,-225,-0.07,128437.5,12.84,0
1941,Exit short,2025-09-19 08:30,MR_Short_Exit,6702.75,10,335237.5,100,0.03,0,100,0.03,-75,-0.02,128537.5,12.85,0
1941,Entry short,2025-09-19 08:30,MR_Short,6704.75,10,335237.5,100,0.03,0,100,0.03,-75,-0.02,128537.5,12.85,0
1942,Exit short,2025-09-19 09:30,MR_Short_Exit,6705,10,335350,100,0.03,0,100,0.03,-225,-0.07,128637.5,12.86,0
1942,Entry short,2025-09-19 09:30,MR_Short,6707,10,335350,100,0.03,0,100,0.03,-225,-0.07,128637.5,12.86,0
1943,Exit short,2025-09-19 16:30,Session Flatten,6718.5,10,335837.5,-87.5,-0.03,0,25,0.01,-737.5,-0.22,128550,12.86,3
1943,Entry short,2025-09-19 15:00,MR_Short,6716.75,10,335837.5,-87.5,-0.03,0,25,0.01,-737.5,-0.22,128550,12.86,3
1944,Exit long,2025-09-22 03:30,Sq_Short,6696.75,10,334837.5,0,0.00,0,0,0.00,0,0.00,128550,12.86,0
1944,Entry long,2025-09-22 03:30,MR_Long,6696.75,10,334837.5,0,0.00,0,0,0.00,0,0.00,128550,12.86,0
1945,Exit short,2025-09-22 12:00,Sq_Short_Exit,6738,10,334837.5,-2062.5,-0.62,0,12.5,0.00,-2062.5,-0.62,126487.5,12.65,17
1945,Entry short,2025-09-22 03:30,Sq_Short,6696.75,10,334837.5,-2062.5,-0.62,0,12.5,0.00,-2062.5,-0.62,126487.5,12.65,17
1946,Exit short,2025-09-22 16:30,Session Flatten,6745.75,10,337125,-162.5,-0.05,0,25,0.01,-712.5,-0.21,126325,12.63,8
1946,Entry short,2025-09-22 12:30,MR_Short,6742.5,10,337125,-162.5,-0.05,0,25,0.01,-712.5,-0.21,126325,12.63,8
1947,Exit long,2025-09-23 12:30,MR_Long_Exit,6740.25,10,336912.5,100,0.03,0,100,0.03,-350,-0.10,126425,12.64,1
1947,Entry long,2025-09-23 12:00,MR_Long,6738.25,10,336912.5,100,0.03,0,100,0.03,-350,-0.10,126425,12.64,1
1948,Exit long,2025-09-24 10:00,MR_Long_Exit,6714.5,10,335625,100,0.03,0,100,0.03,-200,-0.06,126525,12.65,0
1948,Entry long,2025-09-24 10:00,MR_Long,6712.5,10,335625,100,0.03,0,100,0.03,-200,-0.06,126525,12.65,0
1949,Exit long,2025-09-24 11:00,Sq_Short,6711.25,10,335562.5,0,0.00,0,0,0.00,0,0.00,126525,12.65,0
1949,Entry long,2025-09-24 11:00,MR_Long,6711.25,10,335562.5,0,0.00,0,0,0.00,0,0.00,126525,12.65,0
1950,Exit short,2025-09-24 11:00,Sq_Short_Exit,6706.75,10,335562.5,225,0.07,0,275,0.08,-112.5,-0.03,126750,12.68,0
1950,Entry short,2025-09-24 11:00,Sq_Short,6711.25,10,335562.5,225,0.07,0,275,0.08,-112.5,-0.03,126750,12.68,0
1951,Exit short,2025-09-25 00:00,MR_Short_Exit,6702.5,10,335225,100,0.03,0,100,0.03,-50,-0.01,126850,12.68,2
1951,Entry short,2025-09-24 23:00,MR_Short,6704.5,10,335225,100,0.03,0,100,0.03,-50,-0.01,126850,12.68,2
1952,Exit long,2025-09-25 03:30,MR_Long_Exit,6693.5,10,334587.5,87.5,0.03,0,87.5,0.03,-400,-0.12,126937.5,12.69,1
1952,Entry long,2025-09-25 03:00,MR_Long,6691.75,10,334587.5,87.5,0.03,0,87.5,0.03,-400,-0.12,126937.5,12.69,1
1953,Exit long,2025-09-25 05:00,MR_Long_Exit,6692,10,334500,100,0.03,0,100,0.03,-125,-0.04,127037.5,12.70,0
1953,Entry long,2025-09-25 05:00,MR_Long,6690,10,334500,100,0.03,0,100,0.03,-125,-0.04,127037.5,12.70,0
1954,Exit long,2025-09-25 06:00,MR_Long_Exit,6689.75,10,334400,87.5,0.03,0,87.5,0.03,0,0.00,127125,12.71,0
1954,Entry long,2025-09-25 06:00,MR_Long,6688,10,334400,87.5,0.03,0,87.5,0.03,0,0.00,127125,12.71,0
1955,Exit long,2025-09-25 11:30,MR_Long_Exit,6657,10,332737.5,112.5,0.03,0,112.5,0.03,0,0.00,127237.5,12.72,0
1955,Entry long,2025-09-25 11:30,MR_Long,6654.75,10,332737.5,112.5,0.03,0,112.5,0.03,0,0.00,127237.5,12.72,0
1956,Exit long,2025-09-25 14:00,MR_Long_Exit,6638.5,10,331825,100,0.03,0,100,0.03,-612.5,-0.18,127337.5,12.73,0
1956,Entry long,2025-09-25 14:00,MR_Long,6636.5,10,331825,100,0.03,0,100,0.03,-612.5,-0.18,127337.5,12.73,0
1957,Exit short,2025-09-26 03:30,MR_Short_Exit,6671.75,10,333687.5,100,0.03,0,100,0.03,-37.5,-0.01,127437.5,12.74,0
1957,Entry short,2025-09-26 03:30,MR_Short,6673.75,10,333687.5,100,0.03,0,100,0.03,-37.5,-0.01,127437.5,12.74,0
1958,Exit long,2025-09-26 09:00,MR_Short,6681.5,10,334075,0,0.00,0,0,0.00,0,0.00,127437.5,12.74,0
1958,Entry long,2025-09-26 09:00,Sq_Long,6681.5,10,334075,0,0.00,0,0,0.00,0,0.00,127437.5,12.74,0
1959,Exit long,2025-09-26 09:30,Sq_Long_Exit,6697.25,10,334075,787.5,0.24,0,837.5,0.25,-700,-0.21,128225,12.82,1
1959,Entry long,2025-09-26 09:00,Sq_Long,6681.5,10,334075,787.5,0.24,0,837.5,0.25,-700,-0.21,128225,12.82,1
1960,Exit short,2025-09-26 10:00,MR_Short_Exit,6694.75,10,334825,87.5,0.03,0,87.5,0.03,-325,-0.10,128312.5,12.83,0
1960,Entry short,2025-09-26 10:00,MR_Short,6696.5,10,334825,87.5,0.03,0,87.5,0.03,-325,-0.10,128312.5,12.83,0
1961,Exit long,2025-09-26 13:00,Sq_Long_Exit,6695.5,10,334612.5,162.5,0.05,0,212.5,0.06,-100,-0.03,128475,12.85,0
1961,Entry long,2025-09-26 13:00,Sq_Long,6692.25,10,334612.5,162.5,0.05,0,212.5,0.06,-100,-0.03,128475,12.85,0
1962,Exit short,2025-09-26 13:30,MR_Short_Exit,6693.25,10,334775,112.5,0.03,0,112.5,0.03,-62.5,-0.02,128587.5,12.86,0
1962,Entry short,2025-09-26 13:30,MR_Short,6695.5,10,334775,112.5,0.03,0,112.5,0.03,-62.5,-0.02,128587.5,12.86,0
1963,Exit short,2025-09-26 14:30,MR_Short_Exit,6694.5,10,334825,100,0.03,0,100,0.03,0,0.00,128687.5,12.87,0
1963,Entry short,2025-09-26 14:30,MR_Short,6696.5,10,334825,100,0.03,0,100,0.03,0,0.00,128687.5,12.87,0
1964,Exit short,2025-09-28 21:00,MR_Short_Exit,6707.5,10,335487.5,112.5,0.03,0,112.5,0.03,-187.5,-0.06,128800,12.88,1
1964,Entry short,2025-09-28 20:30,MR_Short,6709.75,10,335487.5,112.5,0.03,0,112.5,0.03,-187.5,-0.06,128800,12.88,1
1965,Exit short,2025-09-29 03:00,MR_Short_Exit,6717.75,10,335987.5,100,0.03,0,100,0.03,-250,-0.07,128900,12.89,1
1965,Entry short,2025-09-29 02:30,MR_Short,6719.75,10,335987.5,100,0.03,0,100,0.03,-250,-0.07,128900,12.89,1
1966,Exit long,2025-09-29 12:00,MR_Long_Exit,6715.5,10,335687.5,87.5,0.03,0,87.5,0.03,-375,-0.11,128987.5,12.90,1
1966,Entry long,2025-09-29 11:30,MR_Long,6713.75,10,335687.5,87.5,0.03,0,87.5,0.03,-375,-0.11,128987.5,12.90,1
1967,Exit long,2025-09-29 15:30,MR_Long_Exit,6706.5,10,335212.5,112.5,0.03,0,112.5,0.03,-12.5,0.00,129100,12.91,0
1967,Entry long,2025-09-29 15:30,MR_Long,6704.25,10,335212.5,112.5,0.03,0,112.5,0.03,-12.5,0.00,129100,12.91,0
1968,Exit long,2025-09-30 04:30,MR_Long_Exit,6702.75,10,335037.5,100,0.03,0,100,0.03,-50,-0.01,129200,12.92,0
1968,Entry long,2025-09-30 04:30,MR_Long,6700.75,10,335037.5,100,0.03,0,100,0.03,-50,-0.01,129200,12.92,0
1969,Exit long,2025-09-30 06:30,MR_Long_Exit,6700.75,10,334950,87.5,0.03,0,87.5,0.03,-162.5,-0.05,129287.5,12.93,0
1969,Entry long,2025-09-30 06:30,MR_Long,6699,10,334950,87.5,0.03,0,87.5,0.03,-162.5,-0.05,129287.5,12.93,0
1970,Exit long,2025-09-30 15:30,MR_Short,6731,10,336550,0,0.00,0,0,0.00,0,0.00,129287.5,12.93,0
1970,Entry long,2025-09-30 15:30,Sq_Long,6731,10,336550,0,0.00,0,0,0.00,0,0.00,129287.5,12.93,0
1971,Exit long,2025-09-30 15:30,Sq_Long_Exit,6742.75,10,336550,587.5,0.17,0,637.5,0.19,-262.5,-0.08,129875,12.99,0
1971,Entry long,2025-09-30 15:30,Sq_Long,6731,10,336550,587.5,0.17,0,637.5,0.19,-262.5,-0.08,129875,12.99,0
1972,Exit short,2025-09-30 18:30,MR_Short_Exit,6729.75,10,336587.5,100,0.03,0,100,0.03,-75,-0.02,129975,13.00,0
1972,Entry short,2025-09-30 18:30,MR_Short,6731.75,10,336587.5,100,0.03,0,100,0.03,-75,-0.02,129975,13.00,0
1973,Exit long,2025-10-01 01:30,MR_Long_Exit,6707.75,10,335275,112.5,0.03,0,112.5,0.03,-75,-0.02,130087.5,13.01,0
1973,Entry long,2025-10-01 01:30,MR_Long,6705.5,10,335275,112.5,0.03,0,112.5,0.03,-75,-0.02,130087.5,13.01,0
1974,Exit short,2025-10-01 08:00,MR_Short_Exit,6712.5,10,335712.5,87.5,0.03,0,87.5,0.03,-62.5,-0.02,130175,13.02,0
1974,Entry short,2025-10-01 08:00,MR_Short,6714.25,10,335712.5,87.5,0.03,0,87.5,0.03,-62.5,-0.02,130175,13.02,0
1975,Exit short,2025-10-01 10:30,MR_Short_Exit,6728.25,10,336512.5,100,0.03,0,100,0.03,0,0.00,130275,13.03,0
1975,Entry short,2025-10-01 10:30,MR_Short,6730.25,10,336512.5,100,0.03,0,100,0.03,0,0.00,130275,13.03,0
1976,Exit short,2025-10-02 10:00,MR_Short_Exit,6761.25,10,338175,112.5,0.03,0,112.5,0.03,-937.5,-0.28,130387.5,13.04,27
1976,Entry short,2025-10-01 20:30,MR_Short,6763.5,10,338175,112.5,0.03,0,112.5,0.03,-937.5,-0.28,130387.5,13.04,27
1977,Exit long,2025-10-02 10:30,Sq_Short,6761.25,10,338062.5,0,0.00,0,0,0.00,0,0.00,130387.5,13.04,0
1977,Entry long,2025-10-02 10:30,MR_Long,6761.25,10,338062.5,0,0.00,0,0,0.00,0,0.00,130387.5,13.04,0
1978,Exit short,2025-10-02 11:00,Sq_Short_Exit,6750.5,10,338062.5,537.5,0.16,0,587.5,0.17,-175,-0.05,130925,13.09,1
1978,Entry short,2025-10-02 10:30,Sq_Short,6761.25,10,338062.5,537.5,0.16,0,587.5,0.17,-175,-0.05,130925,13.09,1
1979,Exit long,2025-10-02 12:30,MR_Long_Exit,6757.5,10,337762.5,112.5,0.03,0,112.5,0.03,0,0.00,131037.5,13.10,0
1979,Entry long,2025-10-02 12:30,MR_Long,6755.25,10,337762.5,112.5,0.03,0,112.5,0.03,0,0.00,131037.5,13.10,0
1980,Exit short,2025-10-03 08:30,MR_Short_Exit,6771.25,10,338650,87.5,0.03,0,87.5,0.03,-725,-0.21,131125,13.11,23
1980,Entry short,2025-10-02 21:00,MR_Short,6773,10,338650,87.5,0.03,0,87.5,0.03,-725,-0.21,131125,13.11,23
1981,Exit long,2025-10-03 09:00,MR_Long_Exit,6772.5,10,338525,100,0.03,0,100,0.03,-125,-0.04,131225,13.12,0
1981,Entry long,2025-10-03 09:00,MR_Long,6770.5,10,338525,100,0.03,0,100,0.03,-125,-0.04,131225,13.12,0
1982,Exit short,2025-10-03 11:00,MR_Short_Exit,6791.75,10,339700,112.5,0.03,0,112.5,0.03,-12.5,0.00,131337.5,13.13,0
1982,Entry short,2025-10-03 11:00,MR_Short,6794,10,339700,112.5,0.03,0,112.5,0.03,-12.5,0.00,131337.5,13.13,0
1983,Exit short,2025-10-03 12:00,MR_Short_Exit,6796,10,339900,100,0.03,0,100,0.03,-100,-0.03,131437.5,13.14,0
1983,Entry short,2025-10-03 12:00,MR_Short,6798,10,339900,100,0.03,0,100,0.03,-100,-0.03,131437.5,13.14,0
1984,Exit long,2025-10-03 14:00,MR_Long_Exit,6766.5,10,338225,100,0.03,0,100,0.03,-475,-0.14,131537.5,13.15,0
1984,Entry long,2025-10-03 14:00,MR_Long,6764.5,10,338225,100,0.03,0,100,0.03,-475,-0.14,131537.5,13.15,0
1985,Exit short,2025-10-06 01:00,MR_Short_Exit,6782.75,10,339250,112.5,0.03,0,112.5,0.03,-125,-0.04,131650,13.17,1
1985,Entry short,2025-10-06 00:30,MR_Short,6785,10,339250,112.5,0.03,0,112.5,0.03,-125,-0.04,131650,13.17,1
1986,Exit long,2025-10-06 10:00,MR_Long_Exit,6774.25,10,338612.5,100,0.03,0,100,0.03,-300,-0.09,131750,13.18,0
1986,Entry long,2025-10-06 10:00,MR_Long,6772.25,10,338612.5,100,0.03,0,100,0.03,-300,-0.09,131750,13.18,0
1987,Exit long,2025-10-06 21:00,MR_Long_Exit,6779.25,10,338862.5,100,0.03,0,100,0.03,-100,-0.03,131850,13.18,0
1987,Entry long,2025-10-06 21:00,MR_Long,6777.25,10,338862.5,100,0.03,0,100,0.03,-100,-0.03,131850,13.18,0
1988,Exit short,2025-10-07 08:00,MR_Short_Exit,6789.5,10,339575,100,0.03,0,100,0.03,-25,-0.01,131950,13.20,0
1988,Entry short,2025-10-07 08:00,MR_Short,6791.5,10,339575,100,0.03,0,100,0.03,-25,-0.01,131950,13.20,0
1989,Exit long,2025-10-07 12:30,MR_Long_Exit,6765.75,10,338175,112.5,0.03,0,112.5,0.03,-812.5,-0.24,132062.5,13.21,2
1989,Entry long,2025-10-07 11:30,MR_Long,6763.5,10,338175,112.5,0.03,0,112.5,0.03,-812.5,-0.24,132062.5,13.21,2
1990,Exit short,2025-10-07 22:30,MR_Short_Exit,6770.25,10,338612.5,100,0.03,0,100,0.03,0,0.00,132162.5,13.22,0
1990,Entry short,2025-10-07 22:30,MR_Short,6772.25,10,338612.5,100,0.03,0,100,0.03,0,0.00,132162.5,13.22,0
1991,Exit long,2025-10-08 10:30,MR_Short,6790,10,339500,0,0.00,0,0,0.00,0,0.00,132162.5,13.22,0
1991,Entry long,2025-10-08 10:30,Sq_Long,6790,10,339500,0,0.00,0,0,0.00,0,0.00,132162.5,13.22,0
1992,Exit long,2025-10-08 10:30,Sq_Long_Exit,6792,10,339500,100,0.03,0,150,0.04,0,0.00,132262.5,13.23,0
1992,Entry long,2025-10-08 10:30,Sq_Long,6790,10,339500,100,0.03,0,150,0.04,0,0.00,132262.5,13.23,0
1993,Exit short,2025-10-08 15:30,MR_Short_Exit,6798,10,339987.5,87.5,0.03,0,87.5,0.03,0,0.00,132350,13.24,0
1993,Entry short,2025-10-08 15:30,MR_Short,6799.75,10,339987.5,87.5,0.03,0,87.5,0.03,0,0.00,132350,13.24,0
1994,Exit long,2025-10-09 10:00,MR_Long_Exit,6790.75,10,339437.5,100,0.03,0,100,0.03,0,0.00,132450,13.25,0
1994,Entry long,2025-10-09 10:00,MR_Long,6788.75,10,339437.5,100,0.03,0,100,0.03,0,0.00,132450,13.25,0
1995,Exit short,2025-10-09 10:30,Sq_Short_Exit,6769.5,10,339075,600,0.18,0,650,0.19,-150,-0.04,133050,13.31,0
1995,Entry short,2025-10-09 10:30,Sq_Short,6781.5,10,339075,600,0.18,0,650,0.19,-150,-0.04,133050,13.31,0
1996,Exit short,2025-10-09 23:00,MR_Short_Exit,6788,10,339512.5,112.5,0.03,0,112.5,0.03,-125,-0.04,133162.5,13.32,4
1996,Entry short,2025-10-09 21:00,MR_Short,6790.25,10,339512.5,112.5,0.03,0,112.5,0.03,-125,-0.04,133162.5,13.32,4
1997,Exit long,2025-10-10 06:00,MR_Long_Exit,6775.5,10,338675,100,0.03,0,100,0.03,-12.5,0.00,133262.5,13.33,0
1997,Entry long,2025-10-10 06:00,MR_Long,6773.5,10,338675,100,0.03,0,100,0.03,-12.5,0.00,133262.5,13.33,0
1998,Exit short,2025-10-10 10:00,MR_Short_Exit,6794.75,10,339837.5,100,0.03,0,100,0.03,-162.5,-0.05,133362.5,13.34,0
1998,Entry short,2025-10-10 10:00,MR_Short,6796.75,10,339837.5,100,0.03,0,100,0.03,-162.5,-0.05,133362.5,13.34,0
1999,Exit long,2025-10-10 11:00,Sq_Short,6757.5,10,337875,0,0.00,0,0,0.00,0,0.00,133362.5,13.34,0
1999,Entry long,2025-10-10 11:00,MR_Long,6757.5,10,337875,0,0.00,0,0,0.00,0,0.00,133362.5,13.34,0
2000,Exit short,2025-10-10 11:00,Sq_Short_Exit,6685,10,337875,3625,1.07,0,3675,1.09,-50,-0.01,136987.5,13.70,0
2000,Entry short,2025-10-10 11:00,Sq_Short,6757.5,10,337875,3625,1.07,0,3675,1.09,-50,-0.01,136987.5,13.70,0
2001,Exit short,2025-10-13 02:00,MR_Short_Exit,6681,10,334150,100,0.03,0,100,0.03,-112.5,-0.03,137087.5,13.71,0
2001,Entry short,2025-10-13 02:00,MR_Short,6683,10,334150,100,0.03,0,100,0.03,-112.5,-0.03,137087.5,13.71,0
2002,Exit short,2025-10-13 03:30,MR_Short_Exit,6700.75,10,335125,87.5,0.03,0,87.5,0.03,-187.5,-0.06,137175,13.72,0
2002,Entry short,2025-10-13 03:30,MR_Short,6702.5,10,335125,87.5,0.03,0,87.5,0.03,-187.5,-0.06,137175,13.72,0
2003,Exit long,2025-10-14 00:30,Sq_Short,6667.5,10,333375,0,0.00,0,0,0.00,0,0.00,137175,13.72,0
2003,Entry long,2025-10-14 00:30,MR_Long,6667.5,10,333375,0,0.00,0,0,0.00,0,0.00,137175,13.72,0
2004,Exit short,2025-10-14 00:30,Sq_Short_Exit,6661.5,10,333375,300,0.09,0,350,0.10,-275,-0.08,137475,13.75,0
2004,Entry short,2025-10-14 00:30,Sq_Short,6667.5,10,333375,300,0.09,0,350,0.10,-275,-0.08,137475,13.75,0
2005,Exit long,2025-10-14 12:00,MR_Short,6687.5,10,334375,0,0.00,0,0,0.00,0,0.00,137475,13.75,0
2005,Entry long,2025-10-14 12:00,Sq_Long,6687.5,10,334375,0,0.00,0,0,0.00,0,0.00,137475,13.75,0
2006,Exit long,2025-10-14 12:00,Sq_Long_Exit,6702.25,10,334375,737.5,0.22,0,787.5,0.24,-487.5,-0.15,138212.5,13.82,0
2006,Entry long,2025-10-14 12:00,Sq_Long,6687.5,10,334375,737.5,0.22,0,787.5,0.24,-487.5,-0.15,138212.5,13.82,0
2007,Exit short,2025-10-15 03:00,MR_Short_Exit,6713.25,10,335737.5,75,0.02,0,75,0.02,0,0.00,138287.5,13.83,0
2007,Entry short,2025-10-15 03:00,MR_Short,6714.75,10,335737.5,75,0.02,0,75,0.02,0,0.00,138287.5,13.83,0
2008,Exit short,2025-10-15 04:30,MR_Short_Exit,6716.5,10,335925,100,0.03,0,100,0.03,-62.5,-0.02,138387.5,13.84,0
2008,Entry short,2025-10-15 04:30,MR_Short,6718.5,10,335925,100,0.03,0,100,0.03,-62.5,-0.02,138387.5,13.84,0
2009,Exit short,2025-10-15 10:00,MR_Short_Exit,6763.25,10,336100,-2062.5,-0.61,0,50,0.01,-2062.5,-0.61,136325,13.63,9
2009,Entry short,2025-10-15 05:30,MR_Short,6722,10,336100,-2062.5,-0.61,0,50,0.01,-2062.5,-0.61,136325,13.63,9
2010,Exit short,2025-10-15 10:30,MR_Short_Exit,6758.25,10,338025,112.5,0.03,0,112.5,0.03,-137.5,-0.04,136437.5,13.64,0
2010,Entry short,2025-10-15 10:30,MR_Short,6760.5,10,338025,112.5,0.03,0,112.5,0.03,-137.5,-0.04,136437.5,13.64,0
2011,Exit long,2025-10-15 13:00,MR_Long_Exit,6663,10,335200,-2050,-0.61,0,12.5,0.00,-2050,-0.61,134387.5,13.44,0
2011,Entry long,2025-10-15 13:00,MR_Long,6704,10,335200,-2050,-0.61,0,12.5,0.00,-2050,-0.61,134387.5,13.44,0
2012,Exit short,2025-10-16 04:00,MR_Short_Exit,6730.25,10,336600,87.5,0.03,0,87.5,0.03,0,0.00,134475,13.45,0
2012,Entry short,2025-10-16 04:00,MR_Short,6732,10,336600,87.5,0.03,0,87.5,0.03,0,0.00,134475,13.45,0
2013,Exit short,2025-10-16 05:30,MR_Short_Exit,6731.5,10,336687.5,112.5,0.03,0,112.5,0.03,-150,-0.04,134587.5,13.46,0
2013,Entry short,2025-10-16 05:30,MR_Short,6733.75,10,336687.5,112.5,0.03,0,112.5,0.03,-150,-0.04,134587.5,13.46,0
2014,Exit long,2025-10-16 12:00,MR_Long_Exit,6709.5,10,335387.5,87.5,0.03,0,87.5,0.03,0,0.00,134675,13.47,0
2014,Entry long,2025-10-16 12:00,MR_Long,6707.75,10,335387.5,87.5,0.03,0,87.5,0.03,0,0.00,134675,13.47,0
2015,Exit short,2025-10-16 12:30,Sq_Short_Exit,6655.5,10,334350,1575,0.47,0,1625,0.49,-500,-0.15,136250,13.63,0
2015,Entry short,2025-10-16 12:30,Sq_Short,6687,10,334350,1575,0.47,0,1625,0.49,-500,-0.15,136250,13.63,0
2016,Exit long,2025-10-17 02:30,Sq_Short,6623,10,331150,0,0.00,0,0,0.00,0,0.00,136250,13.63,0
2016,Entry long,2025-10-17 02:30,MR_Long,6623,10,331150,0,0.00,0,0,0.00,0,0.00,136250,13.63,0
2017,Exit short,2025-10-17 02:30,Sq_Short_Exit,6609.75,10,331150,662.5,0.20,0,712.5,0.22,-125,-0.04,136912.5,13.69,0
2017,Entry short,2025-10-17 02:30,Sq_Short,6623,10,331150,662.5,0.20,0,712.5,0.22,-125,-0.04,136912.5,13.69,0
2018,Exit short,2025-10-17 08:00,MR_Short_Exit,6650.75,10,332637.5,100,0.03,0,100,0.03,0,0.00,137012.5,13.70,0
2018,Entry short,2025-10-17 08:00,MR_Short,6652.75,10,332637.5,100,0.03,0,100,0.03,0,0.00,137012.5,13.70,0
2019,Exit short,2025-10-17 12:30,MR_Short_Exit,6675,10,333850,100,0.03,0,100,0.03,-987.5,-0.30,137112.5,13.71,1
2019,Entry short,2025-10-17 12:00,MR_Short,6677,10,333850,100,0.03,0,100,0.03,-987.5,-0.30,137112.5,13.71,1
2020,Exit short,2025-10-17 16:30,Session Flatten,6710.75,10,334425,-1112.5,-0.33,0,0,0.00,-1475,-0.44,136000,13.60,5
2020,Entry short,2025-10-17 14:00,MR_Short,6688.5,10,334425,-1112.5,-0.33,0,0,0.00,-1475,-0.44,136000,13.60,5
2021,Exit short,2025-10-20 03:30,MR_Short_Exit,6731.75,10,336675,87.5,0.03,0,87.5,0.03,-200,-0.06,136087.5,13.61,0
2021,Entry short,2025-10-20 03:30,MR_Short,6733.5,10,336675,87.5,0.03,0,87.5,0.03,-200,-0.06,136087.5,13.61,0
2022,Exit short,2025-10-20 16:30,Session Flatten,6778,10,337375,-1525,-0.45,0,12.5,0.00,-1787.5,-0.53,134562.5,13.46,13
2022,Entry short,2025-10-20 10:00,MR_Short,6747.5,10,337375,-1525,-0.45,0,12.5,0.00,-1787.5,-0.53,134562.5,13.46,13
2023,Exit long,2025-10-21 02:30,MR_Long_Exit,6769.75,10,338387.5,100,0.03,0,100,0.03,-75,-0.02,134662.5,13.47,0
2023,Entry long,2025-10-21 02:30,MR_Long,6767.75,10,338387.5,100,0.03,0,100,0.03,-75,-0.02,134662.5,13.47,0
2024,Exit long,2025-10-21 05:30,MR_Long_Exit,6769.25,10,338362.5,100,0.03,0,100,0.03,-212.5,-0.06,134762.5,13.48,3
2024,Entry long,2025-10-21 04:00,MR_Long,6767.25,10,338362.5,100,0.03,0,100,0.03,-212.5,-0.06,134762.5,13.48,3
2025,Exit short,2025-10-21 11:00,MR_Short_Exit,6783.75,10,339275,87.5,0.03,0,87.5,0.03,-100,-0.03,134850,13.49,0
2025,Entry short,2025-10-21 11:00,MR_Short,6785.5,10,339275,87.5,0.03,0,87.5,0.03,-100,-0.03,134850,13.49,0
2026,Exit long,2025-10-21 12:30,MR_Short,6786.25,10,339312.5,0,0.00,0,0,0.00,0,0.00,134850,13.49,0
2026,Entry long,2025-10-21 12:30,Sq_Long,6786.25,10,339312.5,0,0.00,0,0,0.00,0,0.00,134850,13.49,0
2027,Exit long,2025-10-21 12:30,Sq_Long_Exit,6789,10,339312.5,137.5,0.04,0,187.5,0.06,0,0.00,134987.5,13.50,0
2027,Entry long,2025-10-21 12:30,Sq_Long,6786.25,10,339312.5,137.5,0.04,0,187.5,0.06,0,0.00,134987.5,13.50,0
2028,Exit long,2025-10-22 10:30,Sq_Short,6753.25,10,337662.5,0,0.00,0,0,0.00,0,0.00,134987.5,13.50,0
2028,Entry long,2025-10-22 10:30,MR_Long,6753.25,10,337662.5,0,0.00,0,0,0.00,0,0.00,134987.5,13.50,0
2029,Exit short,2025-10-22 10:30,Sq_Short_Exit,6740.5,10,337662.5,637.5,0.19,0,687.5,0.20,-350,-0.10,135625,13.56,0
2029,Entry short,2025-10-22 10:30,Sq_Short,6753.25,10,337662.5,637.5,0.19,0,687.5,0.20,-350,-0.10,135625,13.56,0
2030,Exit long,2025-10-23 08:00,MR_Long_Exit,6727.75,10,336287.5,100,0.03,0,100,0.03,0,0.00,135725,13.57,0
2030,Entry long,2025-10-23 08:00,MR_Long,6725.75,10,336287.5,100,0.03,0,100,0.03,0,0.00,135725,13.57,0
2031,Exit short,2025-10-23 10:00,MR_Short_Exit,6756.25,10,337912.5,100,0.03,0,100,0.03,-187.5,-0.06,135825,13.58,0
2031,Entry short,2025-10-23 10:00,MR_Short,6758.25,10,337912.5,100,0.03,0,100,0.03,-187.5,-0.06,135825,13.58,0
2032,Exit short,2025-10-23 13:00,MR_Short_Exit,6771,10,338637.5,87.5,0.03,0,87.5,0.03,-112.5,-0.03,135912.5,13.59,0
2032,Entry short,2025-10-23 13:00,MR_Short,6772.75,10,338637.5,87.5,0.03,0,87.5,0.03,-112.5,-0.03,135912.5,13.59,0
2033,Exit short,2025-10-23 20:00,MR_Short_Exit,6778.25,10,339012.5,100,0.03,0,100,0.03,-112.5,-0.03,136012.5,13.60,3
2033,Entry short,2025-10-23 18:30,MR_Short,6780.25,10,339012.5,100,0.03,0,100,0.03,-112.5,-0.03,136012.5,13.60,3
2034,Exit long,2025-10-24 02:30,MR_Short,6797.25,10,339862.5,0,0.00,0,0,0.00,0,0.00,136012.5,13.60,0
2034,Entry long,2025-10-24 02:30,Sq_Long,6797.25,10,339862.5,0,0.00,0,0,0.00,0,0.00,136012.5,13.60,0
2035,Exit long,2025-10-24 07:30,Sq_Long_Exit,6799,10,339862.5,87.5,0.03,0,137.5,0.04,-662.5,-0.19,136100,13.61,10
2035,Entry long,2025-10-24 02:30,Sq_Long,6797.25,10,339862.5,87.5,0.03,0,137.5,0.04,-662.5,-0.19,136100,13.61,10
2036,Exit short,2025-10-24 16:30,Session Flatten,6827,10,340650,-700,-0.21,0,37.5,0.01,-1437.5,-0.42,135400,13.54,15
2036,Entry short,2025-10-24 09:00,MR_Short,6813,10,340650,-700,-0.21,0,37.5,0.01,-1437.5,-0.42,135400,13.54,15
2037,Exit short,2025-10-26 18:30,MR_Short_Exit,6875.25,10,343875,112.5,0.03,0,112.5,0.03,-87.5,-0.03,135512.5,13.55,0
2037,Entry short,2025-10-26 18:30,MR_Short,6877.5,10,343875,112.5,0.03,0,112.5,0.03,-87.5,-0.03,135512.5,13.55,0
2038,Exit short,2025-10-27 16:30,Session Flatten,6913.5,10,344875,-800,-0.23,0,62.5,0.02,-812.5,-0.24,134712.5,13.47,3
2038,Entry short,2025-10-27 15:00,MR_Short,6897.5,10,344875,-800,-0.23,0,62.5,0.02,-812.5,-0.24,134712.5,13.47,3
2039,Exit short,2025-10-28 08:30,MR_Short_Exit,6915.75,10,345887.5,100,0.03,0,100,0.03,-12.5,0.00,134812.5,13.48,0
2039,Entry short,2025-10-28 08:30,MR_Short,6917.75,10,345887.5,100,0.03,0,100,0.03,-12.5,0.00,134812.5,13.48,0
2040,Exit long,2025-10-28 09:00,Sq_Long_Exit,6926.5,10,345800,525,0.15,0,575,0.17,-12.5,0.00,135337.5,13.53,0
2040,Entry long,2025-10-28 09:00,Sq_Long,6916,10,345800,525,0.15,0,575,0.17,-12.5,0.00,135337.5,13.53,0
2041,Exit short,2025-10-28 16:00,MR_Short_Exit,6922.5,10,346212.5,87.5,0.03,0,87.5,0.03,-1025,-0.30,135425,13.54,6
2041,Entry short,2025-10-28 13:00,MR_Short,6924.25,10,346212.5,87.5,0.03,0,87.5,0.03,-1025,-0.30,135425,13.54,6
2042,Exit short,2025-10-29 03:00,MR_Short_Exit,6941,10,347150,100,0.03,0,100,0.03,-87.5,-0.03,135525,13.55,1
2042,Entry short,2025-10-29 02:30,MR_Short,6943,10,347150,100,0.03,0,100,0.03,-87.5,-0.03,135525,13.55,1
2043,Exit short,2025-10-29 10:00,MR_Short_Exit,6948.75,10,347550,112.5,0.03,0,112.5,0.03,-50,-0.01,135637.5,13.56,0
2043,Entry short,2025-10-29 10:00,MR_Short,6951,10,347550,112.5,0.03,0,112.5,0.03,-50,-0.01,135637.5,13.56,0
2044,Exit long,2025-10-29 15:00,MR_Long_Exit,6917,10,345737.5,112.5,0.03,0,112.5,0.03,0,0.00,135750,13.58,0
2044,Entry long,2025-10-29 15:00,MR_Long,6914.75,10,345737.5,112.5,0.03,0,112.5,0.03,0,0.00,135750,13.58,0
2045,Exit short,2025-10-29 15:30,Sq_Short_Exit,6895.75,10,345425,637.5,0.18,0,687.5,0.20,0,0.00,136387.5,13.64,0
2045,Entry short,2025-10-29 15:30,Sq_Short,6908.5,10,345425,637.5,0.18,0,687.5,0.20,0,0.00,136387.5,13.64,0
2046,Exit long,2025-10-29 18:30,MR_Long_Exit,6910,10,345412.5,87.5,0.03,0,87.5,0.03,0,0.00,136475,13.65,0
2046,Entry long,2025-10-29 18:30,MR_Long,6908.25,10,345412.5,87.5,0.03,0,87.5,0.03,0,0.00,136475,13.65,0
2047,Exit short,2025-10-29 23:30,MR_Short_Exit,6947.25,10,347450,87.5,0.03,0,87.5,0.03,0,0.00,136562.5,13.66,0
2047,Entry short,2025-10-29 23:30,MR_Short,6949,10,347450,87.5,0.03,0,87.5,0.03,0,0.00,136562.5,13.66,0
2048,Exit long,2025-10-30 09:00,MR_Long_Exit,6893,10,344550,100,0.03,0,100,0.03,-200,-0.06,136662.5,13.67,0
2048,Entry long,2025-10-30 09:00,MR_Long,6891,10,344550,100,0.03,0,100,0.03,-200,-0.06,136662.5,13.67,0
2049,Exit short,2025-10-30 11:30,Sq_Short_Exit,6884.25,10,344425,212.5,0.06,0,262.5,0.08,-1162.5,-0.34,136875,13.69,2
2049,Entry short,2025-10-30 10:30,Sq_Short,6888.5,10,344425,212.5,0.06,0,262.5,0.08,-1162.5,-0.34,136875,13.69,2
2050,Exit long,2025-10-30 15:30,MR_Long_Exit,6868.75,10,343337.5,100,0.03,0,100,0.03,0,0.00,136975,13.70,0
2050,Entry long,2025-10-30 15:30,MR_Long,6866.75,10,343337.5,100,0.03,0,100,0.03,0,0.00,136975,13.70,0
2051,Exit short,2025-10-31 08:30,MR_Short_Exit,6913.5,10,345800,125,0.04,0,125,0.04,-37.5,-0.01,137100,13.71,0
2051,Entry short,2025-10-31 08:30,MR_Short,6916,10,345800,125,0.04,0,125,0.04,-37.5,-0.01,137100,13.71,0
2052,Exit long,2025-10-31 10:30,MR_Long_Exit,6886.25,10,344212.5,100,0.03,0,100,0.03,-75,-0.02,137200,13.72,0
2052,Entry long,2025-10-31 10:30,MR_Long,6884.25,10,344212.5,100,0.03,0,100,0.03,-75,-0.02,137200,13.72,0
2053,Exit long,2025-10-31 12:00,Sq_Short,6873.5,10,343675,0,0.00,0,0,0.00,0,0.00,137200,13.72,0
2053,Entry long,2025-10-31 12:00,MR_Long,6873.5,10,343675,0,0.00,0,0,0.00,0,0.00,137200,13.72,0
2054,Exit short,2025-10-31 12:00,Sq_Short_Exit,6857.5,10,343675,800,0.23,0,850,0.25,-87.5,-0.03,138000,13.80,0
2054,Entry short,2025-10-31 12:00,Sq_Short,6873.5,10,343675,800,0.23,0,850,0.25,-87.5,-0.03,138000,13.80,0
2055,Exit short,2025-11-03 09:30,MR_Short_Exit,6906.25,10,345412.5,100,0.03,0,100,0.03,-62.5,-0.02,138100,13.81,0
2055,Entry short,2025-11-03 09:30,MR_Short,6908.25,10,345412.5,100,0.03,0,100,0.03,-62.5,-0.02,138100,13.81,0
2056,Exit long,2025-11-03 10:30,MR_Long_Exit,6857,10,342737.5,112.5,0.03,0,112.5,0.03,-262.5,-0.08,138212.5,13.82,0
2056,Entry long,2025-11-03 10:30,MR_Long,6854.75,10,342737.5,112.5,0.03,0,112.5,0.03,-262.5,-0.08,138212.5,13.82,0
2057,Exit long,2025-11-03 19:30,MR_Long_Exit,6865,10,343137.5,112.5,0.03,0,112.5,0.03,-25,-0.01,138325,13.83,0
2057,Entry long,2025-11-03 19:30,MR_Long,6862.75,10,343137.5,112.5,0.03,0,112.5,0.03,-25,-0.01,138325,13.83,0
2058,Exit long,2025-11-04 01:00,MR_Long_Exit,6819.75,10,343037.5,-2050,-0.60,0,62.5,0.02,-2050,-0.60,136275,13.63,7
2058,Entry long,2025-11-03 21:30,MR_Long,6860.75,10,343037.5,-2050,-0.60,0,62.5,0.02,-2050,-0.60,136275,13.63,7
2059,Exit short,2025-11-04 10:00,MR_Short_Exit,6834.25,10,341825,112.5,0.03,0,112.5,0.03,0,0.00,136387.5,13.64,0
2059,Entry short,2025-11-04 10:00,MR_Short,6836.5,10,341825,112.5,0.03,0,112.5,0.03,0,0.00,136387.5,13.64,0
2060,Exit long,2025-11-04 22:00,MR_Long_Exit,6784.75,10,339137.5,100,0.03,0,100,0.03,-1712.5,-0.50,136487.5,13.65,5
2060,Entry long,2025-11-04 19:30,MR_Long,6782.75,10,339137.5,100,0.03,0,100,0.03,-1712.5,-0.50,136487.5,13.65,5
2061,Exit short,2025-11-05 10:00,MR_Short_Exit,6820.25,10,341087.5,75,0.02,0,75,0.02,-387.5,-0.11,136562.5,13.66,0
2061,Entry short,2025-11-05 10:00,MR_Short,6821.75,10,341087.5,75,0.02,0,75,0.02,-387.5,-0.11,136562.5,13.66,0
2062,Exit long,2025-11-05 10:30,Sq_Long_Exit,6830.5,10,341137.5,387.5,0.11,0,437.5,0.13,-250,-0.07,136950,13.69,0
2062,Entry long,2025-11-05 10:30,Sq_Long,6822.75,10,341137.5,387.5,0.11,0,437.5,0.13,-250,-0.07,136950,13.69,0
2063,Exit long,2025-11-05 20:30,MR_Long_Exit,6809.75,10,340387.5,100,0.03,0,100,0.03,-12.5,0.00,137050,13.71,0
2063,Entry long,2025-11-05 20:30,MR_Long,6807.75,10,340387.5,100,0.03,0,100,0.03,-12.5,0.00,137050,13.71,0
2064,Exit short,2025-11-06 08:30,MR_Short_Exit,6834,10,341800,100,0.03,0,100,0.03,-387.5,-0.11,137150,13.72,1
2064,Entry short,2025-11-06 08:00,MR_Short,6836,10,341800,100,0.03,0,100,0.03,-387.5,-0.11,137150,13.72,1
2065,Exit long,2025-11-06 10:00,MR_Long_Exit,6790.75,10,339425,112.5,0.03,0,112.5,0.03,0,0.00,137262.5,13.73,0
2065,Entry long,2025-11-06 10:00,MR_Long,6788.5,10,339425,112.5,0.03,0,112.5,0.03,0,0.00,137262.5,13.73,0
2066,Exit long,2025-11-06 16:00,MR_Long_Exit,6752.25,10,337512.5,100,0.03,0,100,0.03,-75,-0.02,137362.5,13.74,0
2066,Entry long,2025-11-06 16:00,MR_Long,6750.25,10,337512.5,100,0.03,0,100,0.03,-75,-0.02,137362.5,13.74,0
2067,Exit long,2025-11-07 06:30,Sq_Short,6723.5,10,336175,0,0.00,0,0,0.00,0,0.00,137362.5,13.74,0
2067,Entry long,2025-11-07 06:30,MR_Long,6723.5,10,336175,0,0.00,0,0,0.00,0,0.00,137362.5,13.74,0
2068,Exit short,2025-11-07 06:30,Sq_Short_Exit,6714.25,10,336175,462.5,0.14,0,512.5,0.15,0,0.00,137825,13.78,0
2068,Entry short,2025-11-07 06:30,Sq_Short,6723.5,10,336175,462.5,0.14,0,512.5,0.15,0,0.00,137825,13.78,0
2069,Exit long,2025-11-07 09:30,MR_Long_Exit,6689.5,10,336525,-2050,-0.61,0,0,0.00,-2050,-0.61,135775,13.58,4
2069,Entry long,2025-11-07 07:30,MR_Long,6730.5,10,336525,-2050,-0.61,0,0,0.00,-2050,-0.61,135775,13.58,4
2070,Exit short,2025-11-07 15:00,MR_Short_Exit,6741.25,10,337162.5,100,0.03,0,100,0.03,-75,-0.02,135875,13.59,0
2070,Entry short,2025-11-07 15:00,MR_Short,6743.25,10,337162.5,100,0.03,0,100,0.03,-75,-0.02,135875,13.59,0
2071,Exit short,2025-11-07 16:30,Session Flatten,6760,10,337675,-325,-0.10,0,12.5,0.00,-537.5,-0.16,135550,13.56,1
2071,Entry short,2025-11-07 16:00,MR_Short,6753.5,10,337675,-325,-0.10,0,12.5,0.00,-537.5,-0.16,135550,13.56,1
2072,Exit short,2025-11-10 06:00,MR_Short_Exit,6814.5,10,340825,100,0.03,0,100,0.03,-262.5,-0.08,135650,13.57,3
2072,Entry short,2025-11-10 04:30,MR_Short,6816.5,10,340825,100,0.03,0,100,0.03,-262.5,-0.08,135650,13.57,3
2073,Exit short,2025-11-10 10:00,MR_Short_Exit,6826.75,10,341437.5,100,0.03,0,100,0.03,0,0.00,135750,13.58,0
2073,Entry short,2025-11-10 10:00,MR_Short,6828.75,10,341437.5,100,0.03,0,100,0.03,0,0.00,135750,13.58,0
2074,Exit short,2025-11-10 16:30,Session Flatten,6861.75,10,341887.5,-1200,-0.35,0,50,0.01,-1412.5,-0.41,134550,13.46,7
2074,Entry short,2025-11-10 13:00,MR_Short,6837.75,10,341887.5,-1200,-0.35,0,50,0.01,-1412.5,-0.41,134550,13.46,7
2075,Exit long,2025-11-11 03:30,MR_Long_Exit,6846.5,10,342212.5,112.5,0.03,0,112.5,0.03,-100,-0.03,134662.5,13.47,0
2075,Entry long,2025-11-11 03:30,MR_Long,6844.25,10,342212.5,112.5,0.03,0,112.5,0.03,-100,-0.03,134662.5,13.47,0
2076,Exit long,2025-11-11 05:00,MR_Long_Exit,6842,10,342000,100,0.03,0,100,0.03,-37.5,-0.01,134762.5,13.48,0
2076,Entry long,2025-11-11 05:00,MR_Long,6840,10,342000,100,0.03,0,100,0.03,-37.5,-0.01,134762.5,13.48,0
2077,Exit short,2025-11-11 16:30,Session Flatten,6876.25,10,343225,-587.5,-0.17,0,25,0.01,-787.5,-0.23,134175,13.42,7
2077,Entry short,2025-11-11 13:00,MR_Short,6864.5,10,343225,-587.5,-0.17,0,25,0.01,-787.5,-0.23,134175,13.42,7
2078,Exit short,2025-11-12 09:30,MR_Short_Exit,6875.25,10,343837.5,75,0.02,0,75,0.02,-1187.5,-0.35,134250,13.43,28
2078,Entry short,2025-11-11 19:30,MR_Short,6876.75,10,343837.5,75,0.02,0,75,0.02,-1187.5,-0.35,134250,13.43,28
2079,Exit long,2025-11-12 12:30,MR_Long_Exit,6877,10,343737.5,112.5,0.03,0,112.5,0.03,-1137.5,-0.33,134362.5,13.44,4
2079,Entry long,2025-11-12 10:30,MR_Long,6874.75,10,343737.5,112.5,0.03,0,112.5,0.03,-1137.5,-0.33,134362.5,13.44,4
2080,Exit long,2025-11-12 19:00,MR_Long_Exit,6860,10,342925,75,0.02,0,75,0.02,-25,-0.01,134437.5,13.44,0
2080,Entry long,2025-11-12 19:00,MR_Long,6858.5,10,342925,75,0.02,0,75,0.02,-25,-0.01,134437.5,13.44,0
2081,Exit long,2025-11-13 04:30,MR_Long_Exit,6865.25,10,343162.5,100,0.03,0,100,0.03,-212.5,-0.06,134537.5,13.45,0
2081,Entry long,2025-11-13 04:30,MR_Long,6863.25,10,343162.5,100,0.03,0,100,0.03,-212.5,-0.06,134537.5,13.45,0
2082,Exit long,2025-11-13 06:30,MR_Long_Exit,6866.5,10,343237.5,87.5,0.03,0,87.5,0.03,0,0.00,134625,13.46,0
2082,Entry long,2025-11-13 06:30,MR_Long,6864.75,10,343237.5,87.5,0.03,0,87.5,0.03,0,0.00,134625,13.46,0
2083,Exit long,2025-11-13 07:30,MR_Long_Exit,6867,10,343250,100,0.03,0,100,0.03,-75,-0.02,134725,13.47,0
2083,Entry long,2025-11-13 07:30,MR_Long,6865,10,343250,100,0.03,0,100,0.03,-75,-0.02,134725,13.47,0
2084,Exit long,2025-11-13 09:30,MR_Long_Exit,6821.5,10,343075,-2000,-0.58,0,62.5,0.02,-2000,-0.58,132725,13.27,2
2084,Entry long,2025-11-13 08:30,MR_Long,6861.5,10,343075,-2000,-0.58,0,62.5,0.02,-2000,-0.58,132725,13.27,2
2085,Exit long,2025-11-13 19:00,MR_Long_Exit,6769,10,338337.5,112.5,0.03,0,112.5,0.03,-100,-0.03,132837.5,13.28,0
2085,Entry long,2025-11-13 19:00,MR_Long,6766.75,10,338337.5,112.5,0.03,0,112.5,0.03,-100,-0.03,132837.5,13.28,0
2086,Exit long,2025-11-14 02:30,MR_Long_Exit,6742.5,10,337012.5,112.5,0.03,0,112.5,0.03,-50,-0.01,132950,13.30,0
2086,Entry long,2025-11-14 02:30,MR_Long,6740.25,10,337012.5,112.5,0.03,0,112.5,0.03,-50,-0.01,132950,13.30,0
2087,Exit long,2025-11-14 03:30,Sq_Short,6736.75,10,336837.5,0,0.00,0,0,0.00,0,0.00,132950,13.30,0
2087,Entry long,2025-11-14 03:30,MR_Long,6736.75,10,336837.5,0,0.00,0,0,0.00,0,0.00,132950,13.30,0
2088,Exit short,2025-11-14 03:30,Sq_Short_Exit,6729.25,10,336837.5,375,0.11,0,425,0.13,0,0.00,133325,13.33,0
2088,Entry short,2025-11-14 03:30,Sq_Short,6736.75,10,336837.5,375,0.11,0,425,0.13,0,0.00,133325,13.33,0
2089,Exit long,2025-11-14 09:30,MR_Long_Exit,6677.25,10,335900,-2037.5,-0.61,0,87.5,0.03,-2037.5,-0.61,131287.5,13.13,6
2089,Entry long,2025-11-14 06:30,MR_Long,6718,10,335900,-2037.5,-0.61,0,87.5,0.03,-2037.5,-0.61,131287.5,13.13,6
2090,Exit short,2025-11-14 11:00,MR_Short_Exit,6759,10,338037.5,87.5,0.03,0,87.5,0.03,0,0.00,131375,13.14,0
2090,Entry short,2025-11-14 11:00,MR_Short,6760.75,10,338037.5,87.5,0.03,0,87.5,0.03,0,0.00,131375,13.14,0
2091,Exit short,2025-11-17 02:30,MR_Short_Exit,6792.25,10,339712.5,100,0.03,0,100,0.03,-50,-0.01,131475,13.15,0
2091,Entry short,2025-11-17 02:30,MR_Short,6794.25,10,339712.5,100,0.03,0,100,0.03,-50,-0.01,131475,13.15,0
2092,Exit short,2025-11-17 04:00,MR_Short_Exit,6797,10,339950,100,0.03,0,100,0.03,-75,-0.02,131575,13.16,0
2092,Entry short,2025-11-17 04:00,MR_Short,6799,10,339950,100,0.03,0,100,0.03,-75,-0.02,131575,13.16,0
2093,Exit long,2025-11-17 09:30,MR_Long_Exit,6764.75,10,338137.5,100,0.03,0,100,0.03,-1812.5,-0.54,131675,13.17,4
2093,Entry long,2025-11-17 07:30,MR_Long,6762.75,10,338137.5,100,0.03,0,100,0.03,-1812.5,-0.54,131675,13.17,4
2094,Exit long,2025-11-17 11:00,MR_Long_Exit,6746.5,10,337225,100,0.03,0,100,0.03,0,0.00,131775,13.18,0
2094,Entry long,2025-11-17 11:00,MR_Long,6744.5,10,337225,100,0.03,0,100,0.03,0,0.00,131775,13.18,0
2095,Exit long,2025-11-17 13:00,MR_Long_Exit,6731.5,10,336487.5,87.5,0.03,0,87.5,0.03,0,0.00,131862.5,13.19,0
2095,Entry long,2025-11-17 13:00,MR_Long,6729.75,10,336487.5,87.5,0.03,0,87.5,0.03,0,0.00,131862.5,13.19,0
2096,Exit long,2025-11-17 19:30,MR_Long_Exit,6692.5,10,334537.5,87.5,0.03,0,87.5,0.03,-287.5,-0.09,131950,13.20,0
2096,Entry long,2025-11-17 19:30,MR_Long,6690.75,10,334537.5,87.5,0.03,0,87.5,0.03,-287.5,-0.09,131950,13.20,0
2097,Exit long,2025-11-18 03:30,MR_Long_Exit,6677.25,10,333775,87.5,0.03,0,87.5,0.03,-2000,-0.60,132037.5,13.20,9
2097,Entry long,2025-11-17 23:00,MR_Long,6675.5,10,333775,87.5,0.03,0,87.5,0.03,-2000,-0.60,132037.5,13.20,9
2098,Exit long,2025-11-18 10:00,Sq_Short,6621.75,10,331087.5,0,0.00,0,0,0.00,0,0.00,132037.5,13.20,0
2098,Entry long,2025-11-18 10:00,MR_Long,6621.75,10,331087.5,0,0.00,0,0,0.00,0,0.00,132037.5,13.20,0
2099,Exit short,2025-11-18 10:00,Sq_Short_Exit,6604.25,10,331087.5,875,0.26,0,925,0.28,-862.5,-0.26,132912.5,13.29,0
2099,Entry short,2025-11-18 10:00,Sq_Short,6621.75,10,331087.5,875,0.26,0,925,0.28,-862.5,-0.26,132912.5,13.29,0
2100,Exit short,2025-11-19 06:30,MR_Short_Exit,6661.5,10,333162.5,87.5,0.03,0,87.5,0.03,-312.5,-0.09,133000,13.30,1
2100,Entry short,2025-11-19 06:00,MR_Short,6663.25,10,333162.5,87.5,0.03,0,87.5,0.03,-312.5,-0.09,133000,13.30,1
2101,Exit short,2025-11-19 10:00,MR_Short_Exit,6689.75,10,334600,112.5,0.03,0,112.5,0.03,0,0.00,133112.5,13.31,0
2101,Entry short,2025-11-19 10:00,MR_Short,6692,10,334600,112.5,0.03,0,112.5,0.03,0,0.00,133112.5,13.31,0
2102,Exit short,2025-11-19 18:30,MR_Short_Exit,6718.75,10,336025,87.5,0.03,0,87.5,0.03,0,0.00,133200,13.32,0
2102,Entry short,2025-11-19 18:30,MR_Short,6720.5,10,336025,87.5,0.03,0,87.5,0.03,0,0.00,133200,13.32,0
2103,Exit short,2025-11-20 02:00,MR_Short_Exit,6747,10,337450,100,0.03,0,100,0.03,0,0.00,133300,13.33,0
2103,Entry short,2025-11-20 02:00,MR_Short,6749,10,337450,100,0.03,0,100,0.03,0,0.00,133300,13.33,0
2104,Exit short,2025-11-20 09:00,MR_Short_Exit,6765.75,10,338387.5,100,0.03,0,100,0.03,-212.5,-0.06,133400,13.34,0
2104,Entry short,2025-11-20 09:00,MR_Short,6767.75,10,338387.5,100,0.03,0,100,0.03,-212.5,-0.06,133400,13.34,0
2105,Exit long,2025-11-20 10:00,MR_Short,6784.75,10,339237.5,0,0.00,0,0,0.00,0,0.00,133400,13.34,0
2105,Entry long,2025-11-20 10:00,Sq_Long,6784.75,10,339237.5,0,0.00,0,0,0.00,0,0.00,133400,13.34,0
2106,Exit long,2025-11-20 10:00,Sq_Long_Exit,6789,10,339237.5,212.5,0.06,0,262.5,0.08,0,0.00,133612.5,13.36,0
2106,Entry long,2025-11-20 10:00,Sq_Long,6784.75,10,339237.5,212.5,0.06,0,262.5,0.08,0,0.00,133612.5,13.36,0
2107,Exit long,2025-11-20 11:30,MR_Long_Exit,6715.25,10,335675,87.5,0.03,0,87.5,0.03,0,0.00,133700,13.37,0
2107,Entry long,2025-11-20 11:30,MR_Long,6713.5,10,335675,87.5,0.03,0,87.5,0.03,0,0.00,133700,13.37,0
2108,Exit long,2025-11-21 05:30,MR_Long_Exit,6528.75,10,326337.5,100,0.03,0,100,0.03,-12.5,0.00,133800,13.38,0
2108,Entry long,2025-11-21 05:30,MR_Long,6526.75,10,326337.5,100,0.03,0,100,0.03,-12.5,0.00,133800,13.38,0
2109,Exit long,2025-11-21 07:30,Sq_Short,6533.75,10,326687.5,0,0.00,0,0,0.00,0,0.00,133800,13.38,0
2109,Entry long,2025-11-21 07:30,MR_Long,6533.75,10,326687.5,0,0.00,0,0,0.00,0,0.00,133800,13.38,0
2110,Exit short,2025-11-21 07:30,Sq_Short_Exit,6574.75,10,326687.5,-2050,-0.63,0,0,0.00,-2050,-0.63,131750,13.18,0
2110,Entry short,2025-11-21 07:30,Sq_Short,6533.75,10,326687.5,-2050,-0.63,0,0,0.00,-2050,-0.63,131750,13.18,0
2111,Exit long,2025-11-21 12:00,MR_Short,6637.75,10,331887.5,0,0.00,0,0,0.00,0,0.00,131750,13.18,0
2111,Entry long,2025-11-21 12:00,Sq_Long,6637.75,10,331887.5,0,0.00,0,0,0.00,0,0.00,131750,13.18,0
2112,Exit long,2025-11-21 12:00,Sq_Long_Exit,6642.5,10,331887.5,237.5,0.07,0,287.5,0.09,0,0.00,131987.5,13.20,0
2112,Entry long,2025-11-21 12:00,Sq_Long,6637.75,10,331887.5,237.5,0.07,0,287.5,0.09,0,0.00,131987.5,13.20,0
2113,Exit short,2025-11-21 14:30,MR_Short_Exit,6652.25,10,332712.5,100,0.03,0,100,0.03,-1175,-0.35,132087.5,13.21,1
2113,Entry short,2025-11-21 14:00,MR_Short,6654.25,10,332712.5,100,0.03,0,100,0.03,-1175,-0.35,132087.5,13.21,1
2114,Exit short,2025-11-23 18:30,MR_Short_Exit,6654.25,10,332812.5,100,0.03,0,100,0.03,-75,-0.02,132187.5,13.22,0
2114,Entry short,2025-11-23 18:30,MR_Short,6656.25,10,332812.5,100,0.03,0,100,0.03,-75,-0.02,132187.5,13.22,0
2115,Exit long,2025-11-24 04:30,MR_Long_Exit,6628.25,10,331312.5,100,0.03,0,100,0.03,-50,-0.02,132287.5,13.23,0
2115,Entry long,2025-11-24 04:30,MR_Long,6626.25,10,331312.5,100,0.03,0,100,0.03,-50,-0.02,132287.5,13.23,0
2116,Exit long,2025-11-24 10:30,MR_Short,6686.25,10,334312.5,0,0.00,0,0,0.00,0,0.00,132287.5,13.23,0
2116,Entry long,2025-11-24 10:30,Sq_Long,6686.25,10,334312.5,0,0.00,0,0,0.00,0,0.00,132287.5,13.23,0
2117,Exit long,2025-11-24 10:30,Sq_Long_Exit,6702.5,10,334312.5,812.5,0.24,0,862.5,0.26,-287.5,-0.09,133100,13.31,0
2117,Entry long,2025-11-24 10:30,Sq_Long,6686.25,10,334312.5,812.5,0.24,0,862.5,0.26,-287.5,-0.09,133100,13.31,0
2118,Exit long,2025-11-25 04:30,MR_Long_Exit,6705.5,10,335187.5,87.5,0.03,0,87.5,0.03,-112.5,-0.03,133187.5,13.32,0
2118,Entry long,2025-11-25 04:30,MR_Long,6703.75,10,335187.5,87.5,0.03,0,87.5,0.03,-112.5,-0.03,133187.5,13.32,0
2119,Exit short,2025-11-25 15:30,MR_Short_Exit,6788.5,10,337375,-2050,-0.61,0,25,0.01,-2050,-0.61,131137.5,13.11,7
2119,Entry short,2025-11-25 12:00,MR_Short,6747.5,10,337375,-2050,-0.61,0,25,0.01,-2050,-0.61,131137.5,13.11,7
2120,Exit short,2025-11-26 04:00,MR_Short_Exit,6800,10,340112.5,112.5,0.03,0,112.5,0.03,-425,-0.12,131250,13.13,7
2120,Entry short,2025-11-26 00:30,MR_Short,6802.25,10,340112.5,112.5,0.03,0,112.5,0.03,-425,-0.12,131250,13.13,7
2121,Exit short,2025-11-26 16:30,Session Flatten,6829.5,10,341237.5,-237.5,-0.07,0,50,0.01,-1087.5,-0.32,131012.5,13.10,11
2121,Entry short,2025-11-26 11:00,MR_Short,6824.75,10,341237.5,-237.5,-0.07,0,50,0.01,-1087.5,-0.32,131012.5,13.10,11
2122,Exit short,2025-11-27 18:30,MR_Short_Exit,6832.75,10,341725,87.5,0.03,0,87.5,0.03,0,0.00,131100,13.11,0
2122,Entry short,2025-11-27 18:30,MR_Short,6834.5,10,341725,87.5,0.03,0,87.5,0.03,0,0.00,131100,13.11,0
2123,Exit long,2025-11-28 08:30,Sq_Long_Exit,6843.25,10,341987.5,175,0.05,0,225,0.07,-512.5,-0.15,131275,13.13,3
2123,Entry long,2025-11-27 20:30,Sq_Long,6839.75,10,341987.5,175,0.05,0,225,0.07,-512.5,-0.15,131275,13.13,3
2124,Exit short,2025-11-30 19:00,MR_Short_Exit,6841.25,10,342162.5,100,0.03,0,100,0.03,-1062.5,-0.31,131375,13.14,8
2124,Entry short,2025-11-28 10:30,MR_Short,6843.25,10,342162.5,100,0.03,0,100,0.03,-1062.5,-0.31,131375,13.14,8
2125,Exit long,2025-11-30 20:30,MR_Long_Exit,6830.75,10,341437.5,100,0.03,0,100,0.03,-575,-0.17,131475,13.15,1
2125,Entry long,2025-11-30 20:00,MR_Long,6828.75,10,341437.5,100,0.03,0,100,0.03,-575,-0.17,131475,13.15,1
2126,Exit long,2025-12-01 10:00,MR_Short,6840.5,10,342025,0,0.00,0,0,0.00,0,0.00,131475,13.15,0
2126,Entry long,2025-12-01 10:00,Sq_Long,6840.5,10,342025,0,0.00,0,0,0.00,0,0.00,131475,13.15,0
2127,Exit long,2025-12-01 10:00,Sq_Long_Exit,6844,10,342025,175,0.05,0,225,0.07,0,0.00,131650,13.17,0
2127,Entry long,2025-12-01 10:00,Sq_Long,6840.5,10,342025,175,0.05,0,225,0.07,0,0.00,131650,13.17,0
2128,Exit short,2025-12-01 11:00,MR_Short_Exit,6840.25,10,342112.5,100,0.03,0,100,0.03,-75,-0.02,131750,13.18,0
2128,Entry short,2025-12-01 11:00,MR_Short,6842.25,10,342112.5,100,0.03,0,100,0.03,-75,-0.02,131750,13.18,0
2129,Exit short,2025-12-01 12:00,MR_Short_Exit,6843.25,10,342250,87.5,0.03,0,87.5,0.03,-300,-0.09,131837.5,13.18,0
2129,Entry short,2025-12-01 12:00,MR_Short,6845,10,342250,87.5,0.03,0,87.5,0.03,-300,-0.09,131837.5,13.18,0
2130,Exit short,2025-12-02 10:30,MR_Short_Exit,6835.25,10,341850,87.5,0.03,0,87.5,0.03,-1050,-0.31,131925,13.19,10
2130,Entry short,2025-12-02 05:30,MR_Short,6837,10,341850,87.5,0.03,0,87.5,0.03,-1050,-0.31,131925,13.19,10
2131,Exit short,2025-12-02 11:00,MR_Short_Exit,6858.25,10,343000,87.5,0.03,0,87.5,0.03,-175,-0.05,132012.5,13.20,0
2131,Entry short,2025-12-02 11:00,MR_Short,6860,10,343000,87.5,0.03,0,87.5,0.03,-175,-0.05,132012.5,13.20,0
2132,Exit long,2025-12-03 09:30,MR_Long_Exit,6831.25,10,341475,87.5,0.03,0,87.5,0.03,-462.5,-0.14,132100,13.21,0
2132,Entry long,2025-12-03 09:30,MR_Long,6829.5,10,341475,87.5,0.03,0,87.5,0.03,-462.5,-0.14,132100,13.21,0
2133,Exit short,2025-12-03 16:30,Session Flatten,6862.75,10,341637.5,-1500,-0.44,0,75,0.02,-2025,-0.59,130600,13.06,13
2133,Entry short,2025-12-03 10:00,Sq_Short,6832.75,10,341637.5,-1500,-0.44,0,75,0.02,-2025,-0.59,130600,13.06,13
2134,Exit short,2025-12-04 09:30,MR_Short_Exit,6874,10,343812.5,112.5,0.03,0,112.5,0.03,-37.5,-0.01,130712.5,13.07,0
2134,Entry short,2025-12-04 09:30,MR_Short,6876.25,10,343812.5,112.5,0.03,0,112.5,0.03,-37.5,-0.01,130712.5,13.07,0
2135,Exit long,2025-12-04 14:30,MR_Long_Exit,6847,10,342250,100,0.03,0,100,0.03,-112.5,-0.03,130812.5,13.08,0
2135,Entry long,2025-12-04 14:30,MR_Long,6845,10,342250,100,0.03,0,100,0.03,-112.5,-0.03,130812.5,13.08,0
2136,Exit short,2025-12-04 21:30,MR_Short_Exit,6878.75,10,344037.5,100,0.03,0,100,0.03,0,0.00,130912.5,13.09,0
2136,Entry short,2025-12-04 21:30,MR_Short,6880.75,10,344037.5,100,0.03,0,100,0.03,0,0.00,130912.5,13.09,0
2137,Exit short,2025-12-05 04:00,MR_Short_Exit,6877.5,10,343975,100,0.03,0,100,0.03,-350,-0.10,131012.5,13.10,9
2137,Entry short,2025-12-04 23:30,MR_Short,6879.5,10,343975,100,0.03,0,100,0.03,-350,-0.10,131012.5,13.10,9
2138,Exit long,2025-12-05 09:00,MR_Long_Exit,6866,10,343200,100,0.03,0,100,0.03,-25,-0.01,131112.5,13.11,0
2138,Entry long,2025-12-05 09:00,MR_Long,6864,10,343200,100,0.03,0,100,0.03,-25,-0.01,131112.5,13.11,0
2139,Exit long,2025-12-05 10:30,MR_Short,6900,10,345000,0,0.00,0,0,0.00,0,0.00,131112.5,13.11,0
2139,Entry long,2025-12-05 10:30,Sq_Long,6900,10,345000,0,0.00,0,0,0.00,0,0.00,131112.5,13.11,0
2140,Exit long,2025-12-05 10:30,Sq_Long_Exit,6904,10,345000,200,0.06,0,250,0.07,0,0.00,131312.5,13.13,0
2140,Entry long,2025-12-05 10:30,Sq_Long,6900,10,345000,200,0.06,0,250,0.07,0,0.00,131312.5,13.13,0
2141,Exit long,2025-12-08 10:00,MR_Long_Exit,6876,10,343700,100,0.03,0,100,0.03,0,0.00,131412.5,13.14,0
2141,Entry long,2025-12-08 10:00,MR_Long,6874,10,343700,100,0.03,0,100,0.03,0,0.00,131412.5,13.14,0
2142,Exit short,2025-12-08 10:30,Sq_Short_Exit,6856.25,10,343237.5,425,0.12,0,475,0.14,-262.5,-0.08,131837.5,13.18,0
2142,Entry short,2025-12-08 10:30,Sq_Short,6864.75,10,343237.5,425,0.12,0,475,0.14,-262.5,-0.08,131837.5,13.18,0
2143,Exit long,2025-12-09 09:30,MR_Long_Exit,6852.5,10,342525,100,0.03,0,100,0.03,-287.5,-0.08,131937.5,13.19,1
2143,Entry long,2025-12-09 09:00,MR_Long,6850.5,10,342525,100,0.03,0,100,0.03,-287.5,-0.08,131937.5,13.19,1
2144,Exit long,2025-12-09 20:00,MR_Long_Exit,6845.5,10,342162.5,112.5,0.03,0,112.5,0.03,-50,-0.01,132050,13.21,0
2144,Entry long,2025-12-09 20:00,MR_Long,6843.25,10,342162.5,112.5,0.03,0,112.5,0.03,-50,-0.01,132050,13.21,0
2145,Exit short,2025-12-10 03:30,MR_Short_Exit,6853.5,10,342787.5,112.5,0.03,0,112.5,0.03,-175,-0.05,132162.5,13.22,1
2145,Entry short,2025-12-10 03:00,MR_Short,6855.75,10,342787.5,112.5,0.03,0,112.5,0.03,-175,-0.05,132162.5,13.22,1
2146,Exit long,2025-12-10 05:30,Sq_Short,6837.5,10,341875,0,0.00,0,0,0.00,0,0.00,132162.5,13.22,0
2146,Entry long,2025-12-10 05:30,MR_Long,6837.5,10,341875,0,0.00,0,0,0.00,0,0.00,132162.5,13.22,0
2147,Exit short,2025-12-10 05:30,Sq_Short_Exit,6835.25,10,341875,112.5,0.03,0,162.5,0.05,0,0.00,132275,13.23,0
2147,Entry short,2025-12-10 05:30,Sq_Short,6837.5,10,341875,112.5,0.03,0,162.5,0.05,0,0.00,132275,13.23,0
2148,Exit long,2025-12-10 15:00,MR_Short,6896.75,10,344837.5,0,0.00,0,0,0.00,0,0.00,132275,13.23,0
2148,Entry long,2025-12-10 15:00,Sq_Long,6896.75,10,344837.5,0,0.00,0,0,0.00,0,0.00,132275,13.23,0
2149,Exit long,2025-12-10 15:00,Sq_Long_Exit,6905.5,10,344837.5,437.5,0.13,0,487.5,0.14,-400,-0.12,132712.5,13.27,0
2149,Entry long,2025-12-10 15:00,Sq_Long,6896.75,10,344837.5,437.5,0.13,0,487.5,0.14,-400,-0.12,132712.5,13.27,0
2150,Exit long,2025-12-11 04:30,MR_Long_Exit,6853.5,10,342562.5,112.5,0.03,0,112.5,0.03,-1700,-0.50,132825,13.28,13
2150,Entry long,2025-12-10 22:00,MR_Long,6851.25,10,342562.5,112.5,0.03,0,112.5,0.03,-1700,-0.50,132825,13.28,13
2151,Exit short,2025-12-11 09:30,MR_Short_Exit,6860.75,10,343125,87.5,0.03,0,87.5,0.03,-712.5,-0.21,132912.5,13.29,5
2151,Entry short,2025-12-11 07:00,MR_Short,6862.5,10,343125,87.5,0.03,0,87.5,0.03,-712.5,-0.21,132912.5,13.29,5
2152,Exit short,2025-12-11 10:30,MR_Short_Exit,6877.25,10,343962.5,100,0.03,0,100,0.03,-112.5,-0.03,133012.5,13.30,0
2152,Entry short,2025-12-11 10:30,MR_Short,6879.25,10,343962.5,100,0.03,0,100,0.03,-112.5,-0.03,133012.5,13.30,0
2153,Exit short,2025-12-11 12:30,MR_Short_Exit,6888.5,10,344512.5,87.5,0.03,0,87.5,0.03,0,0.00,133100,13.31,0
2153,Entry short,2025-12-11 12:30,MR_Short,6890.25,10,344512.5,87.5,0.03,0,87.5,0.03,0,0.00,133100,13.31,0
2154,Exit long,2025-12-12 07:00,MR_Long_Exit,6895,10,344650,100,0.03,0,100,0.03,-175,-0.05,133200,13.32,0
2154,Entry long,2025-12-12 07:00,MR_Long,6893,10,344650,100,0.03,0,100,0.03,-175,-0.05,133200,13.32,0
2155,Exit long,2025-12-12 10:30,Sq_Short,6851,10,342550,0,0.00,0,0,0.00,0,0.00,133200,13.32,0
2155,Entry long,2025-12-12 10:30,MR_Long,6851,10,342550,0,0.00,0,0,0.00,0,0.00,133200,13.32,0
2156,Exit short,2025-12-12 10:30,Sq_Short_Exit,6827.75,10,342550,1162.5,0.34,0,1212.5,0.35,-937.5,-0.27,134362.5,13.44,0
2156,Entry short,2025-12-12 10:30,Sq_Short,6851,10,342550,1162.5,0.34,0,1212.5,0.35,-937.5,-0.27,134362.5,13.44,0
2157,Exit long,2025-12-12 16:30,Session Flatten,6833.5,10,341975,-300,-0.09,0,50,0.01,-1250,-0.37,134062.5,13.41,5
2157,Entry long,2025-12-12 14:00,MR_Long,6839.5,10,341975,-300,-0.09,0,50,0.01,-1250,-0.37,134062.5,13.41,5
2158,Exit short,2025-12-15 09:30,MR_Short_Exit,6856.75,10,342950,112.5,0.03,0,112.5,0.03,-675,-0.20,134175,13.42,10
2158,Entry short,2025-12-15 04:30,MR_Short,6859,10,342950,112.5,0.03,0,112.5,0.03,-675,-0.20,134175,13.42,10
2159,Exit long,2025-12-15 11:00,MR_Long_Exit,6840.25,10,341900,112.5,0.03,0,112.5,0.03,-1600,-0.47,134287.5,13.43,2
2159,Entry long,2025-12-15 10:00,MR_Long,6838,10,341900,112.5,0.03,0,112.5,0.03,-1600,-0.47,134287.5,13.43,2
2160,Exit long,2025-12-15 12:00,MR_Long_Exit,6824,10,341100,100,0.03,0,100,0.03,0,0.00,134387.5,13.44,0
2160,Entry long,2025-12-15 12:00,MR_Long,6822,10,341100,100,0.03,0,100,0.03,0,0.00,134387.5,13.44,0
2161,Exit short,2025-12-15 18:30,MR_Short_Exit,6878.25,10,344037.5,125,0.04,0,125,0.04,-25,-0.01,134512.5,13.45,0
2161,Entry short,2025-12-15 18:30,MR_Short,6880.75,10,344037.5,125,0.04,0,125,0.04,-25,-0.01,134512.5,13.45,0
2162,Exit long,2025-12-16 07:00,MR_Short,6873.75,10,343687.5,0,0.00,0,0,0.00,0,0.00,134512.5,13.45,0
2162,Entry long,2025-12-16 07:00,Sq_Long,6873.75,10,343687.5,0,0.00,0,0,0.00,0,0.00,134512.5,13.45,0
2163,Exit long,2025-12-16 07:00,Sq_Long_Exit,6878,10,343687.5,212.5,0.06,0,262.5,0.08,-137.5,-0.04,134725,13.47,0
2163,Entry long,2025-12-16 07:00,Sq_Long,6873.75,10,343687.5,212.5,0.06,0,262.5,0.08,-137.5,-0.04,134725,13.47,0
2164,Exit long,2025-12-16 13:00,Sq_Short,6823.5,10,341175,0,0.00,0,0,0.00,0,0.00,134725,13.47,0
2164,Entry long,2025-12-16 13:00,MR_Long,6823.5,10,341175,0,0.00,0,0,0.00,0,0.00,134725,13.47,0
2165,Exit short,2025-12-16 13:00,Sq_Short_Exit,6818.25,10,341175,262.5,0.08,0,312.5,0.09,0,0.00,134987.5,13.50,0
2165,Entry short,2025-12-16 13:00,Sq_Short,6823.5,10,341175,262.5,0.08,0,312.5,0.09,0,0.00,134987.5,13.50,0
2166,Exit long,2025-12-17 05:00,MR_Short,6875.75,10,343787.5,0,0.00,0,0,0.00,0,0.00,134987.5,13.50,0
2166,Entry long,2025-12-17 05:00,Sq_Long,6875.75,10,343787.5,0,0.00,0,0,0.00,0,0.00,134987.5,13.50,0
2167,Exit long,2025-12-17 05:00,Sq_Long_Exit,6879.75,10,343787.5,200,0.06,0,250,0.07,-50,-0.01,135187.5,13.52,0
2167,Entry long,2025-12-17 05:00,Sq_Long,6875.75,10,343787.5,200,0.06,0,250,0.07,-50,-0.01,135187.5,13.52,0
2168,Exit long,2025-12-17 11:00,MR_Long_Exit,6812,10,340487.5,112.5,0.03,0,112.5,0.03,-562.5,-0.17,135300,13.53,0
2168,Entry long,2025-12-17 11:00,MR_Long,6809.75,10,340487.5,112.5,0.03,0,112.5,0.03,-562.5,-0.17,135300,13.53,0
2169,Exit short,2025-12-18 05:00,MR_Short_Exit,6805.5,10,340375,100,0.03,0,100,0.03,-25,-0.01,135400,13.54,0
2169,Entry short,2025-12-18 05:00,MR_Short,6807.5,10,340375,100,0.03,0,100,0.03,-25,-0.01,135400,13.54,0
2170,Exit short,2025-12-18 09:30,MR_Short_Exit,6849.75,10,340475,-2012.5,-0.59,0,62.5,0.02,-2012.5,-0.59,133387.5,13.34,2
2170,Entry short,2025-12-18 08:30,MR_Short,6809.5,10,340475,-2012.5,-0.59,0,62.5,0.02,-2012.5,-0.59,133387.5,13.34,2
2171,Exit short,2025-12-18 13:30,MR_Short_Exit,6849.75,10,342600,112.5,0.03,0,112.5,0.03,0,0.00,133500,13.35,0
2171,Entry short,2025-12-18 13:30,MR_Short,6852,10,342600,112.5,0.03,0,112.5,0.03,0,0.00,133500,13.35,0
2172,Exit short,2025-12-19 04:00,MR_Short_Exit,6846.25,10,342400,87.5,0.03,0,87.5,0.03,0,0.00,133587.5,13.36,0
2172,Entry short,2025-12-19 04:00,MR_Short,6848,10,342400,87.5,0.03,0,87.5,0.03,0,0.00,133587.5,13.36,0
2173,Exit long,2025-12-19 10:00,Sq_Long_Exit,6880,10,342637.5,1362.5,0.40,0,1437.5,0.42,-1200,-0.35,134950,13.50,10
2173,Entry long,2025-12-19 05:00,Sq_Long,6852.75,10,342637.5,1362.5,0.40,0,1437.5,0.42,-1200,-0.35,134950,13.50,10
2174,Exit short,2025-12-19 10:30,MR_Short_Exit,6872.25,10,343712.5,100,0.03,0,100,0.03,0,0.00,135050,13.51,0
2174,Entry short,2025-12-19 10:30,MR_Short,6874.25,10,343712.5,100,0.03,0,100,0.03,0,0.00,135050,13.51,0
2175,Exit short,2025-12-21 21:00,MR_Short_Exit,6905.75,10,345387.5,100,0.03,0,100,0.03,-75,-0.02,135150,13.51,1
2175,Entry short,2025-12-21 20:30,MR_Short,6907.75,10,345387.5,100,0.03,0,100,0.03,-75,-0.02,135150,13.51,1
2176,Exit long,2025-12-22 08:30,MR_Short,6918.5,10,345925,0,0.00,0,0,0.00,0,0.00,135150,13.51,0
2176,Entry long,2025-12-22 08:30,Sq_Long,6918.5,10,345925,0,0.00,0,0,0.00,0,0.00,135150,13.51,0
2177,Exit long,2025-12-22 09:00,Sq_Long_Exit,6922.75,10,345925,212.5,0.06,0,262.5,0.08,-200,-0.06,135362.5,13.54,1
2177,Entry long,2025-12-22 08:30,Sq_Long,6918.5,10,345925,212.5,0.06,0,262.5,0.08,-200,-0.06,135362.5,13.54,1
2178,Exit short,2025-12-22 11:30,MR_Short_Exit,6927.5,10,346475,100,0.03,0,100,0.03,-137.5,-0.04,135462.5,13.55,0
2178,Entry short,2025-12-22 11:30,MR_Short,6929.5,10,346475,100,0.03,0,100,0.03,-137.5,-0.04,135462.5,13.55,0
2179,Exit long,2025-12-23 02:00,MR_Long_Exit,6925,10,346150,100,0.03,0,100,0.03,-37.5,-0.01,135562.5,13.56,1
2179,Entry long,2025-12-23 01:30,MR_Long,6923,10,346150,100,0.03,0,100,0.03,-37.5,-0.01,135562.5,13.56,1
2180,Exit long,2025-12-23 09:00,MR_Long_Exit,6917.75,10,345775,112.5,0.03,0,112.5,0.03,-87.5,-0.03,135675,13.57,0
2180,Entry long,2025-12-23 09:00,MR_Long,6915.5,10,345775,112.5,0.03,0,112.5,0.03,-87.5,-0.03,135675,13.57,0
2181,Exit short,2025-12-23 16:30,Session Flatten,6958.25,10,347237.5,-675,-0.19,0,37.5,0.01,-950,-0.27,135000,13.50,11
2181,Entry short,2025-12-23 11:00,MR_Short,6944.75,10,347237.5,-675,-0.19,0,37.5,0.01,-950,-0.27,135000,13.50,11
2182,Exit short,2025-12-24 08:00,MR_Short_Exit,6958.25,10,348000,87.5,0.03,0,87.5,0.03,-12.5,0.00,135087.5,13.51,0
2182,Entry short,2025-12-24 08:00,MR_Short,6960,10,348000,87.5,0.03,0,87.5,0.03,-12.5,0.00,135087.5,13.51,0
2183,Exit short,2025-12-24 09:00,MR_Short_Exit,6959.5,10,348087.5,112.5,0.03,0,112.5,0.03,-25,-0.01,135200,13.52,0
2183,Entry short,2025-12-24 09:00,MR_Short,6961.75,10,348087.5,112.5,0.03,0,112.5,0.03,-25,-0.01,135200,13.52,0
2184,Exit long,2025-12-24 10:00,MR_Short,6965.75,10,348287.5,0,0.00,0,0,0.00,0,0.00,135200,13.52,0
2184,Entry long,2025-12-24 10:00,Sq_Long,6965.75,10,348287.5,0,0.00,0,0,0.00,0,0.00,135200,13.52,0
2185,Exit long,2025-12-24 10:30,Sq_Long_Exit,6971.25,10,348287.5,275,0.08,0,325,0.09,-50,-0.01,135475,13.55,1
2185,Entry long,2025-12-24 10:00,Sq_Long,6965.75,10,348287.5,275,0.08,0,325,0.09,-50,-0.01,135475,13.55,1
2186,Exit long,2025-12-26 03:30,MR_Long_Exit,6978.25,10,348800,112.5,0.03,0,112.5,0.03,-75,-0.02,135587.5,13.56,0
2186,Entry long,2025-12-26 03:30,MR_Long,6976,10,348800,112.5,0.03,0,112.5,0.03,-75,-0.02,135587.5,13.56,0
2187,Exit long,2025-12-29 03:30,Sq_Short,6965.75,10,348287.5,0,0.00,0,0,0.00,0,0.00,135587.5,13.56,0
2187,Entry long,2025-12-29 03:30,MR_Long,6965.75,10,348287.5,0,0.00,0,0,0.00,0,0.00,135587.5,13.56,0
2188,Exit short,2025-12-29 03:30,Sq_Short_Exit,6958.5,10,348287.5,362.5,0.10,0,412.5,0.12,-75,-0.02,135950,13.60,0
2188,Entry short,2025-12-29 03:30,Sq_Short,6965.75,10,348287.5,362.5,0.10,0,412.5,0.12,-75,-0.02,135950,13.60,0
2189,Exit long,2025-12-29 06:30,MR_Long_Exit,6964.5,10,348137.5,87.5,0.03,0,87.5,0.03,-137.5,-0.04,136037.5,13.60,1
2189,Entry long,2025-12-29 06:00,MR_Long,6962.75,10,348137.5,87.5,0.03,0,87.5,0.03,-137.5,-0.04,136037.5,13.60,1
2190,Exit long,2025-12-29 08:00,MR_Long_Exit,6961.75,10,347987.5,100,0.03,0,100,0.03,-137.5,-0.04,136137.5,13.61,0
2190,Entry long,2025-12-29 08:00,MR_Long,6959.75,10,347987.5,100,0.03,0,100,0.03,-137.5,-0.04,136137.5,13.61,0
2191,Exit long,2025-12-29 11:00,MR_Long_Exit,6951,10,347462.5,87.5,0.03,0,87.5,0.03,0,0.00,136225,13.62,0
2191,Entry long,2025-12-29 11:00,MR_Long,6949.25,10,347462.5,87.5,0.03,0,87.5,0.03,0,0.00,136225,13.62,0
2192,Exit long,2025-12-30 20:00,Sq_Short,6933.5,10,346675,0,0.00,0,0,0.00,0,0.00,136225,13.62,0
2192,Entry long,2025-12-30 20:00,MR_Long,6933.5,10,346675,0,0.00,0,0,0.00,0,0.00,136225,13.62,0
2193,Exit short,2025-12-30 20:00,Sq_Short_Exit,6929.25,10,346675,212.5,0.06,0,262.5,0.08,-87.5,-0.03,136437.5,13.64,0
2193,Entry short,2025-12-30 20:00,Sq_Short,6933.5,10,346675,212.5,0.06,0,262.5,0.08,-87.5,-0.03,136437.5,13.64,0
2194,Exit long,2025-12-31 02:30,MR_Long_Exit,6932.25,10,346512.5,100,0.03,0,100,0.03,-200,-0.06,136537.5,13.65,3
2194,Entry long,2025-12-31 01:00,MR_Long,6930.25,10,346512.5,100,0.03,0,100,0.03,-200,-0.06,136537.5,13.65,3
2195,Exit long,2025-12-31 06:00,MR_Long_Exit,6929.25,10,346362.5,100,0.03,0,100,0.03,-250,-0.07,136637.5,13.66,5
2195,Entry long,2025-12-31 03:30,MR_Long,6927.25,10,346362.5,100,0.03,0,100,0.03,-250,-0.07,136637.5,13.66,5
2196,Exit short,2025-12-31 09:30,MR_Short_Exit,6937.5,10,346950,75,0.02,0,75,0.02,-625,-0.18,136712.5,13.67,2
2196,Entry short,2025-12-31 08:30,MR_Short,6939,10,346950,75,0.02,0,75,0.02,-625,-0.18,136712.5,13.67,2
2197,Exit long,2025-12-31 11:00,MR_Long_Exit,6917.25,10,345762.5,100,0.03,0,100,0.03,-12.5,0.00,136812.5,13.68,0
2197,Entry long,2025-12-31 11:00,MR_Long,6915.25,10,345762.5,100,0.03,0,100,0.03,-12.5,0.00,136812.5,13.68,0
2198,Exit long,2025-12-31 16:30,Session Flatten,6895.5,10,345662.5,-887.5,-0.26,0,37.5,0.01,-1162.5,-0.34,135925,13.59,3
2198,Entry long,2025-12-31 15:00,MR_Long,6913.25,10,345662.5,-887.5,-0.26,0,37.5,0.01,-1162.5,-0.34,135925,13.59,3
2199,Exit short,2026-01-01 23:30,MR_Short_Exit,6921.5,10,346175,100,0.03,0,100,0.03,-62.5,-0.02,136025,13.60,1
2199,Entry short,2026-01-01 23:00,MR_Short,6923.5,10,346175,100,0.03,0,100,0.03,-62.5,-0.02,136025,13.60,1
2200,Exit short,2026-01-02 03:30,MR_Short_Exit,6925.25,10,346362.5,100,0.03,0,100,0.03,0,0.00,136125,13.61,0
2200,Entry short,2026-01-02 03:30,MR_Short,6927.25,10,346362.5,100,0.03,0,100,0.03,0,0.00,136125,13.61,0
2201,Exit long,2026-01-02 10:30,Sq_Short,6893.75,10,344687.5,0,0.00,0,0,0.00,0,0.00,136125,13.61,0
2201,Entry long,2026-01-02 10:30,MR_Long,6893.75,10,344687.5,0,0.00,0,0,0.00,0,0.00,136125,13.61,0
2202,Exit short,2026-01-02 10:30,Sq_Short_Exit,6881.25,10,344687.5,625,0.18,0,675,0.20,0,0.00,136750,13.68,0
2202,Entry short,2026-01-02 10:30,Sq_Short,6893.75,10,344687.5,625,0.18,0,675,0.20,0,0.00,136750,13.68,0
2203,Exit short,2026-01-05 16:30,Session Flatten,6946,10,346712.5,-587.5,-0.17,0,87.5,0.03,-1462.5,-0.42,136162.5,13.62,14
2203,Entry short,2026-01-05 09:30,MR_Short,6934.25,10,346712.5,-587.5,-0.17,0,87.5,0.03,-1462.5,-0.42,136162.5,13.62,14
2204,Exit short,2026-01-06 02:00,MR_Short_Exit,6955.25,10,347850,87.5,0.03,0,87.5,0.03,-12.5,0.00,136250,13.63,0
2204,Entry short,2026-01-06 02:00,MR_Short,6957,10,347850,87.5,0.03,0,87.5,0.03,-12.5,0.00,136250,13.63,0
2205,Exit long,2026-01-06 03:30,MR_Long_Exit,6937.5,10,346775,100,0.03,0,100,0.03,0,0.00,136350,13.64,0
2205,Entry long,2026-01-06 03:30,MR_Long,6935.5,10,346775,100,0.03,0,100,0.03,0,0.00,136350,13.64,0
2206,Exit short,2026-01-06 10:30,MR_Short_Exit,6967,10,348462.5,112.5,0.03,0,112.5,0.03,-400,-0.11,136462.5,13.65,1
2206,Entry short,2026-01-06 10:00,MR_Short,6969.25,10,348462.5,112.5,0.03,0,112.5,0.03,-400,-0.11,136462.5,13.65,1
2207,Exit short,2026-01-06 12:00,MR_Short_Exit,6959.75,10,348087.5,100,0.03,0,100,0.03,0,0.00,136562.5,13.66,0
2207,Entry short,2026-01-06 12:00,MR_Short,6961.75,10,348087.5,100,0.03,0,100,0.03,0,0.00,136562.5,13.66,0
2208,Exit long,2026-01-07 04:30,MR_Long_Exit,6980,10,348900,100,0.03,0,100,0.03,-62.5,-0.02,136662.5,13.67,0
2208,Entry long,2026-01-07 04:30,MR_Long,6978,10,348900,100,0.03,0,100,0.03,-62.5,-0.02,136662.5,13.67,0
2209,Exit long,2026-01-07 05:30,Sq_Short,6976,10,348800,0,0.00,0,0,0.00,0,0.00,136662.5,13.67,0
2209,Entry long,2026-01-07 05:30,MR_Long,6976,10,348800,0,0.00,0,0,0.00,0,0.00,136662.5,13.67,0
2210,Exit short,2026-01-07 15:00,Sq_Short_Exit,6968.5,10,348800,375,0.11,0,425,0.12,-1537.5,-0.44,137037.5,13.70,19
2210,Entry short,2026-01-07 05:30,Sq_Short,6976,10,348800,375,0.11,0,425,0.12,-1537.5,-0.44,137037.5,13.70,19
2211,Exit long,2026-01-07 16:30,Session Flatten,6961.5,10,348512.5,-437.5,-0.13,0,0,0.00,-625,-0.18,136600,13.66,2
2211,Entry long,2026-01-07 15:30,MR_Long,6970.25,10,348512.5,-437.5,-0.13,0,0,0.00,-625,-0.18,136600,13.66,2
2212,Exit long,2026-01-09 08:30,MR_Short,6974.75,10,348737.5,0,0.00,0,0,0.00,0,0.00,136600,13.66,0
2212,Entry long,2026-01-09 08:30,Sq_Long,6974.75,10,348737.5,0,0.00,0,0,0.00,0,0.00,136600,13.66,0
2213,Exit long,2026-01-09 08:30,Sq_Long_Exit,6987.5,10,348737.5,637.5,0.18,0,687.5,0.20,-25,-0.01,137237.5,13.72,0
2213,Entry long,2026-01-09 08:30,Sq_Long,6974.75,10,348737.5,637.5,0.18,0,687.5,0.20,-25,-0.01,137237.5,13.72,0
2214,Exit short,2026-01-09 10:30,MR_Short_Exit,6994.25,10,349812.5,100,0.03,0,100,0.03,-175,-0.05,137337.5,13.73,0
2214,Entry short,2026-01-09 10:30,MR_Short,6996.25,10,349812.5,100,0.03,0,100,0.03,-175,-0.05,137337.5,13.73,0
2215,Exit short,2026-01-09 11:30,MR_Short_Exit,6991.25,10,349662.5,100,0.03,0,100,0.03,0,0.00,137437.5,13.74,0
2215,Entry short,2026-01-09 11:30,MR_Short,6993.25,10,349662.5,100,0.03,0,100,0.03,0,0.00,137437.5,13.74,0
2216,Exit long,2026-01-12 09:30,MR_Long_Exit,6981.5,10,348962.5,112.5,0.03,0,112.5,0.03,-1500,-0.43,137550,13.76,27
2216,Entry long,2026-01-11 20:00,MR_Long,6979.25,10,348962.5,112.5,0.03,0,112.5,0.03,-1500,-0.43,137550,13.76,27
2217,Exit long,2026-01-12 10:00,MR_Short,7000,10,350000,0,0.00,0,0,0.00,0,0.00,137550,13.76,0
2217,Entry long,2026-01-12 10:00,Sq_Long,7000,10,350000,0,0.00,0,0,0.00,0,0.00,137550,13.76,0
2218,Exit long,2026-01-12 10:30,Sq_Long_Exit,7003.5,10,350000,175,0.05,0,225,0.06,-312.5,-0.09,137725,13.77,1
2218,Entry long,2026-01-12 10:00,Sq_Long,7000,10,350000,175,0.05,0,225,0.06,-312.5,-0.09,137725,13.77,1
2219,Exit short,2026-01-13 09:00,MR_Short_Exit,7018,10,350987.5,87.5,0.02,0,87.5,0.02,0,0.00,137812.5,13.78,0
2219,Entry short,2026-01-13 09:00,MR_Short,7019.75,10,350987.5,87.5,0.02,0,87.5,0.02,0,0.00,137812.5,13.78,0
2220,Exit long,2026-01-13 10:30,MR_Long_Exit,6992,10,349487.5,112.5,0.03,0,112.5,0.03,-87.5,-0.03,137925,13.79,0
2220,Entry long,2026-01-13 10:30,MR_Long,6989.75,10,349487.5,112.5,0.03,0,112.5,0.03,-87.5,-0.03,137925,13.79,0
2221,Exit long,2026-01-13 15:30,MR_Long_Exit,6985.25,10,349162.5,100,0.03,0,100,0.03,-325,-0.09,138025,13.80,0
2221,Entry long,2026-01-13 15:30,MR_Long,6983.25,10,349162.5,100,0.03,0,100,0.03,-325,-0.09,138025,13.80,0
2222,Exit long,2026-01-14 01:30,MR_Long_Exit,6987,10,349250,100,0.03,0,100,0.03,-62.5,-0.02,138125,13.81,0
2222,Entry long,2026-01-14 01:30,MR_Long,6985,10,349250,100,0.03,0,100,0.03,-62.5,-0.02,138125,13.81,0
2223,Exit long,2026-01-14 05:30,Sq_Short,6977,10,348850,0,0.00,0,0,0.00,0,0.00,138125,13.81,0
2223,Entry long,2026-01-14 05:30,MR_Long,6977,10,348850,0,0.00,0,0,0.00,0,0.00,138125,13.81,0
2224,Exit short,2026-01-14 05:30,Sq_Short_Exit,6968.25,10,348850,437.5,0.13,0,487.5,0.14,-37.5,-0.01,138562.5,13.86,0
2224,Entry short,2026-01-14 05:30,Sq_Short,6977,10,348850,437.5,0.13,0,487.5,0.14,-37.5,-0.01,138562.5,13.86,0
2225,Exit long,2026-01-14 09:00,MR_Long_Exit,6972.75,10,348550,87.5,0.03,0,87.5,0.03,-75,-0.02,138650,13.87,0
2225,Entry long,2026-01-14 09:00,MR_Long,6971,10,348550,87.5,0.03,0,87.5,0.03,-75,-0.02,138650,13.87,0
2226,Exit long,2026-01-14 10:00,MR_Long_Exit,6950.75,10,347450,87.5,0.03,0,87.5,0.03,-550,-0.16,138737.5,13.87,0
2226,Entry long,2026-01-14 10:00,MR_Long,6949,10,347450,87.5,0.03,0,87.5,0.03,-550,-0.16,138737.5,13.87,0
2227,Exit short,2026-01-15 15:00,MR_Short_Exit,6976.25,10,348900,87.5,0.03,0,87.5,0.03,-1962.5,-0.56,138825,13.88,22
2227,Entry short,2026-01-15 04:00,MR_Short,6978,10,348900,87.5,0.03,0,87.5,0.03,-1962.5,-0.56,138825,13.88,22
2228,Exit long,2026-01-15 15:30,MR_Long_Exit,6982.25,10,349012.5,100,0.03,0,100,0.03,0,0.00,138925,13.89,0
2228,Entry long,2026-01-15 15:30,MR_Long,6980.25,10,349012.5,100,0.03,0,100,0.03,0,0.00,138925,13.89,0
2229,Exit short,2026-01-16 00:30,MR_Short_Exit,7001.5,10,350175,100,0.03,0,100,0.03,-25,-0.01,139025,13.90,0
2229,Entry short,2026-01-16 00:30,MR_Short,7003.5,10,350175,100,0.03,0,100,0.03,-25,-0.01,139025,13.90,0
2230,Exit short,2026-01-16 02:30,MR_Short_Exit,7001.5,10,350187.5,112.5,0.03,0,112.5,0.03,-87.5,-0.02,139137.5,13.91,1
2230,Entry short,2026-01-16 02:00,MR_Short,7003.75,10,350187.5,112.5,0.03,0,112.5,0.03,-87.5,-0.02,139137.5,13.91,1
2231,Exit long,2026-01-16 10:00,Sq_Short,6979,10,348950,0,0.00,0,0,0.00,0,0.00,139137.5,13.91,0
2231,Entry long,2026-01-16 10:00,MR_Long,6979,10,348950,0,0.00,0,0,0.00,0,0.00,139137.5,13.91,0
2232,Exit short,2026-01-16 10:00,Sq_Short_Exit,6975.5,10,348950,175,0.05,0,225,0.06,0,0.00,139312.5,13.93,0
2232,Entry short,2026-01-16 10:00,Sq_Short,6979,10,348950,175,0.05,0,225,0.06,0,0.00,139312.5,13.93,0
2233,Exit long,2026-01-18 18:30,Sq_Short,6928.75,10,346437.5,0,0.00,0,0,0.00,0,0.00,139312.5,13.93,0
2233,Entry long,2026-01-18 18:30,MR_Long,6928.75,10,346437.5,0,0.00,0,0,0.00,0,0.00,139312.5,13.93,0
2234,Exit short,2026-01-18 18:30,Sq_Short_Exit,6923.75,10,346437.5,250,0.07,0,300,0.09,-250,-0.07,139562.5,13.96,0
2234,Entry short,2026-01-18 18:30,Sq_Short,6928.75,10,346437.5,250,0.07,0,300,0.09,-250,-0.07,139562.5,13.96,0
2235,Exit long,2026-01-19 05:00,MR_Long_Exit,6896.5,10,344725,100,0.03,0,100,0.03,-150,-0.04,139662.5,13.97,0
2235,Entry long,2026-01-19 05:00,MR_Long,6894.5,10,344725,100,0.03,0,100,0.03,-150,-0.04,139662.5,13.97,0
2236,Exit long,2026-01-19 06:00,Sq_Short,6893.5,10,344675,0,0.00,0,0,0.00,0,0.00,139662.5,13.97,0
2236,Entry long,2026-01-19 06:00,MR_Long,6893.5,10,344675,0,0.00,0,0,0.00,0,0.00,139662.5,13.97,0
2237,Exit short,2026-01-19 06:00,Sq_Short_Exit,6892.25,10,344675,62.5,0.02,0,112.5,0.03,0,0.00,139725,13.97,0
2237,Entry short,2026-01-19 06:00,Sq_Short,6893.5,10,344675,62.5,0.02,0,112.5,0.03,0,0.00,139725,13.97,0
2238,Exit long,2026-01-20 01:30,MR_Long_Exit,6889.25,10,344350,112.5,0.03,0,112.5,0.03,0,0.00,139837.5,13.98,0
2238,Entry long,2026-01-20 01:30,MR_Long,6887,10,344350,112.5,0.03,0,112.5,0.03,0,0.00,139837.5,13.98,0
2239,Exit short,2026-01-20 02:00,Sq_Short_Exit,6877.75,10,344400,512.5,0.15,0,562.5,0.16,-75,-0.02,140350,14.04,0
2239,Entry short,2026-01-20 02:00,Sq_Short,6888,10,344400,512.5,0.15,0,562.5,0.16,-75,-0.02,140350,14.04,0
2240,Exit short,2026-01-20 10:30,MR_Short_Exit,6893.5,10,344775,100,0.03,0,100,0.03,0,0.00,140450,14.05,0
2240,Entry short,2026-01-20 10:30,MR_Short,6895.5,10,344775,100,0.03,0,100,0.03,0,0.00,140450,14.05,0
2241,Exit long,2026-01-20 14:00,MR_Long_Exit,6845.75,10,342175,112.5,0.03,0,112.5,0.03,0,0.00,140562.5,14.06,0
2241,Entry long,2026-01-20 14:00,MR_Long,6843.5,10,342175,112.5,0.03,0,112.5,0.03,0,0.00,140562.5,14.06,0
2242,Exit long,2026-01-21 07:00,Sq_Short,6819.5,10,340975,0,0.00,0,0,0.00,0,0.00,140562.5,14.06,0
2242,Entry long,2026-01-21 07:00,MR_Long,6819.5,10,340975,0,0.00,0,0,0.00,0,0.00,140562.5,14.06,0
2243,Exit short,2026-01-21 07:00,Sq_Short_Exit,6817,10,340975,125,0.04,0,175,0.05,0,0.00,140687.5,14.07,0
2243,Entry short,2026-01-21 07:00,Sq_Short,6819.5,10,340975,125,0.04,0,175,0.05,0,0.00,140687.5,14.07,0
2244,Exit short,2026-01-21 10:00,MR_Short_Exit,6879.25,10,344050,87.5,0.03,0,87.5,0.03,0,0.00,140775,14.08,0
2244,Entry short,2026-01-21 10:00,MR_Short,6881,10,344050,87.5,0.03,0,87.5,0.03,0,0.00,140775,14.08,0
2245,Exit short,2026-01-21 14:30,MR_Short_Exit,6942.5,10,345062.5,-2062.5,-0.60,0,25,0.01,-2062.5,-0.60,138712.5,13.87,0
2245,Entry short,2026-01-21 14:30,MR_Short,6901.25,10,345062.5,-2062.5,-0.60,0,25,0.01,-2062.5,-0.60,138712.5,13.87,0
2246,Exit short,2026-01-22 06:00,MR_Short_Exit,6945,10,347350,100,0.03,0,100,0.03,-462.5,-0.13,138812.5,13.88,4
2246,Entry short,2026-01-22 04:00,MR_Short,6947,10,347350,100,0.03,0,100,0.03,-462.5,-0.13,138812.5,13.88,4
2247,Exit short,2026-01-22 09:00,MR_Short_Exit,6955.75,10,347875,87.5,0.03,0,87.5,0.03,-37.5,-0.01,138900,13.89,0
2247,Entry short,2026-01-22 09:00,MR_Short,6957.5,10,347875,87.5,0.03,0,87.5,0.03,-37.5,-0.01,138900,13.89,0
2248,Exit long,2026-01-23 04:00,MR_Long_Exit,6940,10,346912.5,87.5,0.03,0,87.5,0.03,-75,-0.02,138987.5,13.90,0
2248,Entry long,2026-01-23 04:00,MR_Long,6938.25,10,346912.5,87.5,0.03,0,87.5,0.03,-75,-0.02,138987.5,13.90,0
2249,Exit long,2026-01-23 07:00,MR_Long_Exit,6935.5,10,346662.5,112.5,0.03,0,112.5,0.03,-37.5,-0.01,139100,13.91,0
2249,Entry long,2026-01-23 07:00,MR_Long,6933.25,10,346662.5,112.5,0.03,0,112.5,0.03,-37.5,-0.01,139100,13.91,0
2250,Exit long,2026-01-23 08:30,MR_Long_Exit,6930,10,346412.5,87.5,0.03,0,87.5,0.03,-112.5,-0.03,139187.5,13.92,0
2250,Entry long,2026-01-23 08:30,MR_Long,6928.25,10,346412.5,87.5,0.03,0,87.5,0.03,-112.5,-0.03,139187.5,13.92,0
2251,Exit short,2026-01-23 11:00,MR_Short_Exit,6956.75,10,347937.5,100,0.03,0,100,0.03,-262.5,-0.08,139287.5,13.93,0
2251,Entry short,2026-01-23 11:00,MR_Short,6958.75,10,347937.5,100,0.03,0,100,0.03,-262.5,-0.08,139287.5,13.93,0
2252,Exit long,2026-01-25 18:30,MR_Long_Exit,6911,10,345450,100,0.03,0,100,0.03,0,0.00,139387.5,13.94,0
2252,Entry long,2026-01-25 18:30,MR_Long,6909,10,345450,100,0.03,0,100,0.03,0,0.00,139387.5,13.94,0
2253,Exit short,2026-01-26 04:00,MR_Short_Exit,6945,10,347337.5,87.5,0.03,0,87.5,0.03,-175,-0.05,139475,13.95,1
2253,Entry short,2026-01-26 03:30,MR_Short,6946.75,10,347337.5,87.5,0.03,0,87.5,0.03,-175,-0.05,139475,13.95,1
2254,Exit short,2026-01-26 13:00,MR_Short_Exit,6992.75,10,347587.5,-2050,-0.59,0,37.5,0.01,-2050,-0.59,137425,13.74,8
2254,Entry short,2026-01-26 09:00,MR_Short,6951.75,10,347587.5,-2050,-0.59,0,37.5,0.01,-2050,-0.59,137425,13.74,8
2255,Exit short,2026-01-27 03:30,MR_Short_Exit,6995,10,349837.5,87.5,0.03,0,87.5,0.03,-500,-0.14,137512.5,13.75,11
2255,Entry short,2026-01-26 22:00,MR_Short,6996.75,10,349837.5,87.5,0.03,0,87.5,0.03,-500,-0.14,137512.5,13.75,11
2256,Exit short,2026-01-27 12:00,MR_Short_Exit,7011.25,10,350662.5,100,0.03,0,100,0.03,-275,-0.08,137612.5,13.76,2
2256,Entry short,2026-01-27 11:00,MR_Short,7013.25,10,350662.5,100,0.03,0,100,0.03,-275,-0.08,137612.5,13.76,2
2257,Exit short,2026-01-27 15:00,MR_Short_Exit,7012.75,10,350750,112.5,0.03,0,112.5,0.03,-100,-0.03,137725,13.77,1
2257,Entry short,2026-01-27 14:30,MR_Short,7015,10,350750,112.5,0.03,0,112.5,0.03,-100,-0.03,137725,13.77,1
2258,Exit short,2026-01-28 10:00,MR_Short_Exit,7017.25,10,350950,87.5,0.02,0,87.5,0.02,-1212.5,-0.35,137812.5,13.78,29
2258,Entry short,2026-01-27 19:30,MR_Short,7019,10,350950,87.5,0.02,0,87.5,0.02,-1212.5,-0.35,137812.5,13.78,29
2259,Exit long,2026-01-28 10:30,MR_Long_Exit,7019.25,10,350862.5,100,0.03,0,100,0.03,0,0.00,137912.5,13.79,0
2259,Entry long,2026-01-28 10:30,MR_Long,7017.25,10,350862.5,100,0.03,0,100,0.03,0,0.00,137912.5,13.79,0
2260,Exit short,2026-01-29 03:00,MR_Short_Exit,7024.5,10,351325,100,0.03,0,100,0.03,-150,-0.04,138012.5,13.80,0
2260,Entry short,2026-01-29 03:00,MR_Short,7026.5,10,351325,100,0.03,0,100,0.03,-150,-0.04,138012.5,13.80,0
2261,Exit long,2026-01-29 10:00,Sq_Short,6966.75,10,348337.5,0,0.00,0,0,0.00,0,0.00,138012.5,13.80,0
2261,Entry long,2026-01-29 10:00,MR_Long,6966.75,10,348337.5,0,0.00,0,0,0.00,0,0.00,138012.5,13.80,0
2262,Exit short,2026-01-29 10:00,Sq_Short_Exit,6939.5,10,348337.5,1362.5,0.39,0,1412.5,0.41,-25,-0.01,139375,13.94,0
2262,Entry short,2026-01-29 10:00,Sq_Short,6966.75,10,348337.5,1362.5,0.39,0,1412.5,0.41,-25,-0.01,139375,13.94,0
2263,Exit long,2026-01-30 01:30,MR_Long_Exit,6948,10,347287.5,112.5,0.03,0,112.5,0.03,0,0.00,139487.5,13.95,0
2263,Entry long,2026-01-30 01:30,MR_Long,6945.75,10,347287.5,112.5,0.03,0,112.5,0.03,0,0.00,139487.5,13.95,0
2264,Exit long,2026-01-30 04:30,MR_Long_Exit,6934,10,346600,100,0.03,0,100,0.03,0,0.00,139587.5,13.96,0
2264,Entry long,2026-01-30 04:30,MR_Long,6932,10,346600,100,0.03,0,100,0.03,0,0.00,139587.5,13.96,0
2265,Exit long,2026-02-01 21:00,MR_Long_Exit,6919.25,10,345875,87.5,0.03,0,87.5,0.03,-275,-0.08,139675,13.97,0
2265,Entry long,2026-02-01 21:00,MR_Long,6917.5,10,345875,87.5,0.03,0,87.5,0.03,-275,-0.08,139675,13.97,0
2266,Exit short,2026-02-01 22:00,Sq_Short_Exit,6896.5,10,345325,500,0.14,0,550,0.16,-175,-0.05,140175,14.02,0
2266,Entry short,2026-02-01 22:00,Sq_Short,6906.5,10,345325,500,0.14,0,550,0.16,-175,-0.05,140175,14.02,0
2267,Exit short,2026-02-02 06:30,MR_Short_Exit,6930.25,10,346587.5,75,0.02,0,75,0.02,0,0.00,140250,14.03,0
2267,Entry short,2026-02-02 06:30,MR_Short,6931.75,10,346587.5,75,0.02,0,75,0.02,0,0.00,140250,14.03,0
2268,Exit short,2026-02-02 19:00,MR_Short_Exit,7012.5,10,350737.5,112.5,0.03,0,112.5,0.03,-387.5,-0.11,140362.5,14.04,1
2268,Entry short,2026-02-02 18:30,MR_Short,7014.75,10,350737.5,112.5,0.03,0,112.5,0.03,-387.5,-0.11,140362.5,14.04,1
2269,Exit long,2026-02-03 10:00,Sq_Short,6982,10,349100,0,0.00,0,0,0.00,0,0.00,140362.5,14.04,0
2269,Entry long,2026-02-03 10:00,MR_Long,6982,10,349100,0,0.00,0,0,0.00,0,0.00,140362.5,14.04,0
2270,Exit short,2026-02-03 10:00,Sq_Short_Exit,6955.25,10,349100,1337.5,0.38,0,1387.5,0.40,-100,-0.03,141700,14.17,0
2270,Entry short,2026-02-03 10:00,Sq_Short,6982,10,349100,1337.5,0.38,0,1387.5,0.40,-100,-0.03,141700,14.17,0
2271,Exit long,2026-02-04 10:00,MR_Long_Exit,6929.25,10,346362.5,100,0.03,0,100,0.03,-837.5,-0.24,141800,14.18,0
2271,Entry long,2026-02-04 10:00,MR_Long,6927.25,10,346362.5,100,0.03,0,100,0.03,-837.5,-0.24,141800,14.18,0
2272,Exit long,2026-02-04 12:00,MR_Long_Exit,6913.25,10,345550,112.5,0.03,0,112.5,0.03,0,0.00,141912.5,14.19,0
2272,Entry long,2026-02-04 12:00,MR_Long,6911,10,345550,112.5,0.03,0,112.5,0.03,0,0.00,141912.5,14.19,0
2273,Exit short,2026-02-04 12:30,Sq_Short_Exit,6863.5,10,344100,925,0.27,0,975,0.28,-562.5,-0.16,142837.5,14.28,0
2273,Entry short,2026-02-04 12:30,Sq_Short,6882,10,344100,925,0.27,0,975,0.28,-562.5,-0.16,142837.5,14.28,0
2274,Exit long,2026-02-05 08:00,MR_Long_Exit,6872.5,10,343512.5,112.5,0.03,0,112.5,0.03,-350,-0.10,142950,14.30,0
2274,Entry long,2026-02-05 08:00,MR_Long,6870.25,10,343512.5,112.5,0.03,0,112.5,0.03,-350,-0.10,142950,14.30,0
2275,Exit short,2026-02-05 08:30,Sq_Short_Exit,6855.5,10,343387.5,612.5,0.18,0,662.5,0.19,-587.5,-0.17,143562.5,14.36,0
2275,Entry short,2026-02-05 08:30,Sq_Short,6867.75,10,343387.5,612.5,0.18,0,662.5,0.19,-587.5,-0.17,143562.5,14.36,0
2276,Exit long,2026-02-05 14:00,MR_Long_Exit,6828.5,10,341350,75,0.02,0,75,0.02,-150,-0.04,143637.5,14.36,0
2276,Entry long,2026-02-05 14:00,MR_Long,6827,10,341350,75,0.02,0,75,0.02,-150,-0.04,143637.5,14.36,0
2277,Exit long,2026-02-05 18:30,MR_Long_Exit,6789.25,10,339350,112.5,0.03,0,112.5,0.03,0,0.00,143750,14.37,0
2277,Entry long,2026-02-05 18:30,MR_Long,6787,10,339350,112.5,0.03,0,112.5,0.03,0,0.00,143750,14.37,0
2278,Exit long,2026-02-06 04:30,MR_Short,6837.75,10,341887.5,0,0.00,0,0,0.00,0,0.00,143750,14.37,0
2278,Entry long,2026-02-06 04:30,Sq_Long,6837.75,10,341887.5,0,0.00,0,0,0.00,0,0.00,143750,14.37,0
2279,Exit long,2026-02-06 04:30,Sq_Long_Exit,6848,10,341887.5,512.5,0.15,0,562.5,0.16,-12.5,0.00,144262.5,14.43,0
2279,Entry long,2026-02-06 04:30,Sq_Long,6837.75,10,341887.5,512.5,0.15,0,562.5,0.16,-12.5,0.00,144262.5,14.43,0
2280,Exit long,2026-02-09 05:30,MR_Long_Exit,6935.5,10,346687.5,87.5,0.03,0,87.5,0.03,0,0.00,144350,14.44,0
2280,Entry long,2026-02-09 05:30,MR_Long,6933.75,10,346687.5,87.5,0.03,0,87.5,0.03,0,0.00,144350,14.44,0
2281,Exit long,2026-02-09 07:00,MR_Long_Exit,6936.75,10,346762.5,75,0.02,0,75,0.02,-350,-0.10,144425,14.44,0
2281,Entry long,2026-02-09 07:00,MR_Long,6935.25,10,346762.5,75,0.02,0,75,0.02,-350,-0.10,144425,14.44,0
2282,Exit long,2026-02-09 11:00,MR_Short,6983.5,10,349175,0,0.00,0,0,0.00,0,0.00,144425,14.44,0
2282,Entry long,2026-02-09 11:00,Sq_Long,6983.5,10,349175,0,0.00,0,0,0.00,0,0.00,144425,14.44,0
2283,Exit long,2026-02-09 11:00,Sq_Long_Exit,6988.25,10,349175,237.5,0.07,0,287.5,0.08,-75,-0.02,144662.5,14.47,0
2283,Entry long,2026-02-09 11:00,Sq_Long,6983.5,10,349175,237.5,0.07,0,287.5,0.08,-75,-0.02,144662.5,14.47,0
2284,Exit short,2026-02-10 04:30,MR_Short_Exit,6993.75,10,349800,112.5,0.03,0,112.5,0.03,-12.5,0.00,144775,14.48,0
2284,Entry short,2026-02-10 04:30,MR_Short,6996,10,349800,112.5,0.03,0,112.5,0.03,-12.5,0.00,144775,14.48,0
2285,Exit short,2026-02-10 07:30,MR_Short_Exit,6993,10,349750,100,0.03,0,100,0.03,-62.5,-0.02,144875,14.49,0
2285,Entry short,2026-02-10 07:30,MR_Short,6995,10,349750,100,0.03,0,100,0.03,-62.5,-0.02,144875,14.49,0
2286,Exit long,2026-02-10 16:00,Sq_Short,6961.25,10,348062.5,0,0.00,0,0,0.00,0,0.00,144875,14.49,0
2286,Entry long,2026-02-10 16:00,MR_Long,6961.25,10,348062.5,0,0.00,0,0,0.00,0,0.00,144875,14.49,0
2287,Exit short,2026-02-10 16:00,Sq_Short_Exit,6960.25,10,348062.5,50,0.01,0,100,0.03,0,0.00,144925,14.49,0
2287,Entry short,2026-02-10 16:00,Sq_Short,6961.25,10,348062.5,50,0.01,0,100,0.03,0,0.00,144925,14.49,0
2288,Exit long,2026-02-11 06:00,MR_Long_Exit,6967.75,10,348287.5,100,0.03,0,100,0.03,-650,-0.19,145025,14.50,2
2288,Entry long,2026-02-11 05:00,MR_Long,6965.75,10,348287.5,100,0.03,0,100,0.03,-650,-0.19,145025,14.50,2
2289,Exit short,2026-02-11 09:00,MR_Short_Exit,7002.75,10,350225,87.5,0.02,0,87.5,0.02,-212.5,-0.06,145112.5,14.51,0
2289,Entry short,2026-02-11 09:00,MR_Short,7004.5,10,350225,87.5,0.02,0,87.5,0.02,-212.5,-0.06,145112.5,14.51,0
2290,Exit long,2026-02-11 10:30,MR_Long_Exit,6938.25,10,346825,87.5,0.03,0,87.5,0.03,-87.5,-0.03,145200,14.52,0
2290,Entry long,2026-02-11 10:30,MR_Long,6936.5,10,346825,87.5,0.03,0,87.5,0.03,-87.5,-0.03,145200,14.52,0
2291,Exit long,2026-02-12 11:00,Sq_Short,6925,10,346250,0,0.00,0,0,0.00,0,0.00,145200,14.52,0
2291,Entry long,2026-02-12 11:00,MR_Long,6925,10,346250,0,0.00,0,0,0.00,0,0.00,145200,14.52,0
2292,Exit short,2026-02-12 11:30,Sq_Short_Exit,6874.25,10,346250,2537.5,0.73,0,2587.5,0.75,-75,-0.02,147737.5,14.77,1
2292,Entry short,2026-02-12 11:00,Sq_Short,6925,10,346250,2537.5,0.73,0,2587.5,0.75,-75,-0.02,147737.5,14.77,1
2293,Exit long,2026-02-13 00:30,MR_Long_Exit,6839,10,341850,100,0.03,0,100,0.03,-112.5,-0.03,147837.5,14.78,0
2293,Entry long,2026-02-13 00:30,MR_Long,6837,10,341850,100,0.03,0,100,0.03,-112.5,-0.03,147837.5,14.78,0
2294,Exit long,2026-02-13 01:30,MR_Long_Exit,6834.5,10,341637.5,87.5,0.03,0,87.5,0.03,0,0.00,147925,14.79,0
2294,Entry long,2026-02-13 01:30,MR_Long,6832.75,10,341637.5,87.5,0.03,0,87.5,0.03,0,0.00,147925,14.79,0
2295,Exit short,2026-02-13 12:00,MR_Short_Exit,6880.5,10,344125,100,0.03,0,100,0.03,0,0.00,148025,14.80,0
2295,Entry short,2026-02-13 12:00,MR_Short,6882.5,10,344125,100,0.03,0,100,0.03,0,0.00,148025,14.80,0
2296,Exit long,2026-02-13 12:30,Sq_Long_Exit,6896.75,10,344450,387.5,0.11,0,437.5,0.13,-262.5,-0.08,148412.5,14.84,0
2296,Entry long,2026-02-13 12:30,Sq_Long,6889,10,344450,387.5,0.11,0,437.5,0.13,-262.5,-0.08,148412.5,14.84,0
2297,Exit short,2026-02-16 05:00,MR_Short_Exit,6881.25,10,344162.5,100,0.03,0,100,0.03,-112.5,-0.03,148512.5,14.85,1
2297,Entry short,2026-02-16 04:30,MR_Short,6883.25,10,344162.5,100,0.03,0,100,0.03,-112.5,-0.03,148512.5,14.85,1
2298,Exit long,2026-02-16 10:30,MR_Long_Exit,6851.75,10,342487.5,100,0.03,0,100,0.03,0,0.00,148612.5,14.86,0
2298,Entry long,2026-02-16 10:30,MR_Long,6849.75,10,342487.5,100,0.03,0,100,0.03,0,0.00,148612.5,14.86,0
2299,Exit long,2026-02-16 21:00,MR_Long_Exit,6831.25,10,341462.5,100,0.03,0,100,0.03,0,0.00,148712.5,14.87,0
2299,Entry long,2026-02-16 21:00,MR_Long,6829.25,10,341462.5,100,0.03,0,100,0.03,0,0.00,148712.5,14.87,0
2300,Exit long,2026-02-17 02:30,MR_Long_Exit,6818,10,340837.5,62.5,0.02,0,62.5,0.02,-125,-0.04,148775,14.88,0
2300,Entry long,2026-02-17 02:30,MR_Long,6816.75,10,340837.5,62.5,0.02,0,62.5,0.02,-125,-0.04,148775,14.88,0
2301,Exit long,2026-02-17 10:00,MR_Long_Exit,6801.75,10,339987.5,100,0.03,0,100,0.03,-175,-0.05,148875,14.89,0
2301,Entry long,2026-02-17 10:00,MR_Long,6799.75,10,339987.5,100,0.03,0,100,0.03,-175,-0.05,148875,14.89,0
2302,Exit short,2026-02-17 14:00,MR_Short_Exit,6873.25,10,343750,87.5,0.03,0,87.5,0.03,0,0.00,148962.5,14.90,0
2302,Entry short,2026-02-17 14:00,MR_Short,6875,10,343750,87.5,0.03,0,87.5,0.03,0,0.00,148962.5,14.90,0
2303,Exit short,2026-02-18 07:00,MR_Short_Exit,6887.25,10,344475,112.5,0.03,0,112.5,0.03,-712.5,-0.21,149075,14.91,7
2303,Entry short,2026-02-18 03:30,MR_Short,6889.5,10,344475,112.5,0.03,0,112.5,0.03,-712.5,-0.21,149075,14.91,7
2304,Exit short,2026-02-18 10:30,MR_Short_Exit,6910.75,10,345637.5,100,0.03,0,100,0.03,0,0.00,149175,14.92,0
2304,Entry short,2026-02-18 10:30,MR_Short,6912.75,10,345637.5,100,0.03,0,100,0.03,0,0.00,149175,14.92,0
2305,Exit short,2026-02-18 12:30,MR_Short_Exit,6914.25,10,345812.5,100,0.03,0,100,0.03,0,0.00,149275,14.93,0
2305,Entry short,2026-02-18 12:30,MR_Short,6916.25,10,345812.5,100,0.03,0,100,0.03,0,0.00,149275,14.93,0
2306,Exit long,2026-02-18 15:30,MR_Long_Exit,6877.5,10,343762.5,112.5,0.03,0,112.5,0.03,-37.5,-0.01,149387.5,14.94,0
2306,Entry long,2026-02-18 15:30,MR_Long,6875.25,10,343762.5,112.5,0.03,0,112.5,0.03,-37.5,-0.01,149387.5,14.94,0
2307,Exit long,2026-02-19 07:00,MR_Long_Exit,6883.5,10,344062.5,112.5,0.03,0,112.5,0.03,-750,-0.22,149500,14.95,4
2307,Entry long,2026-02-19 05:00,MR_Long,6881.25,10,344062.5,112.5,0.03,0,112.5,0.03,-750,-0.22,149500,14.95,4
2308,Exit long,2026-02-19 08:30,MR_Long_Exit,6872.5,10,343525,100,0.03,0,100,0.03,-400,-0.12,149600,14.96,0
2308,Entry long,2026-02-19 08:30,MR_Long,6870.5,10,343525,100,0.03,0,100,0.03,-400,-0.12,149600,14.96,0
2309,Exit short,2026-02-20 02:30,MR_Short_Exit,6892.5,10,344737.5,112.5,0.03,0,112.5,0.03,-262.5,-0.08,149712.5,14.97,4
2309,Entry short,2026-02-20 00:30,MR_Short,6894.75,10,344737.5,112.5,0.03,0,112.5,0.03,-262.5,-0.08,149712.5,14.97,4
2310,Exit long,2026-02-20 06:30,MR_Long_Exit,6880.25,10,343912.5,100,0.03,0,100,0.03,0,0.00,149812.5,14.98,0
2310,Entry long,2026-02-20 06:30,MR_Long,6878.25,10,343912.5,100,0.03,0,100,0.03,0,0.00,149812.5,14.98,0
2311,Exit short,2026-02-20 07:00,Sq_Short_Exit,6863.25,10,343450,287.5,0.08,0,337.5,0.10,-225,-0.07,150100,15.01,0
2311,Entry short,2026-02-20 07:00,Sq_Short,6869,10,343450,287.5,0.08,0,337.5,0.10,-225,-0.07,150100,15.01,0
2312,Exit long,2026-02-20 09:00,MR_Long_Exit,6863.5,10,343075,100,0.03,0,100,0.03,0,0.00,150200,15.02,0
2312,Entry long,2026-02-20 09:00,MR_Long,6861.5,10,343075,100,0.03,0,100,0.03,0,0.00,150200,15.02,0
2313,Exit short,2026-02-20 11:00,MR_Short_Exit,6917,10,345950,100,0.03,0,100,0.03,-225,-0.07,150300,15.03,0
2313,Entry short,2026-02-20 11:00,MR_Short,6919,10,345950,100,0.03,0,100,0.03,-225,-0.07,150300,15.03,0
2314,Exit short,2026-02-20 12:00,MR_Short_Exit,6914.5,10,345825,100,0.03,0,100,0.03,-150,-0.04,150400,15.04,0
2314,Entry short,2026-02-20 12:00,MR_Short,6916.5,10,345825,100,0.03,0,100,0.03,-150,-0.04,150400,15.04,0
2315,Exit short,2026-02-20 14:00,MR_Short_Exit,6922,10,346212.5,112.5,0.03,0,112.5,0.03,-250,-0.07,150512.5,15.05,0
2315,Entry short,2026-02-20 14:00,MR_Short,6924.25,10,346212.5,112.5,0.03,0,112.5,0.03,-250,-0.07,150512.5,15.05,0
2316,Exit short,2026-02-20 16:00,MR_Short_Exit,6922.5,10,346237.5,112.5,0.03,0,112.5,0.03,0,0.00,150625,15.06,0
2316,Entry short,2026-02-20 16:00,MR_Short,6924.75,10,346237.5,112.5,0.03,0,112.5,0.03,0,0.00,150625,15.06,0
2317,Exit long,2026-02-22 21:00,MR_Long_Exit,6877.5,10,343762.5,112.5,0.03,0,112.5,0.03,0,0.00,150737.5,15.07,0
2317,Entry long,2026-02-22 21:00,MR_Long,6875.25,10,343762.5,112.5,0.03,0,112.5,0.03,0,0.00,150737.5,15.07,0
2318,Exit short,2026-02-23 04:30,MR_Short_Exit,6902.5,10,345225,100,0.03,0,100,0.03,0,0.00,150837.5,15.08,0
2318,Entry short,2026-02-23 04:30,MR_Short,6904.5,10,345225,100,0.03,0,100,0.03,0,0.00,150837.5,15.08,0
2319,Exit short,2026-02-23 09:30,MR_Short_Exit,6906.25,10,345400,87.5,0.03,0,87.5,0.03,0,0.00,150925,15.09,0
2319,Entry short,2026-02-23 09:30,MR_Short,6908,10,345400,87.5,0.03,0,87.5,0.03,0,0.00,150925,15.09,0
2320,Exit long,2026-02-23 11:00,MR_Long_Exit,6853.75,10,342600,87.5,0.03,0,87.5,0.03,0,0.00,151012.5,15.10,0
2320,Entry long,2026-02-23 11:00,MR_Long,6852,10,342600,87.5,0.03,0,87.5,0.03,0,0.00,151012.5,15.10,0
2321,Exit long,2026-02-23 14:00,MR_Long_Exit,6851.5,10,342475,100,0.03,0,100,0.03,0,0.00,151112.5,15.11,0
2321,Entry long,2026-02-23 14:00,MR_Long,6849.5,10,342475,100,0.03,0,100,0.03,0,0.00,151112.5,15.11,0
2322,Exit long,2026-02-24 08:00,MR_Long_Exit,6852,10,342512.5,87.5,0.03,0,87.5,0.03,-37.5,-0.01,151200,15.12,0
2322,Entry long,2026-02-24 08:00,MR_Long,6850.25,10,342512.5,87.5,0.03,0,87.5,0.03,-37.5,-0.01,151200,15.12,0
2323,Exit long,2026-02-24 09:30,MR_Long_Exit,6849.5,10,342375,100,0.03,0,100,0.03,-950,-0.28,151300,15.13,0
2323,Entry long,2026-02-24 09:30,MR_Long,6847.5,10,342375,100,0.03,0,100,0.03,-950,-0.28,151300,15.13,0
2324,Exit short,2026-02-24 10:30,MR_Short_Exit,6890.5,10,344625,100,0.03,0,100,0.03,-125,-0.04,151400,15.14,0
2324,Entry short,2026-02-24 10:30,MR_Short,6892.5,10,344625,100,0.03,0,100,0.03,-125,-0.04,151400,15.14,0
2325,Exit long,2026-02-24 11:30,MR_Short,6890.25,10,344512.5,0,0.00,0,0,0.00,0,0.00,151400,15.14,0
2325,Entry long,2026-02-24 11:30,Sq_Long,6890.25,10,344512.5,0,0.00,0,0,0.00,0,0.00,151400,15.14,0
2326,Exit long,2026-02-24 11:30,Sq_Long_Exit,6895.5,10,344512.5,262.5,0.08,0,312.5,0.09,0,0.00,151662.5,15.17,0
2326,Entry long,2026-02-24 11:30,Sq_Long,6890.25,10,344512.5,262.5,0.08,0,312.5,0.09,0,0.00,151662.5,15.17,0
2327,Exit short,2026-02-24 16:00,MR_Short_Exit,6901,10,345162.5,112.5,0.03,0,112.5,0.03,-87.5,-0.03,151775,15.18,0
2327,Entry short,2026-02-24 16:00,MR_Short,6903.25,10,345162.5,112.5,0.03,0,112.5,0.03,-87.5,-0.03,151775,15.18,0
2328,Exit short,2026-02-25 07:00,MR_Short_Exit,6921.75,10,346187.5,100,0.03,0,100,0.03,0,0.00,151875,15.19,0
2328,Entry short,2026-02-25 07:00,MR_Short,6923.75,10,346187.5,100,0.03,0,100,0.03,0,0.00,151875,15.19,0
2329,Exit long,2026-02-25 08:00,Sq_Long_Exit,6927.75,10,346312.5,75,0.02,0,125,0.04,-100,-0.03,151950,15.20,0
2329,Entry long,2026-02-25 08:00,Sq_Long,6926.25,10,346312.5,75,0.02,0,125,0.04,-100,-0.03,151950,15.20,0
2330,Exit short,2026-02-26 07:30,MR_Short_Exit,6961.5,10,348175,100,0.03,0,100,0.03,-100,-0.03,152050,15.20,0
2330,Entry short,2026-02-26 07:30,MR_Short,6963.5,10,348175,100,0.03,0,100,0.03,-100,-0.03,152050,15.20,0
2331,Exit long,2026-02-26 08:30,MR_Short,6966.25,10,348312.5,0,0.00,0,0,0.00,0,0.00,152050,15.20,0
2331,Entry long,2026-02-26 08:30,Sq_Long,6966.25,10,348312.5,0,0.00,0,0,0.00,0,0.00,152050,15.20,0
2332,Exit long,2026-02-26 08:30,Sq_Long_Exit,6969.5,10,348312.5,162.5,0.05,0,212.5,0.06,-62.5,-0.02,152212.5,15.22,0
2332,Entry long,2026-02-26 08:30,Sq_Long,6966.25,10,348312.5,162.5,0.05,0,212.5,0.06,-62.5,-0.02,152212.5,15.22,0
2333,Exit long,2026-02-26 10:00,MR_Long_Exit,6936.25,10,346725,87.5,0.03,0,87.5,0.03,0,0.00,152300,15.23,0
2333,Entry long,2026-02-26 10:00,MR_Long,6934.5,10,346725,87.5,0.03,0,87.5,0.03,0,0.00,152300,15.23,0
2334,Exit long,2026-02-27 07:00,MR_Long_Exit,6887,10,344250,100,0.03,0,100,0.03,-300,-0.09,152400,15.24,0
2334,Entry long,2026-02-27 07:00,MR_Long,6885,10,344250,100,0.03,0,100,0.03,-300,-0.09,152400,15.24,0
2335,Exit long,2026-02-27 08:00,MR_Long_Exit,6879.75,10,343887.5,100,0.03,0,100,0.03,0,0.00,152500,15.25,0
2335,Entry long,2026-02-27 08:00,MR_Long,6877.75,10,343887.5,100,0.03,0,100,0.03,0,0.00,152500,15.25,0
2336,Exit short,2026-02-27 08:30,Sq_Short_Exit,6852,10,343387.5,787.5,0.23,0,837.5,0.24,-12.5,0.00,153287.5,15.33,0
2336,Entry short,2026-02-27 08:30,Sq_Short,6867.75,10,343387.5,787.5,0.23,0,837.5,0.24,-12.5,0.00,153287.5,15.33,0
2337,Exit long,2026-03-01 18:30,Sq_Short,6823.25,10,341162.5,0,0.00,0,0,0.00,0,0.00,153287.5,15.33,0
2337,Entry long,2026-03-01 18:30,MR_Long,6823.25,10,341162.5,0,0.00,0,0,0.00,0,0.00,153287.5,15.33,0
2338,Exit short,2026-03-01 18:30,Sq_Short_Exit,6815.5,10,341162.5,387.5,0.11,0,437.5,0.13,-187.5,-0.05,153675,15.37,0
2338,Entry short,2026-03-01 18:30,Sq_Short,6823.25,10,341162.5,387.5,0.11,0,437.5,0.13,-187.5,-0.05,153675,15.37,0
2339,Exit long,2026-03-02 01:00,MR_Long_Exit,6817.5,10,340762.5,112.5,0.03,0,112.5,0.03,0,0.00,153787.5,15.38,0
2339,Entry long,2026-03-02 01:00,MR_Long,6815.25,10,340762.5,112.5,0.03,0,112.5,0.03,0,0.00,153787.5,15.38,0
2340,Exit short,2026-03-02 10:00,MR_Short_Exit,6851.75,10,342675,87.5,0.03,0,87.5,0.03,0,0.00,153875,15.39,0
2340,Entry short,2026-03-02 10:00,MR_Short,6853.5,10,342675,87.5,0.03,0,87.5,0.03,0,0.00,153875,15.39,0
2341,Exit long,2026-03-02 21:30,MR_Long_Exit,6847.25,10,342287.5,75,0.02,0,75,0.02,-50,-0.01,153950,15.40,0
2341,Entry long,2026-03-02 21:30,MR_Long,6845.75,10,342287.5,75,0.02,0,75,0.02,-50,-0.01,153950,15.40,0
2342,Exit long,2026-03-03 09:00,MR_Long_Exit,6770.5,10,338450,75,0.02,0,75,0.02,0,0.00,154025,15.40,0
2342,Entry long,2026-03-03 09:00,MR_Long,6769,10,338450,75,0.02,0,75,0.02,0,0.00,154025,15.40,0
2343,Exit long,2026-03-03 10:00,MR_Long_Exit,6748.25,10,337312.5,100,0.03,0,100,0.03,0,0.00,154125,15.41,0
2343,Entry long,2026-03-03 10:00,MR_Long,6746.25,10,337312.5,100,0.03,0,100,0.03,0,0.00,154125,15.41,0
2344,Exit short,2026-03-03 14:30,MR_Short_Exit,6819.5,10,341075,100,0.03,0,100,0.03,-1062.5,-0.31,154225,15.42,2
2344,Entry short,2026-03-03 13:30,MR_Short,6821.5,10,341075,100,0.03,0,100,0.03,-1062.5,-0.31,154225,15.42,2
2345,Exit short,2026-03-04 06:30,MR_Short_Exit,6832.25,10,341712.5,100,0.03,0,100,0.03,-1037.5,-0.30,154325,15.43,2
2345,Entry short,2026-03-04 05:30,MR_Short,6834.25,10,341712.5,100,0.03,0,100,0.03,-1037.5,-0.30,154325,15.43,2
2346,Exit short,2026-03-04 08:30,MR_Short_Exit,6844.75,10,342350,112.5,0.03,0,112.5,0.03,0,0.00,154437.5,15.44,0
2346,Entry short,2026-03-04 08:30,MR_Short,6847,10,342350,112.5,0.03,0,112.5,0.03,0,0.00,154437.5,15.44,0
2347,Exit short,2026-03-04 10:30,MR_Short_Exit,6882.25,10,344225,112.5,0.03,0,112.5,0.03,-75,-0.02,154550,15.46,0
2347,Entry short,2026-03-04 10:30,MR_Short,6884.5,10,344225,112.5,0.03,0,112.5,0.03,-75,-0.02,154550,15.46,0
2348,Exit long,2026-03-04 22:30,MR_Long_Exit,6857.5,10,342787.5,87.5,0.03,0,87.5,0.03,0,0.00,154637.5,15.46,0
2348,Entry long,2026-03-04 22:30,MR_Long,6855.75,10,342787.5,87.5,0.03,0,87.5,0.03,0,0.00,154637.5,15.46,0
2349,Exit long,2026-03-05 01:30,MR_Long_Exit,6851.75,10,342475,112.5,0.03,0,112.5,0.03,-250,-0.07,154750,15.48,0
2349,Entry long,2026-03-05 01:30,MR_Long,6849.5,10,342475,112.5,0.03,0,112.5,0.03,-250,-0.07,154750,15.48,0
2350,Exit long,2026-03-05 03:30,MR_Long_Exit,6847.75,10,342287.5,100,0.03,0,100,0.03,-275,-0.08,154850,15.49,0
2350,Entry long,2026-03-05 03:30,MR_Long,6845.75,10,342287.5,100,0.03,0,100,0.03,-275,-0.08,154850,15.49,0
2351,Exit long,2026-03-05 10:30,MR_Long_Exit,6831.5,10,341487.5,87.5,0.03,0,87.5,0.03,-775,-0.23,154937.5,15.49,0
2351,Entry long,2026-03-05 10:30,MR_Long,6829.75,10,341487.5,87.5,0.03,0,87.5,0.03,-775,-0.23,154937.5,15.49,0
2352,Exit long,2026-03-05 11:30,Sq_Short,6816.5,10,340825,0,0.00,0,0,0.00,0,0.00,154937.5,15.49,0
2352,Entry long,2026-03-05 11:30,MR_Long,6816.5,10,340825,0,0.00,0,0,0.00,0,0.00,154937.5,15.49,0
2353,Exit short,2026-03-05 12:30,Sq_Short_Exit,6807,10,340825,475,0.14,0,525,0.15,-1475,-0.43,155412.5,15.54,2
2353,Entry short,2026-03-05 11:30,Sq_Short,6816.5,10,340825,475,0.14,0,525,0.15,-1475,-0.43,155412.5,15.54,2
2354,Exit long,2026-03-05 13:00,MR_Long_Exit,6788,10,339275,125,0.04,0,125,0.04,-275,-0.08,155537.5,15.55,0
2354,Entry long,2026-03-05 13:00,MR_Long,6785.5,10,339275,125,0.04,0,125,0.04,-275,-0.08,155537.5,15.55,0
2355,Exit short,2026-03-05 23:00,MR_Short_Exit,6845.5,10,342362.5,87.5,0.03,0,87.5,0.03,-62.5,-0.02,155625,15.56,0
2355,Entry short,2026-03-05 23:00,MR_Short,6847.25,10,342362.5,87.5,0.03,0,87.5,0.03,-62.5,-0.02,155625,15.56,0
2356,Exit long,2026-03-06 04:30,MR_Long_Exit,6815.75,10,340700,87.5,0.03,0,87.5,0.03,0,0.00,155712.5,15.57,0
2356,Entry long,2026-03-06 04:30,MR_Long,6814,10,340700,87.5,0.03,0,87.5,0.03,0,0.00,155712.5,15.57,0
2357,Exit short,2026-03-06 06:00,Sq_Short_Exit,6801.5,10,340287.5,212.5,0.06,0,262.5,0.08,-837.5,-0.25,155925,15.59,2
2357,Entry short,2026-03-06 05:00,Sq_Short,6805.75,10,340287.5,212.5,0.06,0,262.5,0.08,-837.5,-0.25,155925,15.59,2
2358,Exit long,2026-03-06 07:00,MR_Long_Exit,6795.75,10,339687.5,100,0.03,0,100,0.03,-137.5,-0.04,156025,15.60,0
2358,Entry long,2026-03-06 07:00,MR_Long,6793.75,10,339687.5,100,0.03,0,100,0.03,-137.5,-0.04,156025,15.60,0
2359,Exit long,2026-03-06 13:00,MR_Long_Exit,6751.5,10,337475,100,0.03,0,100,0.03,-62.5,-0.02,156125,15.61,0
2359,Entry long,2026-03-06 13:00,MR_Long,6749.5,10,337475,100,0.03,0,100,0.03,-62.5,-0.02,156125,15.61,0
2360,Exit long,2026-03-08 18:30,MR_Long_Exit,6634,10,331587.5,112.5,0.03,0,112.5,0.03,-50,-0.02,156237.5,15.62,0
2360,Entry long,2026-03-08 18:30,MR_Long,6631.75,10,331587.5,112.5,0.03,0,112.5,0.03,-50,-0.02,156237.5,15.62,0
2361,Exit short,2026-03-09 05:00,MR_Short_Exit,6654.5,10,332850,125,0.04,0,125,0.04,0,0.00,156362.5,15.64,0
2361,Entry short,2026-03-09 05:00,MR_Short,6657,10,332850,125,0.04,0,125,0.04,0,0.00,156362.5,15.64,0
2362,Exit short,2026-03-09 08:30,MR_Short_Exit,6686.75,10,334437.5,100,0.03,0,100,0.03,-100,-0.03,156462.5,15.65,0
2362,Entry short,2026-03-09 08:30,MR_Short,6688.75,10,334437.5,100,0.03,0,100,0.03,-100,-0.03,156462.5,15.65,0
2363,Exit long,2026-03-09 11:30,MR_Short,6715.75,10,335787.5,0,0.00,0,0,0.00,0,0.00,156462.5,15.65,0
2363,Entry long,2026-03-09 11:30,Sq_Long,6715.75,10,335787.5,0,0.00,0,0,0.00,0,0.00,156462.5,15.65,0
2364,Exit long,2026-03-09 12:00,Sq_Long_Exit,6733.25,10,335787.5,875,0.26,0,925,0.28,-712.5,-0.21,157337.5,15.73,1
2364,Entry long,2026-03-09 11:30,Sq_Long,6715.75,10,335787.5,875,0.26,0,925,0.28,-712.5,-0.21,157337.5,15.73,1
2365,Exit short,2026-03-09 15:30,MR_Short_Exit,6791,10,339637.5,87.5,0.03,0,87.5,0.03,0,0.00,157425,15.74,0
2365,Entry short,2026-03-09 15:30,MR_Short,6792.75,10,339637.5,87.5,0.03,0,87.5,0.03,0,0.00,157425,15.74,0
2366,Exit short,2026-03-09 22:00,MR_Short_Exit,6790.25,10,339612.5,100,0.03,0,100,0.03,-125,-0.04,157525,15.75,0
2366,Entry short,2026-03-09 22:00,MR_Short,6792.25,10,339612.5,100,0.03,0,100,0.03,-125,-0.04,157525,15.75,0
2367,Exit short,2026-03-10 03:30,MR_Short_Exit,6814.5,10,340800,75,0.02,0,75,0.02,-200,-0.06,157600,15.76,0
2367,Entry short,2026-03-10 03:30,MR_Short,6816,10,340800,75,0.02,0,75,0.02,-200,-0.06,157600,15.76,0
2368,Exit long,2026-03-10 04:30,Sq_Long_Exit,6832.75,10,341387.5,250,0.07,0,300,0.09,0,0.00,157850,15.78,0
2368,Entry long,2026-03-10 04:30,Sq_Long,6827.75,10,341387.5,250,0.07,0,300,0.09,0,0.00,157850,15.78,0
2369,Exit short,2026-03-10 13:30,MR_Short_Exit,6849,10,342537.5,87.5,0.03,0,87.5,0.03,0,0.00,157937.5,15.79,0
2369,Entry short,2026-03-10 13:30,MR_Short,6850.75,10,342537.5,87.5,0.03,0,87.5,0.03,0,0.00,157937.5,15.79,0
2370,Exit long,2026-03-11 06:00,MR_Long_Exit,6784,10,339112.5,87.5,0.03,0,87.5,0.03,-700,-0.21,158025,15.80,2
2370,Entry long,2026-03-11 05:00,MR_Long,6782.25,10,339112.5,87.5,0.03,0,87.5,0.03,-700,-0.21,158025,15.80,2
2371,Exit long,2026-03-11 08:00,MR_Long_Exit,6781.75,10,338975,112.5,0.03,0,112.5,0.03,-125,-0.04,158137.5,15.81,0
2371,Entry long,2026-03-11 08:00,MR_Long,6779.5,10,338975,112.5,0.03,0,112.5,0.03,-125,-0.04,158137.5,15.81,0
2372,Exit long,2026-03-11 09:00,MR_Long_Exit,6773.75,10,338587.5,100,0.03,0,100,0.03,-37.5,-0.01,158237.5,15.82,0
2372,Entry long,2026-03-11 09:00,MR_Long,6771.75,10,338587.5,100,0.03,0,100,0.03,-37.5,-0.01,158237.5,15.82,0
2373,Exit long,2026-03-11 19:00,Sq_Short,6741.75,10,337087.5,0,0.00,0,0,0.00,0,0.00,158237.5,15.82,0
2373,Entry long,2026-03-11 19:00,MR_Long,6741.75,10,337087.5,0,0.00,0,0,0.00,0,0.00,158237.5,15.82,0
2374,Exit short,2026-03-11 19:00,Sq_Short_Exit,6730,10,337087.5,587.5,0.17,0,637.5,0.19,-75,-0.02,158825,15.88,0
2374,Entry short,2026-03-11 19:00,Sq_Short,6741.75,10,337087.5,587.5,0.17,0,637.5,0.19,-75,-0.02,158825,15.88,0
2375,Exit short,2026-03-12 04:30,MR_Short_Exit,6744.25,10,337300,87.5,0.03,0,87.5,0.03,-537.5,-0.16,158912.5,15.89,1
2375,Entry short,2026-03-12 04:00,MR_Short,6746,10,337300,87.5,0.03,0,87.5,0.03,-537.5,-0.16,158912.5,15.89,1
2376,Exit short,2026-03-12 06:00,MR_Short_Exit,6755.25,10,337862.5,100,0.03,0,100,0.03,-137.5,-0.04,159012.5,15.90,0
2376,Entry short,2026-03-12 06:00,MR_Short,6757.25,10,337862.5,100,0.03,0,100,0.03,-137.5,-0.04,159012.5,15.90,0
2377,Exit long,2026-03-12 10:00,MR_Long_Exit,6705.75,10,335200,87.5,0.03,0,87.5,0.03,-412.5,-0.12,159100,15.91,0
2377,Entry long,2026-03-12 10:00,MR_Long,6704,10,335200,87.5,0.03,0,87.5,0.03,-412.5,-0.12,159100,15.91,0
2378,Exit long,2026-03-12 15:00,MR_Long_Exit,6691.25,10,334462.5,100,0.03,0,100,0.03,-225,-0.07,159200,15.92,0
2378,Entry long,2026-03-12 15:00,MR_Long,6689.25,10,334462.5,100,0.03,0,100,0.03,-225,-0.07,159200,15.92,0
2379,Exit long,2026-03-12 16:00,MR_Long_Exit,6678.25,10,333812.5,100,0.03,0,100,0.03,-225,-0.07,159300,15.93,0
2379,Entry long,2026-03-12 16:00,MR_Long,6676.25,10,333812.5,100,0.03,0,100,0.03,-225,-0.07,159300,15.93,0
2380,Exit long,2026-03-13 04:30,MR_Long_Exit,6670.25,10,333400,112.5,0.03,0,112.5,0.03,-1400,-0.42,159412.5,15.94,3
2380,Entry long,2026-03-13 03:00,MR_Long,6668,10,333400,112.5,0.03,0,112.5,0.03,-1400,-0.42,159412.5,15.94,3
2381,Exit short,2026-03-13 08:00,MR_Short_Exit,6704.25,10,335312.5,100,0.03,0,100,0.03,-187.5,-0.06,159512.5,15.95,0
2381,Entry short,2026-03-13 08:00,MR_Short,6706.25,10,335312.5,100,0.03,0,100,0.03,-187.5,-0.06,159512.5,15.95,0
2382,Exit short,2026-03-13 09:00,MR_Short_Exit,6708.25,10,335512.5,100,0.03,0,100,0.03,-137.5,-0.04,159612.5,15.96,0
2382,Entry short,2026-03-13 09:00,MR_Short,6710.25,10,335512.5,100,0.03,0,100,0.03,-137.5,-0.04,159612.5,15.96,0
2383,Exit short,2026-03-13 10:00,MR_Short_Exit,6717.25,10,335962.5,100,0.03,0,100,0.03,-362.5,-0.11,159712.5,15.97,0
2383,Entry short,2026-03-13 10:00,MR_Short,6719.25,10,335962.5,100,0.03,0,100,0.03,-362.5,-0.11,159712.5,15.97,0
2384,Exit long,2026-03-13 12:00,MR_Long_Exit,6649.5,10,332362.5,112.5,0.03,0,112.5,0.03,-12.5,0.00,159825,15.98,0
2384,Entry long,2026-03-13 12:00,MR_Long,6647.25,10,332362.5,112.5,0.03,0,112.5,0.03,-12.5,0.00,159825,15.98,0
2385,Exit long,2026-03-13 13:00,MR_Long_Exit,6649.25,10,332362.5,100,0.03,0,100,0.03,-112.5,-0.03,159925,15.99,0
2385,Entry long,2026-03-13 13:00,MR_Long,6647.25,10,332362.5,100,0.03,0,100,0.03,-112.5,-0.03,159925,15.99,0
2386,Exit long,2026-03-13 14:00,MR_Long_Exit,6641.75,10,332000,87.5,0.03,0,87.5,0.03,-87.5,-0.03,160012.5,16.00,0
2386,Entry long,2026-03-13 14:00,MR_Long,6640,10,332000,87.5,0.03,0,87.5,0.03,-87.5,-0.03,160012.5,16.00,0
2387,Exit long,2026-03-13 15:30,MR_Long_Exit,6639.25,10,331850,112.5,0.03,0,112.5,0.03,0,0.00,160125,16.01,0
2387,Entry long,2026-03-13 15:30,MR_Long,6637,10,331850,112.5,0.03,0,112.5,0.03,0,0.00,160125,16.01,0
2388,Exit short,2026-03-16 02:00,MR_Short_Exit,6675.5,10,333862.5,87.5,0.03,0,87.5,0.03,-125,-0.04,160212.5,16.02,0
2388,Entry short,2026-03-16 02:00,MR_Short,6677.25,10,333862.5,87.5,0.03,0,87.5,0.03,-125,-0.04,160212.5,16.02,0
2389,Exit short,2026-03-16 03:00,MR_Short_Exit,6677,10,333962.5,112.5,0.03,0,112.5,0.03,-200,-0.06,160325,16.03,0
2389,Entry short,2026-03-16 03:00,MR_Short,6679.25,10,333962.5,112.5,0.03,0,112.5,0.03,-200,-0.06,160325,16.03,0
2390,Exit short,2026-03-16 08:30,MR_Short_Exit,6694.5,10,334812.5,87.5,0.03,0,87.5,0.03,0,0.00,160412.5,16.04,0
2390,Entry short,2026-03-16 08:30,MR_Short,6696.25,10,334812.5,87.5,0.03,0,87.5,0.03,0,0.00,160412.5,16.04,0
2391,Exit long,2026-03-16 18:30,MR_Short,6749.5,10,337475,0,0.00,0,0,0.00,0,0.00,160412.5,16.04,0
2391,Entry long,2026-03-16 18:30,Sq_Long,6749.5,10,337475,0,0.00,0,0,0.00,0,0.00,160412.5,16.04,0
2392,Exit long,2026-03-16 20:00,Sq_Long_Exit,6751.75,10,337475,112.5,0.03,0,162.5,0.05,-325,-0.10,160525,16.05,3
2392,Entry long,2026-03-16 18:30,Sq_Long,6749.5,10,337475,112.5,0.03,0,162.5,0.05,-325,-0.10,160525,16.05,3
2393,Exit short,2026-03-16 21:30,MR_Short_Exit,6737.75,10,337000,112.5,0.03,0,112.5,0.03,0,0.00,160637.5,16.06,0
2393,Entry short,2026-03-16 21:30,MR_Short,6740,10,337000,112.5,0.03,0,112.5,0.03,0,0.00,160637.5,16.06,0
2394,Exit long,2026-03-17 08:30,MR_Short,6765.5,10,338275,0,0.00,0,0,0.00,0,0.00,160637.5,16.06,0
2394,Entry long,2026-03-17 08:30,Sq_Long,6765.5,10,338275,0,0.00,0,0,0.00,0,0.00,160637.5,16.06,0
2395,Exit long,2026-03-17 08:30,Sq_Long_Exit,6773,10,338275,375,0.11,0,425,0.13,-12.5,0.00,161012.5,16.10,0
2395,Entry long,2026-03-17 08:30,Sq_Long,6765.5,10,338275,375,0.11,0,425,0.13,-12.5,0.00,161012.5,16.10,0
2396,Exit short,2026-03-18 07:00,MR_Short_Exit,6789.75,10,339600,112.5,0.03,0,112.5,0.03,-1087.5,-0.32,161125,16.11,17
2396,Entry short,2026-03-17 22:30,MR_Short,6792,10,339600,112.5,0.03,0,112.5,0.03,-1087.5,-0.32,161125,16.11,17
2397,Exit long,2026-03-18 09:00,MR_Long_Exit,6732.5,10,338687.5,-2062.5,-0.61,0,25,0.01,-2062.5,-0.61,159062.5,15.91,1
2397,Entry long,2026-03-18 08:30,MR_Long,6773.75,10,338687.5,-2062.5,-0.61,0,25,0.01,-2062.5,-0.61,159062.5,15.91,1
2398,Exit long,2026-03-19 05:30,Sq_Short,6649.5,10,332475,0,0.00,0,0,0.00,0,0.00,159062.5,15.91,0
2398,Entry long,2026-03-19 05:30,MR_Long,6649.5,10,332475,0,0.00,0,0,0.00,0,0.00,159062.5,15.91,0
2399,Exit short,2026-03-19 08:00,Sq_Short_Exit,6634.25,10,332475,762.5,0.23,0,812.5,0.24,-1625,-0.49,159825,15.98,5
2399,Entry short,2026-03-19 05:30,Sq_Short,6649.5,10,332475,762.5,0.23,0,812.5,0.24,-1625,-0.49,159825,15.98,5
2400,Exit long,2026-03-19 08:30,MR_Long_Exit,6640.5,10,331925,100,0.03,0,100,0.03,0,0.00,159925,15.99,0
2400,Entry long,2026-03-19 08:30,MR_Long,6638.5,10,331925,100,0.03,0,100,0.03,0,0.00,159925,15.99,0
2401,Exit long,2026-03-19 10:30,MR_Long_Exit,6626,10,331175,125,0.04,0,125,0.04,-37.5,-0.01,160050,16.01,0
2401,Entry long,2026-03-19 10:30,MR_Long,6623.5,10,331175,125,0.04,0,125,0.04,-37.5,-0.01,160050,16.01,0
2402,Exit long,2026-03-19 18:30,MR_Short,6677.75,10,333887.5,0,0.00,0,0,0.00,0,0.00,160050,16.01,0
2402,Entry long,2026-03-19 18:30,Sq_Long,6677.75,10,333887.5,0,0.00,0,0,0.00,0,0.00,160050,16.01,0
2403,Exit long,2026-03-19 18:30,Sq_Long_Exit,6679,10,333887.5,62.5,0.02,0,112.5,0.03,0,0.00,160112.5,16.01,0
2403,Entry long,2026-03-19 18:30,Sq_Long,6677.75,10,333887.5,62.5,0.02,0,112.5,0.03,0,0.00,160112.5,16.01,0
2404,Exit long,2026-03-20 07:00,MR_Long_Exit,6634.5,10,331625,100,0.03,0,100,0.03,-1237.5,-0.37,160212.5,16.02,2
2404,Entry long,2026-03-20 06:00,MR_Long,6632.5,10,331625,100,0.03,0,100,0.03,-1237.5,-0.37,160212.5,16.02,2
2405,Exit long,2026-03-20 10:00,MR_Long_Exit,6609.25,10,330362.5,100,0.03,0,100,0.03,0,0.00,160312.5,16.03,0
2405,Entry long,2026-03-20 10:00,MR_Long,6607.25,10,330362.5,100,0.03,0,100,0.03,0,0.00,160312.5,16.03,0
2406,Exit long,2026-03-20 13:30,MR_Long_Exit,6599.5,10,329887.5,87.5,0.03,0,87.5,0.03,0,0.00,160400,16.04,0
2406,Entry long,2026-03-20 13:30,MR_Long,6597.75,10,329887.5,87.5,0.03,0,87.5,0.03,0,0.00,160400,16.04,0
2407,Exit long,2026-03-22 18:30,MR_Long_Exit,6557,10,327737.5,112.5,0.03,0,112.5,0.03,0,0.00,160512.5,16.05,0
2407,Entry long,2026-03-22 18:30,MR_Long,6554.75,10,327737.5,112.5,0.03,0,112.5,0.03,0,0.00,160512.5,16.05,0
2408,Exit long,2026-03-22 21:00,MR_Long_Exit,6527.75,10,326300,87.5,0.03,0,87.5,0.03,-175,-0.05,160600,16.06,0
2408,Entry long,2026-03-22 21:00,MR_Long,6526,10,326300,87.5,0.03,0,87.5,0.03,-175,-0.05,160600,16.06,0
2409,Exit long,2026-03-23 03:00,MR_Long_Exit,6505.75,10,325200,87.5,0.03,0,87.5,0.03,0,0.00,160687.5,16.07,0
2409,Entry long,2026-03-23 03:00,MR_Long,6504,10,325200,87.5,0.03,0,87.5,0.03,0,0.00,160687.5,16.07,0
2410,Exit short,2026-03-23 07:30,MR_Short_Exit,6673.5,10,333800,125,0.04,0,125,0.04,0,0.00,160812.5,16.08,0
2410,Entry short,2026-03-23 07:30,MR_Short,6676,10,333800,125,0.04,0,125,0.04,0,0.00,160812.5,16.08,0
2411,Exit long,2026-03-23 22:00,MR_Long_Exit,6601,10,329937.5,112.5,0.03,0,112.5,0.03,0,0.00,160925,16.09,0
2411,Entry long,2026-03-23 22:00,MR_Long,6598.75,10,329937.5,112.5,0.03,0,112.5,0.03,0,0.00,160925,16.09,0
2412,Exit long,2026-03-24 01:30,MR_Long_Exit,6585,10,329150,100,0.03,0,100,0.03,-25,-0.01,161025,16.10,0
2412,Entry long,2026-03-24 01:30,MR_Long,6583,10,329150,100,0.03,0,100,0.03,-25,-0.01,161025,16.10,0
2413,Exit long,2026-03-26 04:30,MR_Long_Exit,6603.75,10,330075,112.5,0.03,0,112.5,0.03,0,0.00,161137.5,16.11,0
2413,Entry long,2026-03-26 04:30,MR_Long,6601.5,10,330075,112.5,0.03,0,112.5,0.03,0,0.00,161137.5,16.11,0
2414,Exit long,2026-03-26 07:00,MR_Long_Exit,6596.5,10,329737.5,87.5,0.03,0,87.5,0.03,0,0.00,161225,16.12,0
2414,Entry long,2026-03-26 07:00,MR_Long,6594.75,10,329737.5,87.5,0.03,0,87.5,0.03,0,0.00,161225,16.12,0
2415,Exit long,2026-03-26 12:30,Sq_Short,6567,10,328350,0,0.00,0,0,0.00,0,0.00,161225,16.12,0
2415,Entry long,2026-03-26 12:30,MR_Long,6567,10,328350,0,0.00,0,0,0.00,0,0.00,161225,16.12,0
2416,Exit short,2026-03-26 12:30,Sq_Short_Exit,6561.75,10,328350,262.5,0.08,0,312.5,0.10,-112.5,-0.03,161487.5,16.15,0
2416,Entry short,2026-03-26 12:30,Sq_Short,6567,10,328350,262.5,0.08,0,312.5,0.10,-112.5,-0.03,161487.5,16.15,0
2417,Exit long,2026-03-26 13:30,MR_Long_Exit,6560,10,327887.5,112.5,0.03,0,112.5,0.03,0,0.00,161600,16.16,0
2417,Entry long,2026-03-26 13:30,MR_Long,6557.75,10,327887.5,112.5,0.03,0,112.5,0.03,0,0.00,161600,16.16,0
2418,Exit long,2026-03-27 05:00,MR_Long_Exit,6525.5,10,326175,100,0.03,0,100,0.03,0,0.00,161700,16.17,0
2418,Entry long,2026-03-27 05:00,MR_Long,6523.5,10,326175,100,0.03,0,100,0.03,0,0.00,161700,16.17,0
2419,Exit long,2026-03-27 06:00,MR_Long_Exit,6517.25,10,325775,87.5,0.03,0,87.5,0.03,-187.5,-0.06,161787.5,16.18,0
2419,Entry long,2026-03-27 06:00,MR_Long,6515.5,10,325775,87.5,0.03,0,87.5,0.03,-187.5,-0.06,161787.5,16.18,0
2420,Exit short,2026-03-30 07:00,MR_Short_Exit,6463.25,10,321150,-2012.5,-0.63,0,25,0.01,-2012.5,-0.63,159775,15.98,9
2420,Entry short,2026-03-30 02:30,MR_Short,6423,10,321150,-2012.5,-0.63,0,25,0.01,-2012.5,-0.63,159775,15.98,9
2421,Exit long,2026-03-30 13:30,MR_Long_Exit,6403,10,320050,100,0.03,0,100,0.03,-362.5,-0.11,159875,15.99,0
2421,Entry long,2026-03-30 13:30,MR_Long,6401,10,320050,100,0.03,0,100,0.03,-362.5,-0.11,159875,15.99,0
2422,Exit short,2026-03-31 00:30,MR_Short_Exit,6434.25,10,321812.5,100,0.03,0,100,0.03,-1262.5,-0.39,159975,16.00,6
2422,Entry short,2026-03-30 21:30,MR_Short,6436.25,10,321812.5,100,0.03,0,100,0.03,-1262.5,-0.39,159975,16.00,6
2423,Exit short,2026-03-31 02:00,MR_Short_Exit,6436.25,10,321925,112.5,0.03,0,112.5,0.03,-100,-0.03,160087.5,16.01,0
2423,Entry short,2026-03-31 02:00,MR_Short,6438.5,10,321925,112.5,0.03,0,112.5,0.03,-100,-0.03,160087.5,16.01,0
2424,Exit short,2026-03-31 04:00,MR_Short_Exit,6452.5,10,322737.5,112.5,0.03,0,112.5,0.03,-100,-0.03,160200,16.02,0
2424,Entry short,2026-03-31 04:00,MR_Short,6454.75,10,322737.5,112.5,0.03,0,112.5,0.03,-100,-0.03,160200,16.02,0
2425,Exit long,2026-03-31 10:00,MR_Short,6494.5,10,324725,0,0.00,0,0,0.00,0,0.00,160200,16.02,0
2425,Entry long,2026-03-31 10:00,Sq_Long,6494.5,10,324725,0,0.00,0,0,0.00,0,0.00,160200,16.02,0
2426,Exit long,2026-03-31 10:00,Sq_Long_Exit,6496.5,10,324725,100,0.03,0,150,0.05,0,0.00,160300,16.03,0
2426,Entry long,2026-03-31 10:00,Sq_Long,6494.5,10,324725,100,0.03,0,150,0.05,0,0.00,160300,16.03,0
2427,Exit short,2026-03-31 13:00,MR_Short_Exit,6532.75,10,326737.5,100,0.03,0,100,0.03,0,0.00,160400,16.04,0
2427,Entry short,2026-03-31 13:00,MR_Short,6534.75,10,326737.5,100,0.03,0,100,0.03,0,0.00,160400,16.04,0
2428,Exit short,2026-04-01 03:30,MR_Short_Exit,6608.5,10,330512.5,87.5,0.03,0,87.5,0.03,-662.5,-0.20,160487.5,16.05,2
2428,Entry short,2026-04-01 02:30,MR_Short,6610.25,10,330512.5,87.5,0.03,0,87.5,0.03,-662.5,-0.20,160487.5,16.05,2
2429,Exit short,2026-04-01 08:00,MR_Short_Exit,6618.75,10,331037.5,100,0.03,0,100,0.03,-500,-0.15,160587.5,16.06,1
2429,Entry short,2026-04-01 07:30,MR_Short,6620.75,10,331037.5,100,0.03,0,100,0.03,-500,-0.15,160587.5,16.06,1
2430,Exit long,2026-04-01 12:00,MR_Short,6647,10,332350,0,0.00,0,0,0.00,0,0.00,160587.5,16.06,0
2430,Entry long,2026-04-01 12:00,Sq_Long,6647,10,332350,0,0.00,0,0,0.00,0,0.00,160587.5,16.06,0
2431,Exit long,2026-04-01 12:00,Sq_Long_Exit,6648.5,10,332350,75,0.02,0,125,0.04,0,0.00,160662.5,16.07,0
2431,Entry long,2026-04-01 12:00,Sq_Long,6647,10,332350,75,0.02,0,125,0.04,0,0.00,160662.5,16.07,0
2432,Exit short,2026-04-01 13:30,MR_Short_Exit,6644.25,10,332312.5,100,0.03,0,100,0.03,-425,-0.13,160762.5,16.08,1
2432,Entry short,2026-04-01 13:00,MR_Short,6646.25,10,332312.5,100,0.03,0,100,0.03,-425,-0.13,160762.5,16.08,1
2433,Exit long,2026-04-02 01:30,MR_Long_Exit,6529.25,10,328525,-2062.5,-0.63,0,75,0.02,-2062.5,-0.63,158700,15.87,8
2433,Entry long,2026-04-01 21:30,MR_Long,6570.5,10,328525,-2062.5,-0.63,0,75,0.02,-2062.5,-0.63,158700,15.87,8
2434,Exit long,2026-04-02 08:00,MR_Long_Exit,6510.25,10,325425,87.5,0.03,0,87.5,0.03,-250,-0.08,158787.5,15.88,0
2434,Entry long,2026-04-02 08:00,MR_Long,6508.5,10,325425,87.5,0.03,0,87.5,0.03,-250,-0.08,158787.5,15.88,0
2435,Exit long,2026-04-02 10:00,MR_Short,6560.25,10,328012.5,0,0.00,0,0,0.00,0,0.00,158787.5,15.88,0
2435,Entry long,2026-04-02 10:00,Sq_Long,6560.25,10,328012.5,0,0.00,0,0,0.00,0,0.00,158787.5,15.88,0
2436,Exit long,2026-04-02 10:00,Sq_Long_Exit,6574,10,328012.5,687.5,0.21,0,737.5,0.22,-550,-0.17,159475,15.95,0
2436,Entry long,2026-04-02 10:00,Sq_Long,6560.25,10,328012.5,687.5,0.21,0,737.5,0.22,-550,-0.17,159475,15.95,0
2437,Exit long,2026-04-05 18:30,MR_Long_Exit,6585.75,10,329187.5,100,0.03,0,100,0.03,-212.5,-0.06,159575,15.96,0
2437,Entry long,2026-04-05 18:30,MR_Long,6583.75,10,329187.5,100,0.03,0,100,0.03,-212.5,-0.06,159575,15.96,0
2438,Exit short,2026-04-05 22:00,Sq_Short_Exit,6623.25,10,329112.5,-2050,-0.62,0,25,0.01,-2050,-0.62,157525,15.75,5
2438,Entry short,2026-04-05 19:30,Sq_Short,6582.25,10,329112.5,-2050,-0.62,0,25,0.01,-2050,-0.62,157525,15.75,5
2439,Exit short,2026-04-05 22:30,MR_Short_Exit,6631.5,10,331687.5,112.5,0.03,0,112.5,0.03,-62.5,-0.02,157637.5,15.76,0
2439,Entry short,2026-04-05 22:30,MR_Short,6633.75,10,331687.5,112.5,0.03,0,112.5,0.03,-62.5,-0.02,157637.5,15.76,0
2440,Exit short,2026-04-06 06:30,MR_Short_Exit,6632.5,10,331737.5,112.5,0.03,0,112.5,0.03,-825,-0.25,157750,15.78,5
2440,Entry short,2026-04-06 04:00,MR_Short,6634.75,10,331737.5,112.5,0.03,0,112.5,0.03,-825,-0.25,157750,15.78,5
2441,Exit short,2026-04-06 10:00,MR_Short_Exit,6647.25,10,332437.5,75,0.02,0,75,0.02,-687.5,-0.21,157825,15.78,0
2441,Entry short,2026-04-06 10:00,MR_Short,6648.75,10,332437.5,75,0.02,0,75,0.02,-687.5,-0.21,157825,15.78,0
2442,Exit long,2026-04-06 22:00,MR_Long_Exit,6615.75,10,330700,87.5,0.03,0,87.5,0.03,-237.5,-0.07,157912.5,15.79,0
2442,Entry long,2026-04-06 22:00,MR_Long,6614,10,330700,87.5,0.03,0,87.5,0.03,-237.5,-0.07,157912.5,15.79,0
2443,Exit short,2026-04-07 04:30,Sq_Short_Exit,6658,10,330850,-2050,-0.62,0,37.5,0.01,-2050,-0.62,155862.5,15.59,12
2443,Entry short,2026-04-06 22:30,Sq_Short,6617,10,330850,-2050,-0.62,0,37.5,0.01,-2050,-0.62,155862.5,15.59,12
2444,Exit short,2026-04-07 06:00,MR_Short_Exit,6652.75,10,332737.5,100,0.03,0,100,0.03,-625,-0.19,155962.5,15.60,2
2444,Entry short,2026-04-07 05:00,MR_Short,6654.75,10,332737.5,100,0.03,0,100,0.03,-625,-0.19,155962.5,15.60,2
2445,Exit long,2026-04-07 10:00,MR_Long_Exit,6605,10,330150,100,0.03,0,100,0.03,0,0.00,156062.5,15.61,0
2445,Entry long,2026-04-07 10:00,MR_Long,6603,10,330150,100,0.03,0,100,0.03,0,0.00,156062.5,15.61,0
2446,Exit long,2026-04-07 11:00,MR_Long_Exit,6590.25,10,329425,87.5,0.03,0,87.5,0.03,0,0.00,156150,15.62,0
2446,Entry long,2026-04-07 11:00,MR_Long,6588.5,10,329425,87.5,0.03,0,87.5,0.03,0,0.00,156150,15.62,0
2447,Exit short,2026-04-07 16:00,MR_Short_Exit,6653.75,10,332775,87.5,0.03,0,87.5,0.03,0,0.00,156237.5,15.62,0
2447,Entry short,2026-04-07 16:00,MR_Short,6655.5,10,332775,87.5,0.03,0,87.5,0.03,0,0.00,156237.5,15.62,0
2448,Exit long,2026-04-08 11:00,MR_Long_Exit,6795.75,10,339700,87.5,0.03,0,87.5,0.03,-212.5,-0.06,156325,15.63,0
2448,Entry long,2026-04-08 11:00,MR_Long,6794,10,339700,87.5,0.03,0,87.5,0.03,-212.5,-0.06,156325,15.63,0
2449,Exit short,2026-04-08 14:30,Sq_Short_Exit,6794,10,339775,75,0.02,0,125,0.04,-1800,-0.53,156400,15.64,6
2449,Entry short,2026-04-08 11:30,Sq_Short,6795.5,10,339775,75,0.02,0,125,0.04,-1800,-0.53,156400,15.64,6
2450,Exit long,2026-04-08 15:00,MR_Long_Exit,6796,10,339700,100,0.03,0,100,0.03,-62.5,-0.02,156500,15.65,0
2450,Entry long,2026-04-08 15:00,MR_Long,6794,10,339700,100,0.03,0,100,0.03,-62.5,-0.02,156500,15.65,0
2451,Exit long,2026-04-09 04:30,MR_Long_Exit,6795.75,10,339675,112.5,0.03,0,112.5,0.03,0,0.00,156612.5,15.66,0
2451,Entry long,2026-04-09 04:30,MR_Long,6793.5,10,339675,112.5,0.03,0,112.5,0.03,0,0.00,156612.5,15.66,0
2452,Exit short,2026-04-09 11:30,MR_Short_Exit,6821.25,10,341162.5,100,0.03,0,100,0.03,0,0.00,156712.5,15.67,0
2452,Entry short,2026-04-09 11:30,MR_Short,6823.25,10,341162.5,100,0.03,0,100,0.03,0,0.00,156712.5,15.67,0
2453,Exit long,2026-04-09 12:00,Sq_Long_Exit,6871,10,342612.5,937.5,0.27,0,987.5,0.29,-12.5,0.00,157650,15.77,0
2453,Entry long,2026-04-09 12:00,Sq_Long,6852.25,10,342612.5,937.5,0.27,0,987.5,0.29,-12.5,0.00,157650,15.77,0
2454,Exit short,2026-04-10 08:30,MR_Short_Exit,6874.75,10,343837.5,100,0.03,0,100,0.03,0,0.00,157750,15.78,0
2454,Entry short,2026-04-10 08:30,MR_Short,6876.75,10,343837.5,100,0.03,0,100,0.03,0,0.00,157750,15.78,0
2455,Exit long,2026-04-12 18:30,MR_Long_Exit,6773.25,10,338575,87.5,0.03,0,87.5,0.03,-212.5,-0.06,157837.5,15.78,0
2455,Entry long,2026-04-12 18:30,MR_Long,6771.5,10,338575,87.5,0.03,0,87.5,0.03,-212.5,-0.06,157837.5,15.78,0
2456,Exit short,2026-04-13 04:30,MR_Short_Exit,6816.25,10,340912.5,100,0.03,0,100,0.03,-37.5,-0.01,157937.5,15.79,0
2456,Entry short,2026-04-13 04:30,MR_Short,6818.25,10,340912.5,100,0.03,0,100,0.03,-37.5,-0.01,157937.5,15.79,0
2457,Exit short,2026-04-13 09:30,MR_Short_Exit,6832.75,10,341737.5,100,0.03,0,100,0.03,0,0.00,158037.5,15.80,0
2457,Entry short,2026-04-13 09:30,MR_Short,6834.75,10,341737.5,100,0.03,0,100,0.03,0,0.00,158037.5,15.80,0
2458,Exit long,2026-04-13 10:00,Sq_Long_Exit,6860.5,10,342912.5,112.5,0.03,0,162.5,0.05,0,0.00,158150,15.82,0
2458,Entry long,2026-04-13 10:00,Sq_Long,6858.25,10,342912.5,112.5,0.03,0,162.5,0.05,0,0.00,158150,15.82,0
2459,Exit short,2026-04-14 04:30,MR_Short_Exit,6935,10,346850,100,0.03,0,100,0.03,0,0.00,158250,15.83,0
2459,Entry short,2026-04-14 04:30,MR_Short,6937,10,346850,100,0.03,0,100,0.03,0,0.00,158250,15.83,0
2460,Exit short,2026-04-14 08:30,MR_Short_Exit,6941.25,10,347162.5,100,0.03,0,100,0.03,-325,-0.09,158350,15.84,0
2460,Entry short,2026-04-14 08:30,MR_Short,6943.25,10,347162.5,100,0.03,0,100,0.03,-325,-0.09,158350,15.84,0
2461,Exit short,2026-04-14 12:00,MR_Short_Exit,6997.5,10,347825,-2050,-0.59,0,25,0.01,-2050,-0.59,156300,15.63,4
2461,Entry short,2026-04-14 10:00,MR_Short,6956.5,10,347825,-2050,-0.59,0,25,0.01,-2050,-0.59,156300,15.63,4
2462,Exit long,2026-04-15 06:30,MR_Long_Exit,6997,10,349737.5,112.5,0.03,0,112.5,0.03,-137.5,-0.04,156412.5,15.64,0
2462,Entry long,2026-04-15 06:30,MR_Long,6994.75,10,349737.5,112.5,0.03,0,112.5,0.03,-137.5,-0.04,156412.5,15.64,0
2463,Exit long,2026-04-15 10:30,MR_Short,7031,10,351550,0,0.00,0,0,0.00,0,0.00,156412.5,15.64,0
2463,Entry long,2026-04-15 10:30,Sq_Long,7031,10,351550,0,0.00,0,0,0.00,0,0.00,156412.5,15.64,0
2464,Exit long,2026-04-15 10:30,Sq_Long_Exit,7032,10,351550,50,0.01,0,100,0.03,0,0.00,156462.5,15.65,0
2464,Entry long,2026-04-15 10:30,Sq_Long,7031,10,351550,50,0.01,0,100,0.03,0,0.00,156462.5,15.65,0
2465,Exit short,2026-04-15 14:00,MR_Short_Exit,7034.25,10,351800,87.5,0.02,0,87.5,0.02,-312.5,-0.09,156550,15.66,1
2465,Entry short,2026-04-15 13:30,MR_Short,7036,10,351800,87.5,0.02,0,87.5,0.02,-312.5,-0.09,156550,15.66,1
2466,Exit long,2026-04-16 10:00,MR_Long_Exit,7058.25,10,352800,112.5,0.03,0,112.5,0.03,0,0.00,156662.5,15.67,0
2466,Entry long,2026-04-16 10:00,MR_Long,7056,10,352800,112.5,0.03,0,112.5,0.03,0,0.00,156662.5,15.67,0
2467,Exit short,2026-04-16 10:30,Sq_Short_Exit,7050.5,10,352625,100,0.03,0,150,0.04,0,0.00,156762.5,15.68,0
2467,Entry short,2026-04-16 10:30,Sq_Short,7052.5,10,352625,100,0.03,0,150,0.04,0,0.00,156762.5,15.68,0
2468,Exit long,2026-04-16 12:00,MR_Short,7084,10,354200,0,0.00,0,0,0.00,0,0.00,156762.5,15.68,0
2468,Entry long,2026-04-16 12:00,Sq_Long,7084,10,354200,0,0.00,0,0,0.00,0,0.00,156762.5,15.68,0
2469,Exit long,2026-04-16 12:00,Sq_Long_Exit,7088,10,354200,200,0.06,0,250,0.07,-175,-0.05,156962.5,15.70,0
2469,Entry long,2026-04-16 12:00,Sq_Long,7084,10,354200,200,0.06,0,250,0.07,-175,-0.05,156962.5,15.70,0
2470,Exit short,2026-04-17 05:00,MR_Short_Exit,7088.5,10,354525,100,0.03,0,100,0.03,-100,-0.03,157062.5,15.71,0
2470,Entry short,2026-04-17 05:00,MR_Short,7090.5,10,354525,100,0.03,0,100,0.03,-100,-0.03,157062.5,15.71,0
2471,Exit long,2026-04-17 06:00,Sq_Long_Exit,7094.25,10,354650,62.5,0.02,0,112.5,0.03,0,0.00,157125,15.71,0
2471,Entry long,2026-04-17 06:00,Sq_Long,7093,10,354650,62.5,0.02,0,112.5,0.03,0,0.00,157125,15.71,0
2472,Exit short,2026-04-17 08:30,MR_Short_Exit,7136.25,10,354775,-2037.5,-0.57,0,12.5,0.00,-2037.5,-0.57,155087.5,15.51,2
2472,Entry short,2026-04-17 07:30,MR_Short,7095.5,10,354775,-2037.5,-0.57,0,12.5,0.00,-2037.5,-0.57,155087.5,15.51,2
2473,Exit long,2026-04-19 18:30,MR_Long_Exit,7104.75,10,355125,112.5,0.03,0,112.5,0.03,-62.5,-0.02,155200,15.52,0
2473,Entry long,2026-04-19 18:30,MR_Long,7102.5,10,355125,112.5,0.03,0,112.5,0.03,-62.5,-0.02,155200,15.52,0
2474,Exit long,2026-04-20 02:30,MR_Long_Exit,7124.5,10,356137.5,87.5,0.02,0,87.5,0.02,-662.5,-0.19,155287.5,15.53,8
2474,Entry long,2026-04-19 22:30,MR_Long,7122.75,10,356137.5,87.5,0.02,0,87.5,0.02,-662.5,-0.19,155287.5,15.53,8
2475,Exit long,2026-04-20 09:30,MR_Short,7148.5,10,357425,0,0.00,0,0,0.00,0,0.00,155287.5,15.53,0
2475,Entry long,2026-04-20 09:30,Sq_Long,7148.5,10,357425,0,0.00,0,0,0.00,0,0.00,155287.5,15.53,0
2476,Exit long,2026-04-20 09:30,Sq_Long_Exit,7158.5,10,357425,500,0.14,0,550,0.15,-312.5,-0.09,155787.5,15.58,0
2476,Entry long,2026-04-20 09:30,Sq_Long,7148.5,10,357425,500,0.14,0,550,0.15,-312.5,-0.09,155787.5,15.58,0
2477,Exit short,2026-04-20 21:30,MR_Short_Exit,7158,10,357987.5,87.5,0.02,0,87.5,0.02,0,0.00,155875,15.59,0
2477,Entry short,2026-04-20 21:30,MR_Short,7159.75,10,357987.5,87.5,0.02,0,87.5,0.02,0,0.00,155875,15.59,0
2478,Exit short,2026-04-21 07:00,MR_Short_Exit,7173.75,10,358787.5,100,0.03,0,100,0.03,-150,-0.04,155975,15.60,0
2478,Entry short,2026-04-21 07:00,MR_Short,7175.75,10,358787.5,100,0.03,0,100,0.03,-150,-0.04,155975,15.60,0
2479,Exit long,2026-04-21 07:30,Sq_Long_Exit,7182,10,358937.5,162.5,0.05,0,212.5,0.06,-187.5,-0.05,156137.5,15.61,0
2479,Entry long,2026-04-21 07:30,Sq_Long,7178.75,10,358937.5,162.5,0.05,0,212.5,0.06,-187.5,-0.05,156137.5,15.61,0
2480,Exit long,2026-04-21 11:00,Sq_Short,7135.25,10,356762.5,0,0.00,0,0,0.00,0,0.00,156137.5,15.61,0
2480,Entry long,2026-04-21 11:00,MR_Long,7135.25,10,356762.5,0,0.00,0,0,0.00,0,0.00,156137.5,15.61,0
2481,Exit short,2026-04-21 11:00,Sq_Short_Exit,7121.75,10,356762.5,675,0.19,0,725,0.20,-300,-0.08,156812.5,15.68,0
2481,Entry short,2026-04-21 11:00,Sq_Short,7135.25,10,356762.5,675,0.19,0,725,0.20,-300,-0.08,156812.5,15.68,0
2482,Exit long,2026-04-21 16:00,MR_Long_Exit,7102.5,10,355037.5,87.5,0.02,0,87.5,0.02,-450,-0.13,156900,15.69,0
2482,Entry long,2026-04-21 16:00,MR_Long,7100.75,10,355037.5,87.5,0.02,0,87.5,0.02,-450,-0.13,156900,15.69,0
2483,Exit short,2026-04-22 10:30,MR_Short_Exit,7162.25,10,358212.5,100,0.03,0,100,0.03,-75,-0.02,157000,15.70,0
2483,Entry short,2026-04-22 10:30,MR_Short,7164.25,10,358212.5,100,0.03,0,100,0.03,-75,-0.02,157000,15.70,0
2484,Exit short,2026-04-22 16:00,MR_Short_Exit,7168.25,10,358512.5,100,0.03,0,100,0.03,-137.5,-0.04,157100,15.71,0
2484,Entry short,2026-04-22 16:00,MR_Short,7170.25,10,358512.5,100,0.03,0,100,0.03,-137.5,-0.04,157100,15.71,0
2485,Exit long,2026-04-22 22:30,MR_Long_Exit,7138.5,10,356812.5,112.5,0.03,0,112.5,0.03,-187.5,-0.05,157212.5,15.72,0
2485,Entry long,2026-04-22 22:30,MR_Long,7136.25,10,356812.5,112.5,0.03,0,112.5,0.03,-187.5,-0.05,157212.5,15.72,0
2486,Exit short,2026-04-22 23:30,Sq_Short_Exit,7125.25,10,356662.5,400,0.11,0,450,0.13,-162.5,-0.05,157612.5,15.76,1
2486,Entry short,2026-04-22 23:00,Sq_Short,7133.25,10,356662.5,400,0.11,0,450,0.13,-162.5,-0.05,157612.5,15.76,1
2487,Exit short,2026-04-23 08:00,MR_Short_Exit,7156.25,10,357900,87.5,0.02,0,87.5,0.02,0,0.00,157700,15.77,0
2487,Entry short,2026-04-23 08:00,MR_Short,7158,10,357900,87.5,0.02,0,87.5,0.02,0,0.00,157700,15.77,0
2488,Exit long,2026-04-23 08:30,Sq_Long_Exit,7160.25,10,357937.5,75,0.02,0,125,0.03,0,0.00,157775,15.78,0
2488,Entry long,2026-04-23 08:30,Sq_Long,7158.75,10,357937.5,75,0.02,0,125,0.03,0,0.00,157775,15.78,0
2489,Exit short,2026-04-23 11:00,MR_Short_Exit,7173,10,358750,100,0.03,0,100,0.03,0,0.00,157875,15.79,0
2489,Entry short,2026-04-23 11:00,MR_Short,7175,10,358750,100,0.03,0,100,0.03,0,0.00,157875,15.79,0
2490,Exit long,2026-04-23 13:30,MR_Long_Exit,7119,10,355862.5,87.5,0.02,0,87.5,0.02,0,0.00,157962.5,15.80,0
2490,Entry long,2026-04-23 13:30,MR_Long,7117.25,10,355862.5,87.5,0.02,0,87.5,0.02,0,0.00,157962.5,15.80,0
2491,Exit long,2026-04-24 07:30,MR_Short,7187.25,10,359362.5,0,0.00,0,0,0.00,0,0.00,157962.5,15.80,0
2491,Entry long,2026-04-24 07:30,Sq_Long,7187.25,10,359362.5,0,0.00,0,0,0.00,0,0.00,157962.5,15.80,0
2492,Exit long,2026-04-24 07:30,Sq_Long_Exit,7188.5,10,359362.5,62.5,0.02,0,112.5,0.03,0,0.00,158025,15.80,0
2492,Entry long,2026-04-24 07:30,Sq_Long,7187.25,10,359362.5,62.5,0.02,0,112.5,0.03,0,0.00,158025,15.80,0
2493,Exit short,2026-04-24 12:00,MR_Short_Exit,7191.75,10,359675,87.5,0.02,0,87.5,0.02,-112.5,-0.03,158112.5,15.81,0
2493,Entry short,2026-04-24 12:00,MR_Short,7193.5,10,359675,87.5,0.02,0,87.5,0.02,-112.5,-0.03,158112.5,15.81,0
2494,Exit short,2026-04-24 16:30,Session Flatten,7190.75,10,359550,12.5,0.00,0,62.5,0.02,-462.5,-0.13,158125,15.81,3
2494,Entry short,2026-04-24 15:00,MR_Short,7191,10,359550,12.5,0.00,0,62.5,0.02,-462.5,-0.13,158125,15.81,3
2495,Exit short,2026-04-26 22:00,MR_Short_Exit,7205.75,10,360375,87.5,0.02,0,87.5,0.02,-50,-0.01,158212.5,15.82,0
2495,Entry short,2026-04-26 22:00,MR_Short,7207.5,10,360375,87.5,0.02,0,87.5,0.02,-50,-0.01,158212.5,15.82,0
2496,Exit short,2026-04-27 14:30,MR_Short_Exit,7203.5,10,360262.5,87.5,0.02,0,87.5,0.02,-87.5,-0.02,158300,15.83,0
2496,Entry short,2026-04-27 14:30,MR_Short,7205.25,10,360262.5,87.5,0.02,0,87.5,0.02,-87.5,-0.02,158300,15.83,0
2497,Exit short,2026-04-27 15:30,MR_Short_Exit,7204,10,360300,100,0.03,0,100,0.03,0,0.00,158400,15.84,0
2497,Entry short,2026-04-27 15:30,MR_Short,7206,10,360300,100,0.03,0,100,0.03,0,0.00,158400,15.84,0
2498,Exit short,2026-04-27 18:30,MR_Short_Exit,7217,10,360950,100,0.03,0,100,0.03,-50,-0.01,158500,15.85,0
2498,Entry short,2026-04-27 18:30,MR_Short,7219,10,360950,100,0.03,0,100,0.03,-50,-0.01,158500,15.85,0
2499,Exit short,2026-04-27 21:30,MR_Short_Exit,7213.75,10,360800,112.5,0.03,0,112.5,0.03,-162.5,-0.05,158612.5,15.86,0
2499,Entry short,2026-04-27 21:30,MR_Short,7216,10,360800,112.5,0.03,0,112.5,0.03,-162.5,-0.05,158612.5,15.86,0
2500,Exit long,2026-04-28 02:00,Sq_Short,7198.25,10,359912.5,0,0.00,0,0,0.00,0,0.00,158612.5,15.86,0
2500,Entry long,2026-04-28 02:00,MR_Long,7198.25,10,359912.5,0,0.00,0,0,0.00,0,0.00,158612.5,15.86,0
2501,Exit short,2026-04-28 02:00,Sq_Short_Exit,7197,10,359912.5,62.5,0.02,0,112.5,0.03,0,0.00,158675,15.87,0
2501,Entry short,2026-04-28 02:00,Sq_Short,7198.25,10,359912.5,62.5,0.02,0,112.5,0.03,0,0.00,158675,15.87,0
2502,Exit long,2026-04-28 06:00,MR_Long_Exit,7193.75,10,359587.5,100,0.03,0,100,0.03,0,0.00,158775,15.88,0
2502,Entry long,2026-04-28 06:00,MR_Long,7191.75,10,359587.5,100,0.03,0,100,0.03,0,0.00,158775,15.88,0
2503,Exit short,2026-04-28 21:00,MR_Short_Exit,7177.25,10,358975,112.5,0.03,0,112.5,0.03,-425,-0.12,158887.5,15.89,2
2503,Entry short,2026-04-28 20:00,MR_Short,7179.5,10,358975,112.5,0.03,0,112.5,0.03,-425,-0.12,158887.5,15.89,2
2504,Exit long,2026-04-29 09:30,MR_Long_Exit,7165,10,358150,100,0.03,0,100,0.03,0,0.00,158987.5,15.90,0
2504,Entry long,2026-04-29 09:30,MR_Long,7163,10,358150,100,0.03,0,100,0.03,0,0.00,158987.5,15.90,0
2505,Exit short,2026-04-29 10:00,Sq_Short_Exit,7156.75,10,358050,212.5,0.06,0,262.5,0.07,0,0.00,159200,15.92,0
2505,Entry short,2026-04-29 10:00,Sq_Short,7161,10,358050,212.5,0.06,0,262.5,0.07,0,0.00,159200,15.92,0
2506,Exit long,2026-04-29 12:00,MR_Long_Exit,7155.5,10,357675,100,0.03,0,100,0.03,-200,-0.06,159300,15.93,0
2506,Entry long,2026-04-29 12:00,MR_Long,7153.5,10,357675,100,0.03,0,100,0.03,-200,-0.06,159300,15.93,0
2507,Exit short,2026-04-29 12:30,Sq_Short_Exit,7143,10,357537.5,387.5,0.11,0,437.5,0.12,-150,-0.04,159687.5,15.97,0
2507,Entry short,2026-04-29 12:30,Sq_Short,7150.75,10,357537.5,387.5,0.11,0,437.5,0.12,-150,-0.04,159687.5,15.97,0
2508,Exit long,2026-04-29 14:30,MR_Long_Exit,7147.75,10,357287.5,100,0.03,0,100,0.03,-450,-0.13,159787.5,15.98,0
2508,Entry long,2026-04-29 14:30,MR_Long,7145.75,10,357287.5,100,0.03,0,100,0.03,-450,-0.13,159787.5,15.98,0
2509,Exit short,2026-04-29 22:00,MR_Short_Exit,7190.5,10,359662.5,137.5,0.04,0,137.5,0.04,-375,-0.10,159925,15.99,4
2509,Entry short,2026-04-29 20:00,MR_Short,7193.25,10,359662.5,137.5,0.04,0,137.5,0.04,-375,-0.10,159925,15.99,4
2510,Exit long,2026-04-30 01:00,MR_Long_Exit,7147,10,357262.5,87.5,0.02,0,87.5,0.02,0,0.00,160012.5,16.00,0
2510,Entry long,2026-04-30 01:00,MR_Long,7145.25,10,357262.5,87.5,0.02,0,87.5,0.02,0,0.00,160012.5,16.00,0
2511,Exit short,2026-04-30 07:30,MR_Short_Exit,7197.5,10,359975,100,0.03,0,100,0.03,-12.5,0.00,160112.5,16.01,0
2511,Entry short,2026-04-30 07:30,MR_Short,7199.5,10,359975,100,0.03,0,100,0.03,-12.5,0.00,160112.5,16.01,0
2512,Exit short,2026-04-30 16:30,Session Flatten,7249.25,10,360587.5,-1875,-0.52,0,0,0.00,-2000,-0.55,158237.5,15.82,6
2512,Entry short,2026-04-30 13:30,MR_Short,7211.75,10,360587.5,-1875,-0.52,0,0,0.00,-2000,-0.55,158237.5,15.82,6
2513,Exit long,2026-05-01 10:00,MR_Short,7293,10,364650,0,0.00,0,0,0.00,0,0.00,158237.5,15.82,0
2513,Entry long,2026-05-01 10:00,Sq_Long,7293,10,364650,0,0.00,0,0,0.00,0,0.00,158237.5,15.82,0
2514,Exit long,2026-05-01 10:00,Sq_Long_Exit,7299.75,10,364650,337.5,0.09,0,387.5,0.11,-175,-0.05,158575,15.86,0
2514,Entry long,2026-05-01 10:00,Sq_Long,7293,10,364650,337.5,0.09,0,387.5,0.11,-175,-0.05,158575,15.86,0
2515,Exit long,2026-05-04 06:30,MR_Long_Exit,7235,10,361650,100,0.03,0,100,0.03,-112.5,-0.03,158675,15.87,0
2515,Entry long,2026-05-04 06:30,MR_Long,7233,10,361650,100,0.03,0,100,0.03,-112.5,-0.03,158675,15.87,0
2516,Exit long,2026-05-04 12:00,MR_Long_Exit,7227.25,10,361262.5,100,0.03,0,100,0.03,0,0.00,158775,15.88,0
2516,Entry long,2026-05-04 12:00,MR_Long,7225.25,10,361262.5,100,0.03,0,100,0.03,0,0.00,158775,15.88,0
2517,Exit long,2026-05-05 04:30,MR_Short,7254,10,362700,0,0.00,0,0,0.00,0,0.00,158775,15.88,0
2517,Entry long,2026-05-05 04:30,Sq_Long,7254,10,362700,0,0.00,0,0,0.00,0,0.00,158775,15.88,0
2518,Exit long,2026-05-05 04:30,Sq_Long_Exit,7255.75,10,362700,87.5,0.02,0,137.5,0.04,-62.5,-0.02,158862.5,15.89,0
2518,Entry long,2026-05-05 04:30,Sq_Long,7254,10,362700,87.5,0.02,0,137.5,0.04,-62.5,-0.02,158862.5,15.89,0
2519,Exit short,2026-05-05 06:00,MR_Short_Exit,7253.75,10,362762.5,75,0.02,0,75,0.02,-87.5,-0.02,158937.5,15.89,0
2519,Entry short,2026-05-05 06:00,MR_Short,7255.25,10,362762.5,75,0.02,0,75,0.02,-87.5,-0.02,158937.5,15.89,0
2520,Exit short,2026-05-05 08:30,MR_Short_Exit,7263,10,363262.5,112.5,0.03,0,112.5,0.03,-50,-0.01,159050,15.91,0
2520,Entry short,2026-05-05 08:30,MR_Short,7265.25,10,363262.5,112.5,0.03,0,112.5,0.03,-50,-0.01,159050,15.91,0
2521,Exit short,2026-05-05 19:00,MR_Short_Exit,7314.75,10,365837.5,100,0.03,0,100,0.03,-125,-0.03,159150,15.92,0
2521,Entry short,2026-05-05 19:00,MR_Short,7316.75,10,365837.5,100,0.03,0,100,0.03,-125,-0.03,159150,15.92,0
2522,Exit long,2026-05-06 05:00,MR_Short,7335.25,10,366762.5,0,0.00,0,0,0.00,0,0.00,159150,15.92,0
2522,Entry long,2026-05-06 05:00,Sq_Long,7335.25,10,366762.5,0,0.00,0,0,0.00,0,0.00,159150,15.92,0
2523,Exit long,2026-05-06 05:00,Sq_Long_Exit,7339,10,366762.5,187.5,0.05,0,237.5,0.06,0,0.00,159337.5,15.93,0
2523,Entry long,2026-05-06 05:00,Sq_Long,7335.25,10,366762.5,187.5,0.05,0,237.5,0.06,0,0.00,159337.5,15.93,0
2524,Exit short,2026-05-06 10:00,MR_Short_Exit,7344,10,367300,100,0.03,0,100,0.03,0,0.00,159437.5,15.94,0
2524,Entry short,2026-05-06 10:00,MR_Short,7346,10,367300,100,0.03,0,100,0.03,0,0.00,159437.5,15.94,0
2525,Exit short,2026-05-06 16:30,Session Flatten,7392.75,10,368300,-1337.5,-0.36,0,62.5,0.02,-1487.5,-0.40,158100,15.81,6
2525,Entry short,2026-05-06 13:30,MR_Short,7366,10,368300,-1337.5,-0.36,0,62.5,0.02,-1487.5,-0.40,158100,15.81,6
2526,Exit short,2026-05-07 03:00,MR_Short_Exit,7397,10,369962.5,112.5,0.03,0,112.5,0.03,0,0.00,158212.5,15.82,0
2526,Entry short,2026-05-07 03:00,MR_Short,7399.25,10,369962.5,112.5,0.03,0,112.5,0.03,0,0.00,158212.5,15.82,0
2527,Exit long,2026-05-07 13:00,Sq_Short,7368.5,10,368425,0,0.00,0,0,0.00,0,0.00,158212.5,15.82,0
2527,Entry long,2026-05-07 13:00,MR_Long,7368.5,10,368425,0,0.00,0,0,0.00,0,0.00,158212.5,15.82,0
2528,Exit short,2026-05-07 13:00,Sq_Short_Exit,7346.5,10,368425,1100,0.30,0,1150,0.31,-312.5,-0.08,159312.5,15.93,0
2528,Entry short,2026-05-07 13:00,Sq_Short,7368.5,10,368425,1100,0.30,0,1150,0.31,-312.5,-0.08,159312.5,15.93,0
2529,Exit long,2026-05-07 19:00,MR_Long_Exit,7351.5,10,367475,100,0.03,0,100,0.03,-62.5,-0.02,159412.5,15.94,0
2529,Entry long,2026-05-07 19:00,MR_Long,7349.5,10,367475,100,0.03,0,100,0.03,-62.5,-0.02,159412.5,15.94,0
2530,Exit short,2026-05-08 02:30,MR_Short_Exit,7385.5,10,369387.5,112.5,0.03,0,112.5,0.03,-50,-0.01,159525,15.95,0
2530,Entry short,2026-05-08 02:30,MR_Short,7387.75,10,369387.5,112.5,0.03,0,112.5,0.03,-50,-0.01,159525,15.95,0
2531,Exit short,2026-05-08 04:30,MR_Short_Exit,7390.5,10,369625,100,0.03,0,100,0.03,0,0.00,159625,15.96,0
2531,Entry short,2026-05-08 04:30,MR_Short,7392.5,10,369625,100,0.03,0,100,0.03,0,0.00,159625,15.96,0
2532,Exit short,2026-05-08 06:30,MR_Short_Exit,7394.25,10,369812.5,100,0.03,0,100,0.03,-175,-0.05,159725,15.97,0
2532,Entry short,2026-05-08 06:30,MR_Short,7396.25,10,369812.5,100,0.03,0,100,0.03,-175,-0.05,159725,15.97,0
2533,Exit short,2026-05-08 08:00,MR_Short_Exit,7397.75,10,369987.5,100,0.03,0,100,0.03,-100,-0.03,159825,15.98,1
2533,Entry short,2026-05-08 07:30,MR_Short,7399.75,10,369987.5,100,0.03,0,100,0.03,-100,-0.03,159825,15.98,1
2534,Exit short,2026-05-08 10:00,MR_Short_Exit,7412,10,370675,75,0.02,0,75,0.02,0,0.00,159900,15.99,0
2534,Entry short,2026-05-08 10:00,MR_Short,7413.5,10,370675,75,0.02,0,75,0.02,0,0.00,159900,15.99,0
2535,Exit short,2026-05-08 13:30,MR_Short_Exit,7422,10,371175,75,0.02,0,75,0.02,-137.5,-0.04,159975,16.00,0
2535,Entry short,2026-05-08 13:30,MR_Short,7423.5,10,371175,75,0.02,0,75,0.02,-137.5,-0.04,159975,16.00,0
2536,Exit short,2026-05-08 14:30,MR_Short_Exit,7422.25,10,371212.5,100,0.03,0,100,0.03,-125,-0.03,160075,16.01,0
2536,Entry short,2026-05-08 14:30,MR_Short,7424.25,10,371212.5,100,0.03,0,100,0.03,-125,-0.03,160075,16.01,0
2537,Exit short,2026-05-11 10:00,MR_Short_Exit,7430.75,10,371625,87.5,0.02,0,87.5,0.02,0,0.00,160162.5,16.02,0
2537,Entry short,2026-05-11 10:00,MR_Short,7432.5,10,371625,87.5,0.02,0,87.5,0.02,0,0.00,160162.5,16.02,0
2538,Exit long,2026-05-11 11:00,Sq_Long_Exit,7446.25,10,372137.5,175,0.05,0,225,0.06,0,0.00,160337.5,16.03,0
2538,Entry long,2026-05-11 11:00,Sq_Long,7442.75,10,372137.5,175,0.05,0,225,0.06,0,0.00,160337.5,16.03,0
2539,Exit long,2026-05-11 22:00,MR_Long_Exit,7426.75,10,371212.5,125,0.03,0,125,0.03,-662.5,-0.18,160462.5,16.05,1
2539,Entry long,2026-05-11 21:30,MR_Long,7424.25,10,371212.5,125,0.03,0,125,0.03,-662.5,-0.18,160462.5,16.05,1
2540,Exit long,2026-05-12 08:30,MR_Long_Exit,7417.75,10,370800,87.5,0.02,0,87.5,0.02,-1000,-0.27,160550,16.06,12
2540,Entry long,2026-05-12 02:30,MR_Long,7416,10,370800,87.5,0.02,0,87.5,0.02,-1000,-0.27,160550,16.06,12
2541,Exit long,2026-05-12 10:00,MR_Long_Exit,7397.75,10,369812.5,75,0.02,0,75,0.02,-300,-0.08,160625,16.06,0
2541,Entry long,2026-05-12 10:00,MR_Long,7396.25,10,369812.5,75,0.02,0,75,0.02,-300,-0.08,160625,16.06,0
2542,Exit short,2026-05-12 11:00,Sq_Short_Exit,7364.25,10,369137.5,925,0.25,0,975,0.26,-150,-0.04,161550,16.16,0
2542,Entry short,2026-05-12 11:00,Sq_Short,7382.75,10,369137.5,925,0.25,0,975,0.26,-150,-0.04,161550,16.16,0
2543,Exit short,2026-05-12 16:00,MR_Short_Exit,7426,10,371400,100,0.03,0,100,0.03,-25,-0.01,161650,16.17,0
2543,Entry short,2026-05-12 16:00,MR_Short,7428,10,371400,100,0.03,0,100,0.03,-25,-0.01,161650,16.17,0
2544,Exit short,2026-05-13 08:30,MR_Short_Exit,7418.25,10,371012.5,100,0.03,0,100,0.03,-1687.5,-0.45,161750,16.18,23
2544,Entry short,2026-05-12 21:00,MR_Short,7420.25,10,371012.5,100,0.03,0,100,0.03,-1687.5,-0.45,161750,16.18,23
2545,Exit long,2026-05-13 09:00,MR_Long_Exit,7423,10,371062.5,87.5,0.02,0,87.5,0.02,-12.5,0.00,161837.5,16.18,0
2545,Entry long,2026-05-13 09:00,MR_Long,7421.25,10,371062.5,87.5,0.02,0,87.5,0.02,-12.5,0.00,161837.5,16.18,0
2546,Exit long,2026-05-13 10:00,Sq_Short,7413.25,10,370662.5,0,0.00,0,0,0.00,0,0.00,161837.5,16.18,0
2546,Entry long,2026-05-13 10:00,MR_Long,7413.25,10,370662.5,0,0.00,0,0,0.00,0,0.00,161837.5,16.18,0
2547,Exit short,2026-05-13 12:00,Sq_Short_Exit,7454.25,10,370662.5,-2050,-0.55,0,62.5,0.02,-2050,-0.55,159787.5,15.98,4
2547,Entry short,2026-05-13 10:00,Sq_Short,7413.25,10,370662.5,-2050,-0.55,0,62.5,0.02,-2050,-0.55,159787.5,15.98,4
2548,Exit short,2026-05-13 12:30,MR_Short_Exit,7460.25,10,373112.5,100,0.03,0,100,0.03,0,0.00,159887.5,15.99,0
2548,Entry short,2026-05-13 12:30,MR_Short,7462.25,10,373112.5,100,0.03,0,100,0.03,0,0.00,159887.5,15.99,0
2549,Exit short,2026-05-14 10:30,MR_Short_Exit,7501.75,10,375187.5,100,0.03,0,100,0.03,0,0.00,159987.5,16.00,0
2549,Entry short,2026-05-14 10:30,MR_Short,7503.75,10,375187.5,100,0.03,0,100,0.03,0,0.00,159987.5,16.00,0
2550,Exit long,2026-05-14 11:00,Sq_Long_Exit,7532,10,375825,775,0.21,0,825,0.22,-50,-0.01,160762.5,16.08,0
2550,Entry long,2026-05-14 11:00,Sq_Long,7516.5,10,375825,775,0.21,0,825,0.22,-50,-0.01,160762.5,16.08,0
2551,Exit short,2026-05-14 14:00,MR_Short_Exit,7519.5,10,376075,100,0.03,0,100,0.03,-300,-0.08,160862.5,16.09,0
2551,Entry short,2026-05-14 14:00,MR_Short,7521.5,10,376075,100,0.03,0,100,0.03,-300,-0.08,160862.5,16.09,0
2552,Exit short,2026-05-14 15:00,MR_Short_Exit,7525.5,10,376375,100,0.03,0,100,0.03,0,0.00,160962.5,16.10,0
2552,Entry short,2026-05-14 15:00,MR_Short,7527.5,10,376375,100,0.03,0,100,0.03,0,0.00,160962.5,16.10,0
2553,Exit long,2026-05-14 21:30,MR_Long_Exit,7506.5,10,375212.5,112.5,0.03,0,112.5,0.03,0,0.00,161075,16.11,0
2553,Entry long,2026-05-14 21:30,MR_Long,7504.25,10,375212.5,112.5,0.03,0,112.5,0.03,0,0.00,161075,16.11,0
2554,Exit short,2026-05-15 00:30,Sq_Short_Exit,7493,10,374762.5,112.5,0.03,0,162.5,0.04,-825,-0.22,161187.5,16.12,5
2554,Entry short,2026-05-14 22:00,Sq_Short,7495.25,10,374762.5,112.5,0.03,0,162.5,0.04,-825,-0.22,161187.5,16.12,5
2555,Exit long,2026-05-15 04:00,MR_Long_Exit,7452.5,10,374687.5,-2062.5,-0.55,0,12.5,0.00,-2062.5,-0.55,159125,15.91,6
2555,Entry long,2026-05-15 01:00,MR_Long,7493.75,10,374687.5,-2062.5,-0.55,0,12.5,0.00,-2062.5,-0.55,159125,15.91,6
2556,Exit long,2026-05-15 09:00,MR_Long_Exit,7448.75,10,372325,112.5,0.03,0,112.5,0.03,-887.5,-0.24,159237.5,15.92,2
2556,Entry long,2026-05-15 08:00,MR_Long,7446.5,10,372325,112.5,0.03,0,112.5,0.03,-887.5,-0.24,159237.5,15.92,2
2557,Exit long,2026-05-15 10:00,MR_Long_Exit,7434.25,10,371625,87.5,0.02,0,87.5,0.02,-112.5,-0.03,159325,15.93,0
2557,Entry long,2026-05-15 10:00,MR_Long,7432.5,10,371625,87.5,0.02,0,87.5,0.02,-112.5,-0.03,159325,15.93,0
2558,Exit long,2026-05-17 19:30,MR_Long_Exit,7416.75,10,370725,112.5,0.03,0,112.5,0.03,0,0.00,159437.5,15.94,0
2558,Entry long,2026-05-17 19:30,MR_Long,7414.5,10,370725,112.5,0.03,0,112.5,0.03,0,0.00,159437.5,15.94,0
2559,Exit short,2026-05-18 09:00,MR_Short_Exit,7448,10,372500,100,0.03,0,100,0.03,-125,-0.03,159537.5,15.95,0
2559,Entry short,2026-05-18 09:00,MR_Short,7450,10,372500,100,0.03,0,100,0.03,-125,-0.03,159537.5,15.95,0
2560,Exit long,2026-05-18 15:00,MR_Long_Exit,7378.5,10,368825,100,0.03,0,100,0.03,-37.5,-0.01,159637.5,15.96,0
2560,Entry long,2026-05-18 15:00,MR_Long,7376.5,10,368825,100,0.03,0,100,0.03,-37.5,-0.01,159637.5,15.96,0
2561,Exit long,2026-05-19 10:30,Sq_Short,7363.25,10,368162.5,0,0.00,0,0,0.00,0,0.00,159637.5,15.96,0
2561,Entry long,2026-05-19 10:30,MR_Long,7363.25,10,368162.5,0,0.00,0,0,0.00,0,0.00,159637.5,15.96,0
2562,Exit short,2026-05-19 10:30,Sq_Short_Exit,7354.75,10,368162.5,425,0.12,0,475,0.13,0,0.00,160062.5,16.01,0
2562,Entry short,2026-05-19 10:30,Sq_Short,7363.25,10,368162.5,425,0.12,0,475,0.13,0,0.00,160062.5,16.01,0
2563,Exit short,2026-05-20 05:00,MR_Short_Exit,7394.5,10,369825,100,0.03,0,100,0.03,-362.5,-0.10,160162.5,16.02,1
2563,Entry short,2026-05-20 04:30,MR_Short,7396.5,10,369825,100,0.03,0,100,0.03,-362.5,-0.10,160162.5,16.02,1
2564,Exit short,2026-05-20 08:30,MR_Short_Exit,7410.25,10,370637.5,125,0.03,0,125,0.03,-175,-0.05,160287.5,16.03,0
2564,Entry short,2026-05-20 08:30,MR_Short,7412.75,10,370637.5,125,0.03,0,125,0.03,-175,-0.05,160287.5,16.03,0
2565,Exit short,2026-05-20 11:00,MR_Short_Exit,7428.75,10,371537.5,100,0.03,0,100,0.03,0,0.00,160387.5,16.04,0
2565,Entry short,2026-05-20 11:00,MR_Short,7430.75,10,371537.5,100,0.03,0,100,0.03,0,0.00,160387.5,16.04,0
2566,Exit short,2026-05-20 13:30,MR_Short_Exit,7438.5,10,372025,100,0.03,0,100,0.03,0,0.00,160487.5,16.05,0
2566,Entry short,2026-05-20 13:30,MR_Short,7440.5,10,372025,100,0.03,0,100,0.03,0,0.00,160487.5,16.05,0
2567,Exit short,2026-05-20 15:30,MR_Short_Exit,7445,10,372362.5,112.5,0.03,0,112.5,0.03,0,0.00,160600,16.06,0
2567,Entry short,2026-05-20 15:30,MR_Short,7447.25,10,372362.5,112.5,0.03,0,112.5,0.03,0,0.00,160600,16.06,0
2568,Exit short,2026-05-21 01:00,MR_Short_Exit,7451.25,10,372662.5,100,0.03,0,100,0.03,0,0.00,160700,16.07,0
2568,Entry short,2026-05-21 01:00,MR_Short,7453.25,10,372662.5,100,0.03,0,100,0.03,0,0.00,160700,16.07,0
2569,Exit short,2026-05-21 04:30,MR_Short_Exit,7457.5,10,372962.5,87.5,0.02,0,87.5,0.02,-25,-0.01,160787.5,16.08,0
2569,Entry short,2026-05-21 04:30,MR_Short,7459.25,10,372962.5,87.5,0.02,0,87.5,0.02,-25,-0.01,160787.5,16.08,0
2570,Exit short,2026-05-21 05:30,MR_Short_Exit,7460,10,373100,100,0.03,0,100,0.03,-87.5,-0.02,160887.5,16.09,0
2570,Entry short,2026-05-21 05:30,MR_Short,7462,10,373100,100,0.03,0,100,0.03,-87.5,-0.02,160887.5,16.09,0
2571,Exit long,2026-05-21 09:00,MR_Long_Exit,7421.5,10,370962.5,112.5,0.03,0,112.5,0.03,-87.5,-0.02,161000,16.10,0
2571,Entry long,2026-05-21 09:00,MR_Long,7419.25,10,370962.5,112.5,0.03,0,112.5,0.03,-87.5,-0.02,161000,16.10,0
2572,Exit short,2026-05-21 14:00,MR_Short_Exit,7472.5,10,373725,100,0.03,0,100,0.03,-212.5,-0.06,161100,16.11,0
2572,Entry short,2026-05-21 14:00,MR_Short,7474.5,10,373725,100,0.03,0,100,0.03,-212.5,-0.06,161100,16.11,0
2573,Exit short,2026-05-21 18:30,MR_Short_Exit,7471.25,10,373687.5,125,0.03,0,125,0.03,0,0.00,161225,16.12,0
2573,Entry short,2026-05-21 18:30,MR_Short,7473.75,10,373687.5,125,0.03,0,125,0.03,0,0.00,161225,16.12,0
2574,Exit short,2026-05-22 00:30,MR_Short_Exit,7490.75,10,374625,87.5,0.02,0,87.5,0.02,-62.5,-0.02,161312.5,16.13,0
2574,Entry short,2026-05-22 00:30,MR_Short,7492.5,10,374625,87.5,0.02,0,87.5,0.02,-62.5,-0.02,161312.5,16.13,0
2575,Exit short,2026-05-22 09:00,MR_Short_Exit,7501,10,375150,100,0.03,0,100,0.03,-237.5,-0.06,161412.5,16.14,0
2575,Entry short,2026-05-22 09:00,MR_Short,7503,10,375150,100,0.03,0,100,0.03,-237.5,-0.06,161412.5,16.14,0
2576,Exit long,2026-05-22 10:00,MR_Short,7510.25,10,375512.5,0,0.00,0,0,0.00,0,0.00,161412.5,16.14,0
2576,Entry long,2026-05-22 10:00,Sq_Long,7510.25,10,375512.5,0,0.00,0,0,0.00,0,0.00,161412.5,16.14,0
2577,Exit long,2026-05-22 11:30,Sq_Long_Exit,7514.5,10,375512.5,212.5,0.06,0,262.5,0.07,-1575,-0.42,161625,16.16,3
2577,Entry long,2026-05-22 10:00,Sq_Long,7510.25,10,375512.5,212.5,0.06,0,262.5,0.07,-1575,-0.42,161625,16.16,3
2578,Exit short,2026-05-22 12:00,MR_Short_Exit,7508.5,10,375550,125,0.03,0,125,0.03,-62.5,-0.02,161750,16.18,0
2578,Entry short,2026-05-22 12:00,MR_Short,7511,10,375550,125,0.03,0,125,0.03,-62.5,-0.02,161750,16.18,0
2579,Exit short,2026-05-22 13:30,MR_Short_Exit,7520.25,10,376112.5,100,0.03,0,100,0.03,-87.5,-0.02,161850,16.18,0
2579,Entry short,2026-05-22 13:30,MR_Short,7522.25,10,376112.5,100,0.03,0,100,0.03,-87.5,-0.02,161850,16.18,0
2580,Exit short,2026-05-25 08:00,MR_Short_Exit,7569,10,376425,-2025,-0.54,0,25,0.01,-2025,-0.54,159825,15.98,27
2580,Entry short,2026-05-24 18:30,MR_Short,7528.5,10,376425,-2025,-0.54,0,25,0.01,-2025,-0.54,159825,15.98,27
2581,Exit long,2026-05-25 19:30,MR_Long_Exit,7546.25,10,377212.5,100,0.03,0,100,0.03,-37.5,-0.01,159925,15.99,0
2581,Entry long,2026-05-25 19:30,MR_Long,7544.25,10,377212.5,100,0.03,0,100,0.03,-37.5,-0.01,159925,15.99,0
2582,Exit long,2026-05-25 20:30,Sq_Short,7541.5,10,377075,0,0.00,0,0,0.00,0,0.00,159925,15.99,0
2582,Entry long,2026-05-25 20:30,MR_Long,7541.5,10,377075,0,0.00,0,0,0.00,0,0.00,159925,15.99,0
2583,Exit short,2026-05-25 20:30,Sq_Short_Exit,7538.25,10,377075,162.5,0.04,0,212.5,0.06,-200,-0.05,160087.5,16.01,0
2583,Entry short,2026-05-25 20:30,Sq_Short,7541.5,10,377075,162.5,0.04,0,212.5,0.06,-200,-0.05,160087.5,16.01,0
2584,Exit long,2026-05-26 03:30,MR_Long_Exit,7532.75,10,376550,87.5,0.02,0,87.5,0.02,0,0.00,160175,16.02,0
2584,Entry long,2026-05-26 03:30,MR_Long,7531,10,376550,87.5,0.02,0,87.5,0.02,0,0.00,160175,16.02,0
2585,Exit long,2026-05-26 12:00,MR_Long_Exit,7525,10,376150,100,0.03,0,100,0.03,-162.5,-0.04,160275,16.03,0
2585,Entry long,2026-05-26 12:00,MR_Long,7523,10,376150,100,0.03,0,100,0.03,-162.5,-0.04,160275,16.03,0
2586,Exit long,2026-05-26 13:30,MR_Long_Exit,7521.75,10,375987.5,100,0.03,0,100,0.03,-75,-0.02,160375,16.04,0
2586,Entry long,2026-05-26 13:30,MR_Long,7519.75,10,375987.5,100,0.03,0,100,0.03,-75,-0.02,160375,16.04,0
2587,Exit short,2026-05-26 21:30,MR_Short_Exit,7545,10,377350,100,0.03,0,100,0.03,-25,-0.01,160475,16.05,0
2587,Entry short,2026-05-26 21:30,MR_Short,7547,10,377350,100,0.03,0,100,0.03,-25,-0.01,160475,16.05,0
2588,Exit short,2026-05-27 04:30,MR_Short_Exit,7555,10,377862.5,112.5,0.03,0,112.5,0.03,0,0.00,160587.5,16.06,0
2588,Entry short,2026-05-27 04:30,MR_Short,7557.25,10,377862.5,112.5,0.03,0,112.5,0.03,0,0.00,160587.5,16.06,0
2589,Exit long,2026-05-27 05:30,Sq_Long_Exit,7560.25,10,377850,162.5,0.04,0,212.5,0.06,-50,-0.01,160750,16.08,0
2589,Entry long,2026-05-27 05:30,Sq_Long,7557,10,377850,162.5,0.04,0,212.5,0.06,-50,-0.01,160750,16.08,0
2590,Exit short,2026-05-27 08:30,MR_Short_Exit,7564.75,10,378337.5,100,0.03,0,100,0.03,-75,-0.02,160850,16.09,0
2590,Entry short,2026-05-27 08:30,MR_Short,7566.75,10,378337.5,100,0.03,0,100,0.03,-75,-0.02,160850,16.09,0
2591,Exit long,2026-05-27 10:30,MR_Long_Exit,7535.5,10,376687.5,87.5,0.02,0,87.5,0.02,-400,-0.11,160937.5,16.09,0
2591,Entry long,2026-05-27 10:30,MR_Long,7533.75,10,376687.5,87.5,0.02,0,87.5,0.02,-400,-0.11,160937.5,16.09,0
2592,Exit long,2026-05-27 13:30,MR_Long_Exit,7526.75,10,376237.5,100,0.03,0,100,0.03,-12.5,0.00,161037.5,16.10,0
2592,Entry long,2026-05-27 13:30,MR_Long,7524.75,10,376237.5,100,0.03,0,100,0.03,-12.5,0.00,161037.5,16.10,0
2593,Exit long,2026-05-28 00:00,Sq_Short,7512.5,10,375625,0,0.00,0,0,0.00,0,0.00,161037.5,16.10,0
2593,Entry long,2026-05-28 00:00,MR_Long,7512.5,10,375625,0,0.00,0,0,0.00,0,0.00,161037.5,16.10,0
2594,Exit short,2026-05-28 00:00,Sq_Short_Exit,7506.75,10,375625,287.5,0.08,0,337.5,0.09,-112.5,-0.03,161325,16.13,0
2594,Entry short,2026-05-28 00:00,Sq_Short,7512.5,10,375625,287.5,0.08,0,337.5,0.09,-112.5,-0.03,161325,16.13,0
2595,Exit short,2026-05-28 10:30,MR_Short_Exit,7559.5,10,378075,100,0.03,0,100,0.03,-125,-0.03,161425,16.14,0
2595,Entry short,2026-05-28 10:30,MR_Short,7561.5,10,378075,100,0.03,0,100,0.03,-125,-0.03,161425,16.14,0
2596,Exit short,2026-05-29 10:00,MR_Short_Exit,7607,10,380437.5,87.5,0.02,0,87.5,0.02,-150,-0.04,161512.5,16.15,0
2596,Entry short,2026-05-29 10:00,MR_Short,7608.75,10,380437.5,87.5,0.02,0,87.5,0.02,-150,-0.04,161512.5,16.15,0
2597,Exit short,2026-05-31 20:30,MR_Short_Exit,7609.5,10,380575,100,0.03,0,100,0.03,0,0.00,161612.5,16.16,0
2597,Entry short,2026-05-31 20:30,MR_Short,7611.5,10,380575,100,0.03,0,100,0.03,0,0.00,161612.5,16.16,0
2598,Exit long,2026-05-31 22:00,Sq_Long_Exit,7613.5,10,380575,100,0.03,0,150,0.04,-162.5,-0.04,161712.5,16.17,2
2598,Entry long,2026-05-31 21:00,Sq_Long,7611.5,10,380575,100,0.03,0,150,0.04,-162.5,-0.04,161712.5,16.17,2
2599,Exit short,2026-05-31 22:30,MR_Short_Exit,7614.75,10,380837.5,100,0.03,0,100,0.03,-25,-0.01,161812.5,16.18,0
2599,Entry short,2026-05-31 22:30,MR_Short,7616.75,10,380837.5,100,0.03,0,100,0.03,-25,-0.01,161812.5,16.18,0
2600,Exit short,2026-06-01 01:00,MR_Short_Exit,7615.5,10,380875,100,0.03,0,100,0.03,-12.5,0.00,161912.5,16.19,0
2600,Entry short,2026-06-01 01:00,MR_Short,7617.5,10,380875,100,0.03,0,100,0.03,-12.5,0.00,161912.5,16.19,0
2601,Exit long,2026-06-01 09:30,Sq_Short,7583,10,379150,0,0.00,0,0,0.00,0,0.00,161912.5,16.19,0
2601,Entry long,2026-06-01 09:30,MR_Long,7583,10,379150,0,0.00,0,0,0.00,0,0.00,161912.5,16.19,0
2602,Exit short,2026-06-01 09:30,Sq_Short_Exit,7577,10,379150,300,0.08,0,350,0.09,0,0.00,162212.5,16.22,0
2602,Entry short,2026-06-01 09:30,Sq_Short,7583,10,379150,300,0.08,0,350,0.09,0,0.00,162212.5,16.22,0
2603,Exit short,2026-06-01 14:00,MR_Short_Exit,7622,10,381225,125,0.03,0,125,0.03,0,0.00,162337.5,16.23,0
2603,Entry short,2026-06-01 14:00,MR_Short,7624.5,10,381225,125,0.03,0,125,0.03,0,0.00,162337.5,16.23,0
2604,Exit long,2026-06-01 20:30,MR_Long_Exit,7589,10,379337.5,112.5,0.03,0,112.5,0.03,0,0.00,162450,16.25,0
2604,Entry long,2026-06-01 20:30,MR_Long,7586.75,10,379337.5,112.5,0.03,0,112.5,0.03,0,0.00,162450,16.25,0
2605,Exit short,2026-06-02 03:30,MR_Short_Exit,7602.25,10,380200,87.5,0.02,0,87.5,0.02,0,0.00,162537.5,16.25,0
2605,Entry short,2026-06-02 03:30,MR_Short,7604,10,380200,87.5,0.02,0,87.5,0.02,0,0.00,162537.5,16.25,0
2606,Exit long,2026-06-02 11:00,MR_Short,7625.25,10,381262.5,0,0.00,0,0,0.00,0,0.00,162537.5,16.25,0
2606,Entry long,2026-06-02 11:00,Sq_Long,7625.25,10,381262.5,0,0.00,0,0,0.00,0,0.00,162537.5,16.25,0
2607,Exit long,2026-06-02 11:00,Sq_Long_Exit,7631,10,381262.5,287.5,0.08,0,337.5,0.09,-187.5,-0.05,162825,16.28,0
2607,Entry long,2026-06-02 11:00,Sq_Long,7625.25,10,381262.5,287.5,0.08,0,337.5,0.09,-187.5,-0.05,162825,16.28,0
2608,Exit short,2026-06-02 16:30,Session Flatten,7626.25,10,381175,-137.5,-0.04,0,12.5,0.00,-325,-0.09,162687.5,16.27,1
2608,Entry short,2026-06-02 16:00,MR_Short,7623.5,10,381175,-137.5,-0.04,0,12.5,0.00,-325,-0.09,162687.5,16.27,1
2609,Exit long,2026-06-03 09:00,MR_Long_Exit,7609,10,380337.5,112.5,0.03,0,112.5,0.03,-75,-0.02,162800,16.28,0
2609,Entry long,2026-06-03 09:00,MR_Long,7606.75,10,380337.5,112.5,0.03,0,112.5,0.03,-75,-0.02,162800,16.28,0
2610,Exit short,2026-06-03 10:30,Sq_Short_Exit,7584.75,10,379300,62.5,0.02,0,112.5,0.03,-587.5,-0.15,162862.5,16.29,1
2610,Entry short,2026-06-03 10:00,Sq_Short,7586,10,379300,62.5,0.02,0,112.5,0.03,-587.5,-0.15,162862.5,16.29,1
2611,Exit long,2026-06-03 15:30,MR_Long_Exit,7577.75,10,378787.5,100,0.03,0,100,0.03,0,0.00,162962.5,16.30,0
2611,Entry long,2026-06-03 15:30,MR_Long,7575.75,10,378787.5,100,0.03,0,100,0.03,0,0.00,162962.5,16.30,0
2612,Exit short,2026-06-04 10:30,MR_Short_Exit,7566,10,378387.5,87.5,0.02,0,87.5,0.02,-112.5,-0.03,163050,16.31,0
2612,Entry short,2026-06-04 10:30,MR_Short,7567.75,10,378387.5,87.5,0.02,0,87.5,0.02,-112.5,-0.03,163050,16.31,0
2613,Exit long,2026-06-04 11:00,Sq_Long_Exit,7586.5,10,378487.5,837.5,0.22,0,887.5,0.23,-12.5,0.00,163887.5,16.39,0
2613,Entry long,2026-06-04 11:00,Sq_Long,7569.75,10,378487.5,837.5,0.22,0,887.5,0.23,-12.5,0.00,163887.5,16.39,0
2614,Exit long,2026-06-04 20:30,MR_Long_Exit,7566.5,10,378225,100,0.03,0,100,0.03,0,0.00,163987.5,16.40,0
2614,Entry long,2026-06-04 20:30,MR_Long,7564.5,10,378225,100,0.03,0,100,0.03,0,0.00,163987.5,16.40,0
2615,Exit long,2026-06-05 01:30,MR_Long_Exit,7561.75,10,377975,112.5,0.03,0,112.5,0.03,-137.5,-0.04,164100,16.41,0
2615,Entry long,2026-06-05 01:30,MR_Long,7559.5,10,377975,112.5,0.03,0,112.5,0.03,-137.5,-0.04,164100,16.41,0
2616,Exit long,2026-06-05 10:00,Sq_Short,7511.5,10,375575,0,0.00,0,0,0.00,0,0.00,164100,16.41,0
2616,Entry long,2026-06-05 10:00,MR_Long,7511.5,10,375575,0,0.00,0,0,0.00,0,0.00,164100,16.41,0
2617,Exit short,2026-06-05 10:00,Sq_Short_Exit,7506.75,10,375575,237.5,0.06,0,287.5,0.08,0,0.00,164337.5,16.43,0
2617,Entry short,2026-06-05 10:00,Sq_Short,7511.5,10,375575,237.5,0.06,0,287.5,0.08,0,0.00,164337.5,16.43,0
2618,Exit long,2026-06-07 21:30,MR_Long_Exit,7394.75,10,369650,87.5,0.02,0,87.5,0.02,-450,-0.12,164425,16.44,0
2618,Entry long,2026-06-07 21:30,MR_Long,7393,10,369650,87.5,0.02,0,87.5,0.02,-450,-0.12,164425,16.44,0
2619,Exit short,2026-06-08 07:30,MR_Short_Exit,7450,10,372612.5,112.5,0.03,0,112.5,0.03,-275,-0.07,164537.5,16.45,0
2619,Entry short,2026-06-08 07:30,MR_Short,7452.25,10,372612.5,112.5,0.03,0,112.5,0.03,-275,-0.07,164537.5,16.45,0
2620,Exit long,2026-06-08 08:30,Sq_Long_Exit,7457.75,10,372337.5,550,0.15,0,600,0.16,-37.5,-0.01,165087.5,16.51,1
2620,Entry long,2026-06-08 08:00,Sq_Long,7446.75,10,372337.5,550,0.15,0,600,0.16,-37.5,-0.01,165087.5,16.51,1
2621,Exit short,2026-06-08 11:00,MR_Short_Exit,7471.25,10,373662.5,100,0.03,0,100,0.03,-175,-0.05,165187.5,16.52,0
2621,Entry short,2026-06-08 11:00,MR_Short,7473.25,10,373662.5,100,0.03,0,100,0.03,-175,-0.05,165187.5,16.52,0
2622,Exit long,2026-06-08 18:30,MR_Long_Exit,7397.75,10,369775,112.5,0.03,0,112.5,0.03,-12.5,0.00,165300,16.53,0
2622,Entry long,2026-06-08 18:30,MR_Long,7395.5,10,369775,112.5,0.03,0,112.5,0.03,-12.5,0.00,165300,16.53,0
2623,Exit long,2026-06-08 21:00,MR_Long_Exit,7401.5,10,369975,100,0.03,0,100,0.03,-475,-0.13,165400,16.54,1
2623,Entry long,2026-06-08 20:30,MR_Long,7399.5,10,369975,100,0.03,0,100,0.03,-475,-0.13,165400,16.54,1
2624,Exit short,2026-06-09 04:30,MR_Short_Exit,7441.25,10,372162.5,100,0.03,0,100,0.03,0,0.00,165500,16.55,0
2624,Entry short,2026-06-09 04:30,MR_Short,7443.25,10,372162.5,100,0.03,0,100,0.03,0,0.00,165500,16.55,0
2625,Exit short,2026-06-09 05:30,MR_Short_Exit,7447.25,10,372475,112.5,0.03,0,112.5,0.03,-87.5,-0.02,165612.5,16.56,0
2625,Entry short,2026-06-09 05:30,MR_Short,7449.5,10,372475,112.5,0.03,0,112.5,0.03,-87.5,-0.02,165612.5,16.56,0
2626,Exit short,2026-06-09 09:30,MR_Short_Exit,7456.75,10,372925,87.5,0.02,0,87.5,0.02,0,0.00,165700,16.57,0
2626,Entry short,2026-06-09 09:30,MR_Short,7458.5,10,372925,87.5,0.02,0,87.5,0.02,0,0.00,165700,16.57,0
2627,Exit long,2026-06-09 11:00,MR_Long_Exit,7401,10,369962.5,87.5,0.02,0,87.5,0.02,0,0.00,165787.5,16.58,0
2627,Entry long,2026-06-09 11:00,MR_Long,7399.25,10,369962.5,87.5,0.02,0,87.5,0.02,0,0.00,165787.5,16.58,0
2628,Exit short,2026-06-09 11:30,Sq_Short_Exit,7312,10,366587.5,987.5,0.27,0,1037.5,0.28,-862.5,-0.24,166775,16.68,0
2628,Entry short,2026-06-09 11:30,Sq_Short,7331.75,10,366587.5,987.5,0.27,0,1037.5,0.28,-862.5,-0.24,166775,16.68,0
2629,Exit long,2026-06-10 05:00,MR_Long_Exit,7338.25,10,366825,87.5,0.02,0,87.5,0.02,0,0.00,166862.5,16.69,0
2629,Entry long,2026-06-10 05:00,MR_Long,7336.5,10,366825,87.5,0.02,0,87.5,0.02,0,0.00,166862.5,16.69,0
2630,Exit long,2026-06-10 07:30,MR_Long_Exit,7318.75,10,365837.5,100,0.03,0,100,0.03,0,0.00,166962.5,16.70,0
2630,Entry long,2026-06-10 07:30,MR_Long,7316.75,10,365837.5,100,0.03,0,100,0.03,0,0.00,166962.5,16.70,0
2631,Exit short,2026-06-10 10:30,MR_Short_Exit,7390.75,10,369625,87.5,0.02,0,87.5,0.02,-375,-0.10,167050,16.71,0
2631,Entry short,2026-06-10 10:30,MR_Short,7392.5,10,369625,87.5,0.02,0,87.5,0.02,-375,-0.10,167050,16.71,0
2632,Exit long,2026-06-10 15:00,MR_Long_Exit,7297,10,364762.5,87.5,0.02,0,87.5,0.02,0,0.00,167137.5,16.71,0
2632,Entry long,2026-06-10 15:00,MR_Long,7295.25,10,364762.5,87.5,0.02,0,87.5,0.02,0,0.00,167137.5,16.71,0
2633,Exit short,2026-06-11 03:00,MR_Short_Exit,7313.5,10,365787.5,112.5,0.03,0,112.5,0.03,0,0.00,167250,16.73,0
2633,Entry short,2026-06-11 03:00,MR_Short,7315.75,10,365787.5,112.5,0.03,0,112.5,0.03,0,0.00,167250,16.73,0
2634,Exit long,2026-06-11 11:00,MR_Long_Exit,7277.5,10,363762.5,112.5,0.03,0,112.5,0.03,-612.5,-0.17,167362.5,16.74,0
2634,Entry long,2026-06-11 11:00,MR_Long,7275.25,10,363762.5,112.5,0.03,0,112.5,0.03,-612.5,-0.17,167362.5,16.74,0
2635,Exit long,2026-06-11 14:00,MR_Short,7369,10,368450,0,0.00,0,0,0.00,0,0.00,167362.5,16.74,0
2635,Entry long,2026-06-11 14:00,Sq_Long,7369,10,368450,0,0.00,0,0,0.00,0,0.00,167362.5,16.74,0
2636,Exit long,2026-06-11 14:00,Sq_Long_Exit,7376.75,10,368450,387.5,0.11,0,437.5,0.12,0,0.00,167750,16.78,0
2636,Entry long,2026-06-11 14:00,Sq_Long,7369,10,368450,387.5,0.11,0,437.5,0.12,0,0.00,167750,16.78,0
2637,Exit short,2026-06-11 15:00,MR_Short_Exit,7375.5,10,368875,100,0.03,0,100,0.03,0,0.00,167850,16.79,0
2637,Entry short,2026-06-11 15:00,MR_Short,7377.5,10,368875,100,0.03,0,100,0.03,0,0.00,167850,16.79,0
2638,Exit short,2026-06-11 22:00,MR_Short_Exit,7408.25,10,370512.5,100,0.03,0,100,0.03,-237.5,-0.06,167950,16.79,0
2638,Entry short,2026-06-11 22:00,MR_Short,7410.25,10,370512.5,100,0.03,0,100,0.03,-237.5,-0.06,167950,16.79,0
2639,Exit long,2026-06-12 03:30,MR_Long_Exit,7382.25,10,369000,112.5,0.03,0,112.5,0.03,-87.5,-0.02,168062.5,16.81,0
2639,Entry long,2026-06-12 03:30,MR_Long,7380,10,369000,112.5,0.03,0,112.5,0.03,-87.5,-0.02,168062.5,16.81,0
2640,Exit short,2026-06-12 06:00,MR_Short_Exit,7434.25,10,371812.5,100,0.03,0,100,0.03,-750,-0.20,168162.5,16.82,1
2640,Entry short,2026-06-12 05:30,MR_Short,7436.25,10,371812.5,100,0.03,0,100,0.03,-750,-0.20,168162.5,16.82,1
2641,Exit short,2026-06-12 07:30,MR_Short_Exit,7436,10,371912.5,112.5,0.03,0,112.5,0.03,0,0.00,168275,16.83,0
2641,Entry short,2026-06-12 07:30,MR_Short,7438.25,10,371912.5,112.5,0.03,0,112.5,0.03,0,0.00,168275,16.83,0
2642,Exit short,2026-06-12 11:30,MR_Short_Exit,7456.75,10,372925,87.5,0.02,0,87.5,0.02,-37.5,-0.01,168362.5,16.84,0
2642,Entry short,2026-06-12 11:30,MR_Short,7458.5,10,372925,87.5,0.02,0,87.5,0.02,-37.5,-0.01,168362.5,16.84,0
2643,Exit long,2026-06-14 18:30,MR_Short,7558.25,10,377912.5,0,0.00,0,0,0.00,0,0.00,168362.5,16.84,0
2643,Entry long,2026-06-14 18:30,Sq_Long,7558.25,10,377912.5,0,0.00,0,0,0.00,0,0.00,168362.5,16.84,0
2644,Exit long,2026-06-14 18:30,Sq_Long_Exit,7561.5,10,377912.5,162.5,0.04,0,212.5,0.06,0,0.00,168525,16.85,0
2644,Entry long,2026-06-14 18:30,Sq_Long,7558.25,10,377912.5,162.5,0.04,0,212.5,0.06,0,0.00,168525,16.85,0
2645,Exit short,2026-06-15 10:00,MR_Short_Exit,7612.5,10,380700,75,0.02,0,75,0.02,-337.5,-0.09,168600,16.86,0
2645,Entry short,2026-06-15 10:00,MR_Short,7614,10,380700,75,0.02,0,75,0.02,-337.5,-0.09,168600,16.86,0
2646,Exit long,2026-06-15 11:00,Sq_Long_Exit,7633,10,381162.5,487.5,0.13,0,537.5,0.14,-12.5,0.00,169087.5,16.91,0
2646,Entry long,2026-06-15 11:00,Sq_Long,7623.25,10,381162.5,487.5,0.13,0,537.5,0.14,-12.5,0.00,169087.5,16.91,0
2647,Exit long,2026-06-16 16:30,Session Flatten,7582.75,10,380087.5,-950,-0.25,0,62.5,0.02,-1200,-0.32,168137.5,16.81,3
2647,Entry long,2026-06-16 15:00,MR_Long,7601.75,10,380087.5,-950,-0.25,0,62.5,0.02,-1200,-0.32,168137.5,16.81,3
2648,Exit long,2026-06-17 08:00,MR_Long_Exit,7588.5,10,379337.5,87.5,0.02,0,87.5,0.02,-25,-0.01,168225,16.82,0
2648,Entry long,2026-06-17 08:00,MR_Long,7586.75,10,379337.5,87.5,0.02,0,87.5,0.02,-25,-0.01,168225,16.82,0
2649,Exit long,2026-06-17 10:00,MR_Long_Exit,7583.25,10,379062.5,100,0.03,0,100,0.03,-137.5,-0.04,168325,16.83,0
2649,Entry long,2026-06-17 10:00,MR_Long,7581.25,10,379062.5,100,0.03,0,100,0.03,-137.5,-0.04,168325,16.83,0
2650,Exit long,2026-06-17 11:00,MR_Long_Exit,7574.25,10,378625,87.5,0.02,0,87.5,0.02,-225,-0.06,168412.5,16.84,0
2650,Entry long,2026-06-17 11:00,MR_Long,7572.5,10,378625,87.5,0.02,0,87.5,0.02,-225,-0.06,168412.5,16.84,0
2651,Exit long,2026-06-17 14:30,Sq_Short,7542.75,10,377137.5,0,0.00,0,0,0.00,0,0.00,168412.5,16.84,0
2651,Entry long,2026-06-17 14:30,MR_Long,7542.75,10,377137.5,0,0.00,0,0,0.00,0,0.00,168412.5,16.84,0
2652,Exit short,2026-06-17 14:30,Sq_Short_Exit,7532.5,10,377137.5,512.5,0.14,0,562.5,0.15,0,0.00,168925,16.89,0
2652,Entry short,2026-06-17 14:30,Sq_Short,7542.75,10,377137.5,512.5,0.14,0,562.5,0.15,0,0.00,168925,16.89,0
2653,Exit short,2026-06-18 09:30,MR_Short_Exit,7575,10,378850,100,0.03,0,100,0.03,-237.5,-0.06,169025,16.90,0
2653,Entry short,2026-06-18 09:30,MR_Short,7577,10,378850,100,0.03,0,100,0.03,-237.5,-0.06,169025,16.90,0
2654,Exit long,2026-06-18 23:30,Sq_Short,7538.5,10,376925,0,0.00,0,0,0.00,0,0.00,169025,16.90,0
2654,Entry long,2026-06-18 23:30,MR_Long,7538.5,10,376925,0,0.00,0,0,0.00,0,0.00,169025,16.90,0
2655,Exit short,2026-06-18 23:30,Sq_Short_Exit,7537,10,376925,75,0.02,0,125,0.03,0,0.00,169100,16.91,0
2655,Entry short,2026-06-18 23:30,Sq_Short,7538.5,10,376925,75,0.02,0,125,0.03,0,0.00,169100,16.91,0
2656,Exit short,2026-06-19 11:00,MR_Short_Exit,7563.25,10,378250,87.5,0.02,0,87.5,0.02,0,0.00,169187.5,16.92,0
2656,Entry short,2026-06-19 11:00,MR_Short,7565,10,378250,87.5,0.02,0,87.5,0.02,0,0.00,169187.5,16.92,0
2657,Exit long,2026-06-21 20:00,MR_Long_Exit,7528,10,376312.5,87.5,0.02,0,87.5,0.02,-662.5,-0.18,169275,16.93,1
2657,Entry long,2026-06-21 19:30,MR_Long,7526.25,10,376312.5,87.5,0.02,0,87.5,0.02,-662.5,-0.18,169275,16.93,1
2658,Exit long,2026-06-22 00:30,MR_Long_Exit,7533,10,376537.5,112.5,0.03,0,112.5,0.03,-112.5,-0.03,169387.5,16.94,0
2658,Entry long,2026-06-22 00:30,MR_Long,7530.75,10,376537.5,112.5,0.03,0,112.5,0.03,-112.5,-0.03,169387.5,16.94,0
2659,Exit short,2026-06-22 04:00,MR_Short_Exit,7559.75,10,378087.5,100,0.03,0,100,0.03,-287.5,-0.08,169487.5,16.95,2
2659,Entry short,2026-06-22 03:00,MR_Short,7561.75,10,378087.5,100,0.03,0,100,0.03,-287.5,-0.08,169487.5,16.95,2
2660,Exit short,2026-06-22 08:30,MR_Short_Exit,7572,10,378712.5,112.5,0.03,0,112.5,0.03,-112.5,-0.03,169600,16.96,0
2660,Entry short,2026-06-22 08:30,MR_Short,7574.25,10,378712.5,112.5,0.03,0,112.5,0.03,-112.5,-0.03,169600,16.96,0
2661,Exit short,2026-06-22 10:00,MR_Short_Exit,7571.25,10,378662.5,100,0.03,0,100,0.03,-1300,-0.34,169700,16.97,1
2661,Entry short,2026-06-22 09:30,MR_Short,7573.25,10,378662.5,100,0.03,0,100,0.03,-1300,-0.34,169700,16.97,1
2662,Exit long,2026-06-22 15:30,MR_Long_Exit,7532.5,10,376525,100,0.03,0,100,0.03,-125,-0.03,169800,16.98,0
2662,Entry long,2026-06-22 15:30,MR_Long,7530.5,10,376525,100,0.03,0,100,0.03,-125,-0.03,169800,16.98,0
2663,Exit long,2026-06-23 01:30,MR_Long_Exit,7471.5,10,375637.5,-2062.5,-0.55,0,50,0.01,-2062.5,-0.55,167737.5,16.77,5
2663,Entry long,2026-06-22 23:00,MR_Long,7512.75,10,375637.5,-2062.5,-0.55,0,50,0.01,-2062.5,-0.55,167737.5,16.77,5
2664,Exit long,2026-06-23 09:00,MR_Long_Exit,7434.5,10,371625,100,0.03,0,100,0.03,0,0.00,167837.5,16.78,0
2664,Entry long,2026-06-23 09:00,MR_Long,7432.5,10,371625,100,0.03,0,100,0.03,0,0.00,167837.5,16.78,0
2665,Exit short,2026-06-23 10:30,MR_Short_Exit,7481.75,10,374187.5,100,0.03,0,100,0.03,-112.5,-0.03,167937.5,16.79,0
2665,Entry short,2026-06-23 10:30,MR_Short,7483.75,10,374187.5,100,0.03,0,100,0.03,-112.5,-0.03,167937.5,16.79,0
2666,Exit short,2026-06-24 11:00,MR_Short_Exit,7491.5,10,374675,100,0.03,0,100,0.03,-150,-0.04,168037.5,16.80,0
2666,Entry short,2026-06-24 11:00,MR_Short,7493.5,10,374675,100,0.03,0,100,0.03,-150,-0.04,168037.5,16.80,0
2667,Exit long,2026-06-24 11:30,Sq_Long_Exit,7495.5,10,374675,100,0.03,0,150,0.04,0,0.00,168137.5,16.81,0
2667,Entry long,2026-06-24 11:30,Sq_Long,7493.5,10,374675,100,0.03,0,150,0.04,0,0.00,168137.5,16.81,0
2668,Exit long,2026-06-24 13:30,MR_Long_Exit,7418.75,10,370837.5,100,0.03,0,100,0.03,-450,-0.12,168237.5,16.82,0
2668,Entry long,2026-06-24 13:30,MR_Long,7416.75,10,370837.5,100,0.03,0,100,0.03,-450,-0.12,168237.5,16.82,0
2669,Exit long,2026-06-24 15:00,MR_Long_Exit,7417.5,10,370775,100,0.03,0,100,0.03,0,0.00,168337.5,16.83,0
2669,Entry long,2026-06-24 15:00,MR_Long,7415.5,10,370775,100,0.03,0,100,0.03,0,0.00,168337.5,16.83,0
2670,Exit short,2026-06-25 04:00,MR_Short_Exit,7486,10,374412.5,112.5,0.03,0,112.5,0.03,-150,-0.04,168450,16.85,0
2670,Entry short,2026-06-25 04:00,MR_Short,7488.25,10,374412.5,112.5,0.03,0,112.5,0.03,-150,-0.04,168450,16.85,0
2671,Exit long,2026-06-25 10:00,Sq_Short,7393.25,10,369662.5,0,0.00,0,0,0.00,0,0.00,168450,16.85,0
2671,Entry long,2026-06-25 10:00,MR_Long,7393.25,10,369662.5,0,0.00,0,0,0.00,0,0.00,168450,16.85,0
2672,Exit short,2026-06-25 10:00,Sq_Short_Exit,7434,10,369662.5,-2037.5,-0.55,0,50,0.01,-2037.5,-0.55,166412.5,16.64,0
2672,Entry short,2026-06-25 10:00,Sq_Short,7393.25,10,369662.5,-2037.5,-0.55,0,50,0.01,-2037.5,-0.55,166412.5,16.64,0
2673,Exit long,2026-06-25 13:00,MR_Long_Exit,7422.5,10,371025,100,0.03,0,100,0.03,-237.5,-0.06,166512.5,16.65,0
2673,Entry long,2026-06-25 13:00,MR_Long,7420.5,10,371025,100,0.03,0,100,0.03,-237.5,-0.06,166512.5,16.65,0
2674,Exit long,2026-06-25 22:30,MR_Long_Exit,7390.75,10,369450,87.5,0.02,0,87.5,0.02,0,0.00,166600,16.66,0
2674,Entry long,2026-06-25 22:30,MR_Long,7389,10,369450,87.5,0.02,0,87.5,0.02,0,0.00,166600,16.66,0
2675,Exit short,2026-06-25 23:00,Sq_Short_Exit,7365,10,368550,300,0.08,0,350,0.09,-37.5,-0.01,166900,16.69,0
2675,Entry short,2026-06-25 23:00,Sq_Short,7371,10,368550,300,0.08,0,350,0.09,-37.5,-0.01,166900,16.69,0
2676,Exit long,2026-06-26 02:00,MR_Long_Exit,7374,10,368612.5,87.5,0.02,0,87.5,0.02,-162.5,-0.04,166987.5,16.70,0
2676,Entry long,2026-06-26 02:00,MR_Long,7372.25,10,368612.5,87.5,0.02,0,87.5,0.02,-162.5,-0.04,166987.5,16.70,0
2677,Exit short,2026-06-26 10:30,MR_Short_Exit,7426.5,10,371437.5,112.5,0.03,0,112.5,0.03,-212.5,-0.06,167100,16.71,0
2677,Entry short,2026-06-26 10:30,MR_Short,7428.75,10,371437.5,112.5,0.03,0,112.5,0.03,-212.5,-0.06,167100,16.71,0
2678,Exit long,2026-06-26 11:30,MR_Short,7440.5,10,372025,0,0.00,0,0,0.00,0,0.00,167100,16.71,0
2678,Entry long,2026-06-26 11:30,Sq_Long,7440.5,10,372025,0,0.00,0,0,0.00,0,0.00,167100,16.71,0
2679,Exit long,2026-06-26 11:30,Sq_Long_Exit,7458.25,10,372025,887.5,0.24,0,937.5,0.25,-262.5,-0.07,167987.5,16.80,0
2679,Entry long,2026-06-26 11:30,Sq_Long,7440.5,10,372025,887.5,0.24,0,937.5,0.25,-262.5,-0.07,167987.5,16.80,0
2680,Exit short,2026-06-26 13:00,MR_Short_Exit,7436.25,10,371912.5,100,0.03,0,100,0.03,0,0.00,168087.5,16.81,0
2680,Entry short,2026-06-26 13:00,MR_Short,7438.25,10,371912.5,100,0.03,0,100,0.03,0,0.00,168087.5,16.81,0
2681,Exit short,2026-06-29 16:30,Session Flatten,7497.25,10,374587.5,-275,-0.07,0,87.5,0.02,-662.5,-0.18,167812.5,16.78,6
2681,Entry short,2026-06-29 13:30,MR_Short,7491.75,10,374587.5,-275,-0.07,0,87.5,0.02,-662.5,-0.18,167812.5,16.78,6
2682,Exit short,2026-06-30 10:00,MR_Short_Exit,7524.75,10,376337.5,100,0.03,0,100,0.03,-337.5,-0.09,167912.5,16.79,0
2682,Entry short,2026-06-30 10:00,MR_Short,7526.75,10,376337.5,100,0.03,0,100,0.03,-337.5,-0.09,167912.5,16.79,0
2683,Exit long,2026-06-30 11:30,MR_Short,7540.5,10,377025,0,0.00,0,0,0.00,0,0.00,167912.5,16.79,0
2683,Entry long,2026-06-30 11:30,Sq_Long,7540.5,10,377025,0,0.00,0,0,0.00,0,0.00,167912.5,16.79,0
2684,Exit long,2026-06-30 11:30,Sq_Long_Exit,7546.75,10,377025,312.5,0.08,0,362.5,0.10,-250,-0.07,168225,16.82,0
2684,Entry long,2026-06-30 11:30,Sq_Long,7540.5,10,377025,312.5,0.08,0,362.5,0.10,-250,-0.07,168225,16.82,0
2685,Exit long,2026-07-01 00:30,MR_Long_Exit,7534.75,10,376637.5,100,0.03,0,100,0.03,-762.5,-0.20,168325,16.83,5
2685,Entry long,2026-06-30 22:00,MR_Long,7532.75,10,376637.5,100,0.03,0,100,0.03,-762.5,-0.20,168325,16.83,5
2686,Exit long,2026-07-01 03:30,MR_Long_Exit,7520.75,10,375937.5,100,0.03,0,100,0.03,-62.5,-0.02,168425,16.84,0
2686,Entry long,2026-07-01 03:30,MR_Long,7518.75,10,375937.5,100,0.03,0,100,0.03,-62.5,-0.02,168425,16.84,0
2687,Exit short,2026-07-01 10:30,MR_Short_Exit,7549.75,10,377587.5,100,0.03,0,100,0.03,-187.5,-0.05,168525,16.85,0
2687,Entry short,2026-07-01 10:30,MR_Short,7551.75,10,377587.5,100,0.03,0,100,0.03,-187.5,-0.05,168525,16.85,0
2688,Exit long,2026-07-01 11:30,Sq_Long_Exit,7577.5,10,377662.5,1212.5,0.32,0,1262.5,0.33,-50,-0.01,169737.5,16.97,1
2688,Entry long,2026-07-01 11:00,Sq_Long,7553.25,10,377662.5,1212.5,0.32,0,1262.5,0.33,-50,-0.01,169737.5,16.97,1
2689,Exit long,2026-07-02 03:30,MR_Long_Exit,7527.25,10,376250,112.5,0.03,0,112.5,0.03,-37.5,-0.01,169850,16.99,0
2689,Entry long,2026-07-02 03:30,MR_Long,7525,10,376250,112.5,0.03,0,112.5,0.03,-37.5,-0.01,169850,16.99,0
2690,Exit short,2026-07-02 08:30,MR_Short_Exit,7555.75,10,377787.5,0,0.00,0,0,0.00,0,0.00,169850,16.99,0
2690,Entry short,2026-07-02 08:30,MR_Short,7555.75,10,377787.5,0,0.00,0,0,0.00,0,0.00,169850,16.99,0
2691,Exit short,2026-07-02 10:00,MR_Short_Exit,7586.75,10,379450,112.5,0.03,0,112.5,0.03,-237.5,-0.06,169962.5,17.00,0
2691,Entry short,2026-07-02 10:00,MR_Short,7589,10,379450,112.5,0.03,0,112.5,0.03,-237.5,-0.06,169962.5,17.00,0
2692,Exit long,2026-07-02 15:30,MR_Long_Exit,7517.5,10,375800,75,0.02,0,75,0.02,-1812.5,-0.48,170037.5,17.00,6
2692,Entry long,2026-07-02 12:30,MR_Long,7516,10,375800,75,0.02,0,75,0.02,-1812.5,-0.48,170037.5,17.00,6
2693,Exit short,2026-07-03 05:00,MR_Short_Exit,7545.75,10,377375,87.5,0.02,0,87.5,0.02,-887.5,-0.24,170125,17.01,15
2693,Entry short,2026-07-02 21:30,MR_Short,7547.5,10,377375,87.5,0.02,0,87.5,0.02,-887.5,-0.24,170125,17.01,15
2694,Exit short,2026-07-05 20:00,MR_Short_Exit,7567.75,10,378500,112.5,0.03,0,112.5,0.03,-200,-0.05,170237.5,17.02,0
2694,Entry short,2026-07-05 20:00,MR_Short,7570,10,378500,112.5,0.03,0,112.5,0.03,-200,-0.05,170237.5,17.02,0
2695,Exit long,2026-07-06 00:00,MR_Long_Exit,7544,10,377125,75,0.02,0,75,0.02,-137.5,-0.04,170312.5,17.03,0
2695,Entry long,2026-07-06 00:00,MR_Long,7542.5,10,377125,75,0.02,0,75,0.02,-137.5,-0.04,170312.5,17.03,0
2696,Exit short,2026-07-06 10:30,MR_Short_Exit,7576.75,10,378937.5,100,0.03,0,100,0.03,-187.5,-0.05,170412.5,17.04,0
2696,Entry short,2026-07-06 10:30,MR_Short,7578.75,10,378937.5,100,0.03,0,100,0.03,-187.5,-0.05,170412.5,17.04,0
2697,Exit long,2026-07-06 11:00,Sq_Long_Exit,7586.25,10,379112.5,200,0.05,0,250,0.07,0,0.00,170612.5,17.06,0
2697,Entry long,2026-07-06 11:00,Sq_Long,7582.25,10,379112.5,200,0.05,0,250,0.07,0,0.00,170612.5,17.06,0
2698,Exit short,2026-07-06 14:30,MR_Short_Exit,7590,10,379612.5,112.5,0.03,0,112.5,0.03,0,0.00,170725,17.07,0
2698,Entry short,2026-07-06 14:30,MR_Short,7592.25,10,379612.5,112.5,0.03,0,112.5,0.03,0,0.00,170725,17.07,0
2699,Exit long,2026-07-07 03:00,MR_Long_Exit,7577.25,10,378762.5,100,0.03,0,100,0.03,-612.5,-0.16,170825,17.08,7
2699,Entry long,2026-07-06 23:30,MR_Long,7575.25,10,378762.5,100,0.03,0,100,0.03,-612.5,-0.16,170825,17.08,7
2700,Exit long,2026-07-07 10:30,Sq_Short,7544.5,10,377225,0,0.00,0,0,0.00,0,0.00,170825,17.08,0
2700,Entry long,2026-07-07 10:30,MR_Long,7544.5,10,377225,0,0.00,0,0,0.00,0,0.00,170825,17.08,0
2701,Exit short,2026-07-07 10:30,Sq_Short_Exit,7530.5,10,377225,700,0.19,0,750,0.20,-162.5,-0.04,171525,17.15,0
2701,Entry short,2026-07-07 10:30,Sq_Short,7544.5,10,377225,700,0.19,0,750,0.20,-162.5,-0.04,171525,17.15,0
2702,Exit long,2026-07-07 15:30,MR_Long_Exit,7546.25,10,377200,112.5,0.03,0,112.5,0.03,-137.5,-0.04,171637.5,17.16,0
2702,Entry long,2026-07-07 15:30,MR_Long,7544,10,377200,112.5,0.03,0,112.5,0.03,-137.5,-0.04,171637.5,17.16,0
2703,Exit long,2026-07-08 04:30,Sq_Short,7497.25,10,374862.5,0,0.00,0,0,0.00,0,0.00,171637.5,17.16,0
2703,Entry long,2026-07-08 04:30,MR_Long,7497.25,10,374862.5,0,0.00,0,0,0.00,0,0.00,171637.5,17.16,0
2704,Exit short,2026-07-08 04:30,Sq_Short_Exit,7478.25,10,374862.5,950,0.25,0,1000,0.27,-87.5,-0.02,172587.5,17.26,0
2704,Entry short,2026-07-08 04:30,Sq_Short,7497.25,10,374862.5,950,0.25,0,1000,0.27,-87.5,-0.02,172587.5,17.26,0
2705,Exit long,2026-07-08 11:30,MR_Long_Exit,7476,10,373712.5,87.5,0.02,0,87.5,0.02,-250,-0.07,172675,17.27,0
2705,Entry long,2026-07-08 11:30,MR_Long,7474.25,10,373712.5,87.5,0.02,0,87.5,0.02,-250,-0.07,172675,17.27,0
2706,Exit short,2026-07-08 13:30,MR_Short_Exit,7530.5,10,376637.5,112.5,0.03,0,112.5,0.03,-187.5,-0.05,172787.5,17.28,0
2706,Entry short,2026-07-08 13:30,MR_Short,7532.75,10,376637.5,112.5,0.03,0,112.5,0.03,-187.5,-0.05,172787.5,17.28,0
2707,Exit short,2026-07-08 15:00,MR_Short_Exit,7526.25,10,376425,112.5,0.03,0,112.5,0.03,-200,-0.05,172900,17.29,0
2707,Entry short,2026-07-08 15:00,MR_Short,7528.5,10,376425,112.5,0.03,0,112.5,0.03,-200,-0.05,172900,17.29,0
2708,Exit short,2026-07-09 02:00,MR_Short_Exit,7550.5,10,377612.5,87.5,0.02,0,87.5,0.02,-62.5,-0.02,172987.5,17.30,0
2708,Entry short,2026-07-09 02:00,MR_Short,7552.25,10,377612.5,87.5,0.02,0,87.5,0.02,-62.5,-0.02,172987.5,17.30,0
2709,Exit short,2026-07-09 04:00,MR_Short_Exit,7551.5,10,377675,100,0.03,0,100,0.03,0,0.00,173087.5,17.31,0
2709,Entry short,2026-07-09 04:00,MR_Short,7553.5,10,377675,100,0.03,0,100,0.03,0,0.00,173087.5,17.31,0
2710,Exit short,2026-07-09 11:30,MR_Short_Exit,7570.75,10,378650,112.5,0.03,0,112.5,0.03,0,0.00,173200,17.32,0
2710,Entry short,2026-07-09 11:30,MR_Short,7573,10,378650,112.5,0.03,0,112.5,0.03,0,0.00,173200,17.32,0
2711,Exit long,2026-07-09 12:00,Sq_Long_Exit,7582.75,10,378700,437.5,0.12,0,487.5,0.13,-12.5,0.00,173637.5,17.36,0
2711,Entry long,2026-07-09 12:00,Sq_Long,7574,10,378700,437.5,0.12,0,487.5,0.13,-12.5,0.00,173637.5,17.36,0
2712,Exit long,2026-07-10 02:30,MR_Long_Exit,7573.5,10,378587.5,87.5,0.02,0,87.5,0.02,-62.5,-0.02,173725,17.37,0
2712,Entry long,2026-07-10 02:30,MR_Long,7571.75,10,378587.5,87.5,0.02,0,87.5,0.02,-62.5,-0.02,173725,17.37,0
2713,Exit short,2026-07-10 07:00,MR_Short_Exit,7588.25,10,379512.5,100,0.03,0,100,0.03,-100,-0.03,173825,17.38,0
2713,Entry short,2026-07-10 07:00,MR_Short,7590.25,10,379512.5,100,0.03,0,100,0.03,-100,-0.03,173825,17.38,0
2714,Exit long,2026-07-10 10:00,MR_Short,7601.5,10,380075,0,0.00,0,0,0.00,0,0.00,173825,17.38,0
2714,Entry long,2026-07-10 10:00,Sq_Long,7601.5,10,380075,0,0.00,0,0,0.00,0,0.00,173825,17.38,0
2715,Exit long,2026-07-10 10:00,Sq_Long_Exit,7604.75,10,380075,162.5,0.04,0,212.5,0.06,0,0.00,173987.5,17.40,0
2715,Entry long,2026-07-10 10:00,Sq_Long,7601.5,10,380075,162.5,0.04,0,212.5,0.06,0,0.00,173987.5,17.40,0
2716,Exit short,2026-07-10 11:30,MR_Short_Exit,7603.25,10,380262.5,100,0.03,0,100,0.03,-62.5,-0.02,174087.5,17.41,0
2716,Entry short,2026-07-10 11:30,MR_Short,7605.25,10,380262.5,100,0.03,0,100,0.03,-62.5,-0.02,174087.5,17.41,0
2717,Exit short,2026-07-10 13:00,MR_Short_Exit,7610.5,10,380637.5,112.5,0.03,0,112.5,0.03,-25,-0.01,174200,17.42,0
2717,Entry short,2026-07-10 13:00,MR_Short,7612.75,10,380637.5,112.5,0.03,0,112.5,0.03,-25,-0.01,174200,17.42,0
2718,Exit long,2026-07-13 03:00,MR_Long_Exit,7588,10,379312.5,87.5,0.02,0,87.5,0.02,-1000,-0.26,174287.5,17.43,8
2718,Entry long,2026-07-12 23:00,MR_Long,7586.25,10,379312.5,87.5,0.02,0,87.5,0.02,-1000,-0.26,174287.5,17.43,8
2719,Exit short,2026-07-13 10:00,MR_Short_Exit,7605.25,10,380362.5,100,0.03,0,100,0.03,-162.5,-0.04,174387.5,17.44,0
2719,Entry short,2026-07-13 10:00,MR_Short,7607.25,10,380362.5,100,0.03,0,100,0.03,-162.5,-0.04,174387.5,17.44,0
2720,Exit long,2026-07-13 12:30,MR_Long_Exit,7575.75,10,378700,87.5,0.02,0,87.5,0.02,0,0.00,174475,17.45,0
2720,Entry long,2026-07-13 12:30,MR_Long,7574,10,378700,87.5,0.02,0,87.5,0.02,0,0.00,174475,17.45,0
2721,Exit short,2026-07-13 14:00,Sq_Short_Exit,7562.75,10,378487.5,350,0.09,0,400,0.11,-225,-0.06,174825,17.48,1
2721,Entry short,2026-07-13 13:30,Sq_Short,7569.75,10,378487.5,350,0.09,0,400,0.11,-225,-0.06,174825,17.48,1
2722,Exit long,2026-07-14 11:30,MR_Short,7597,10,379850,0,0.00,0,0,0.00,0,0.00,174825,17.48,0
2722,Entry long,2026-07-14 11:30,Sq_Long,7597,10,379850,0,0.00,0,0,0.00,0,0.00,174825,17.48,0
2723,Exit long,2026-07-14 11:30,Sq_Long_Exit,7598.75,10,379850,87.5,0.02,0,137.5,0.04,0,0.00,174912.5,17.49,0
2723,Entry long,2026-07-14 11:30,Sq_Long,7597,10,379850,87.5,0.02,0,137.5,0.04,0,0.00,174912.5,17.49,0
2724,Exit long,2026-07-15 12:30,MR_Long_Exit,7580,10,378900,100,0.03,0,100,0.03,-312.5,-0.08,175012.5,17.50,0
2724,Entry long,2026-07-15 12:30,MR_Long,7578,10,378900,100,0.03,0,100,0.03,-312.5,-0.08,175012.5,17.50,0
2725,Exit long,2026-07-16 04:00,MR_Long_Exit,7603.75,10,380087.5,100,0.03,0,100,0.03,0,0.00,175112.5,17.51,0
2725,Entry long,2026-07-16 04:00,MR_Long,7601.75,10,380087.5,100,0.03,0,100,0.03,0,0.00,175112.5,17.51,0
2726,Exit long,2026-07-16 09:30,MR_Long_Exit,7602,10,380000,100,0.03,0,100,0.03,-975,-0.26,175212.5,17.52,4
2726,Entry long,2026-07-16 07:30,MR_Long,7600,10,380000,100,0.03,0,100,0.03,-975,-0.26,175212.5,17.52,4
2727,Exit long,2026-07-16 10:00,MR_Long_Exit,7590,10,379387.5,112.5,0.03,0,112.5,0.03,-125,-0.03,175325,17.53,0
2727,Entry long,2026-07-16 10:00,MR_Long,7587.75,10,379387.5,112.5,0.03,0,112.5,0.03,-125,-0.03,175325,17.53,0
2728,Exit long,2026-07-16 15:00,MR_Long_Exit,7573.5,10,378562.5,112.5,0.03,0,112.5,0.03,0,0.00,175437.5,17.54,0
2728,Entry long,2026-07-16 15:00,MR_Long,7571.25,10,378562.5,112.5,0.03,0,112.5,0.03,0,0.00,175437.5,17.54,0
2729,Exit long,2026-07-16 23:30,MR_Long_Exit,7525,10,378312.5,-2062.5,-0.55,0,37.5,0.01,-2062.5,-0.55,173375,17.34,9
2729,Entry long,2026-07-16 19:00,MR_Long,7566.25,10,378312.5,-2062.5,-0.55,0,37.5,0.01,-2062.5,-0.55,173375,17.34,9
2730,Exit long,2026-07-17 09:30,MR_Long_Exit,7487,10,374250,100,0.03,0,100,0.03,-600,-0.16,173475,17.35,0
2730,Entry long,2026-07-17 09:30,MR_Long,7485,10,374250,100,0.03,0,100,0.03,-600,-0.16,173475,17.35,0
2731,Exit short,2026-07-20 08:00,MR_Short_Exit,7533.75,10,376775,87.5,0.02,0,87.5,0.02,-37.5,-0.01,173562.5,17.36,0
2731,Entry short,2026-07-20 08:00,MR_Short,7535.5,10,376775,87.5,0.02,0,87.5,0.02,-37.5,-0.01,173562.5,17.36,0
2732,Exit short,2026-07-20 09:30,MR_Short_Exit,7532.25,10,376725,112.5,0.03,0,112.5,0.03,0,0.00,173675,17.37,0
2732,Entry short,2026-07-20 09:30,MR_Short,7534.5,10,376725,112.5,0.03,0,112.5,0.03,0,0.00,173675,17.37,0
2733,Exit long,2026-07-20 15:00,MR_Long_Exit,7492.5,10,374537.5,87.5,0.02,0,87.5,0.02,0,0.00,173762.5,17.38,0
2733,Entry long,2026-07-20 15:00,MR_Long,7490.75,10,374537.5,87.5,0.02,0,87.5,0.02,0,0.00,173762.5,17.38,0
2734,Exit short,2026-07-20 15:30,Sq_Short_Exit,7481.5,10,374537.5,462.5,0.12,0,512.5,0.14,-337.5,-0.09,174225,17.42,0
2734,Entry short,2026-07-20 15:30,Sq_Short,7490.75,10,374537.5,462.5,0.12,0,512.5,0.14,-337.5,-0.09,174225,17.42,0
2735,Exit short,2026-07-21 01:00,MR_Short_Exit,7511,10,375650,100,0.03,0,100,0.03,-212.5,-0.06,174325,17.43,2
2735,Entry short,2026-07-21 00:00,MR_Short,7513,10,375650,100,0.03,0,100,0.03,-212.5,-0.06,174325,17.43,2
2736,Exit short,2026-07-21 11:30,MR_Short_Exit,7541.75,10,377175,87.5,0.02,0,87.5,0.02,-25,-0.01,174412.5,17.44,0
2736,Entry short,2026-07-21 11:30,MR_Short,7543.5,10,377175,87.5,0.02,0,87.5,0.02,-25,-0.01,174412.5,17.44,0
2737,Exit long,2026-07-21 12:30,MR_Short,7549.75,10,377487.5,0,0.00,0,0,0.00,0,0.00,174412.5,17.44,0
2737,Entry long,2026-07-21 12:30,Sq_Long,7549.75,10,377487.5,0,0.00,0,0,0.00,0,0.00,174412.5,17.44,0
2738,Exit long,2026-07-21 12:30,Sq_Long_Exit,7553.25,10,377487.5,175,0.05,0,225,0.06,-125,-0.03,174587.5,17.46,0
2738,Entry long,2026-07-21 12:30,Sq_Long,7549.75,10,377487.5,175,0.05,0,225,0.06,-125,-0.03,174587.5,17.46,0
2739,Exit long,2026-07-22 02:30,MR_Long_Exit,7526.5,10,376225,100,0.03,0,100,0.03,-175,-0.05,174687.5,17.47,0
2739,Entry long,2026-07-22 02:30,MR_Long,7524.5,10,376225,100,0.03,0,100,0.03,-175,-0.05,174687.5,17.47,0
2740,Exit long,2026-07-22 08:00,MR_Long_Exit,7519.25,10,375875,87.5,0.02,0,87.5,0.02,0,0.00,174775,17.48,0
2740,Entry long,2026-07-22 08:00,MR_Long,7517.5,10,375875,87.5,0.02,0,87.5,0.02,0,0.00,174775,17.48,0
2741,Exit short,2026-07-22 10:00,MR_Short_Exit,7548,10,377487.5,87.5,0.02,0,87.5,0.02,-325,-0.09,174862.5,17.49,0
2741,Entry short,2026-07-22 10:00,MR_Short,7549.75,10,377487.5,87.5,0.02,0,87.5,0.02,-325,-0.09,174862.5,17.49,0
2742,Exit short,2026-07-22 11:30,MR_Short_Exit,7555,10,377850,100,0.03,0,100,0.03,-187.5,-0.05,174962.5,17.50,0
2742,Entry short,2026-07-22 11:30,MR_Short,7557,10,377850,100,0.03,0,100,0.03,-187.5,-0.05,174962.5,17.50,0
2743,Exit long,2026-07-22 18:30,MR_Long_Exit,7524.25,10,376112.5,100,0.03,0,100,0.03,0,0.00,175062.5,17.51,0
2743,Entry long,2026-07-22 18:30,MR_Long,7522.25,10,376112.5,100,0.03,0,100,0.03,0,0.00,175062.5,17.51,0
2744,Exit long,2026-07-23 04:00,MR_Long_Exit,7511.5,10,375475,100,0.03,0,100,0.03,-712.5,-0.19,175162.5,17.52,1
2744,Entry long,2026-07-23 03:30,MR_Long,7509.5,10,375475,100,0.03,0,100,0.03,-712.5,-0.19,175162.5,17.52,1
2745,Exit long,2026-07-23 09:00,MR_Long_Exit,7458.75,10,375000,-2062.5,-0.55,0,75,0.02,-2062.5,-0.55,173100,17.31,2
2745,Entry long,2026-07-23 08:00,MR_Long,7500,10,375000,-2062.5,-0.55,0,75,0.02,-2062.5,-0.55,173100,17.31,2